oregano_id	oregano_label	hetionet_id	match_status
COMPOUND:1000	Minocycline	Compound::DB01017	MATCHED
COMPOUND:1001	guanfacine	Compound::DB01018	MATCHED
COMPOUND:1002	bethanechol	Compound::DB01019	MATCHED
COMPOUND:1003	isosorbide mononitrate	Compound::DB01020	MATCHED
COMPOUND:1004	trichlormethiazide	Compound::DB01021	MATCHED
COMPOUND:1006	Felodipine	Compound::DB01023	MATCHED
COMPOUND:1007	mycophenolic acid	Compound::DB01024	MATCHED
COMPOUND:1008	Amlexanox	Compound::DB01025	MATCHED
COMPOUND:1009	Ketoconazole	Compound::DB01026	MATCHED
COMPOUND:1010	methoxyflurane	Compound::DB01028	MATCHED
COMPOUND:1011	irbesartan	Compound::DB01029	MATCHED
COMPOUND:1012	topotecan	Compound::DB01030	MATCHED
COMPOUND:1013	Ethinamate	Compound::DB01031	MATCHED
COMPOUND:1014	probenecid	Compound::DB01032	MATCHED
COMPOUND:1015	mercaptopurine	Compound::DB01033	MATCHED
COMPOUND:1016	Cerulenin	Compound::DB01034	MATCHED
COMPOUND:1017	procainamide	Compound::DB01035	MATCHED
COMPOUND:1018	tolterodine	Compound::DB01036	MATCHED
COMPOUND:1019	selegiline	Compound::DB01037	MATCHED
COMPOUND:1021	Fenofibrate	Compound::DB01039	MATCHED
COMPOUND:1022	thalidomide	Compound::DB01041	MATCHED
COMPOUND:1023	melphalan	Compound::DB01042	MATCHED
COMPOUND:1024	memantine	Compound::DB01043	MATCHED
COMPOUND:1025	Gatifloxacin	Compound::DB01044	MATCHED
COMPOUND:1026	Rifampicin	Compound::DB01045	MATCHED
COMPOUND:1027	lubiprostone	Compound::DB01046	MATCHED
COMPOUND:1028	Fluocinonide	Compound::DB01047	MATCHED
COMPOUND:1029	Abacavir	Compound::DB01048	MATCHED
COMPOUND:10295	reboxetine	Compound::DB00234	MATCHED
COMPOUND:1030	Ergoloid mesylate	Compound::DB01049	MATCHED
COMPOUND:1031	Ibuprofen	Compound::DB01050	MATCHED
COMPOUND:1032	Novobiocin	Compound::DB01051	MATCHED
COMPOUND:1033	Benzylpenicillin	Compound::DB01053	MATCHED
COMPOUND:1034	nitrendipine	Compound::DB01054	MATCHED
COMPOUND:1035	Mimosine	Compound::DB01055	MATCHED
COMPOUND:1036	tocainide	Compound::DB01056	MATCHED
COMPOUND:1037	Echothiophate	Compound::DB01057	MATCHED
COMPOUND:1038	praziquantel	Compound::DB01058	MATCHED
COMPOUND:1039	norfloxacin	Compound::DB01059	MATCHED
COMPOUND:1040	Amoxicillin	Compound::DB01060	MATCHED
COMPOUND:1041	Azlocillin	Compound::DB01061	MATCHED
COMPOUND:1042	oxybutynin	Compound::DB01062	MATCHED
COMPOUND:1043	acetophenazine	Compound::DB01063	MATCHED
COMPOUND:1045	melatonin	Compound::DB01065	MATCHED
COMPOUND:1046	cefditoren	Compound::DB01066	MATCHED
COMPOUND:1047	glipizide	Compound::DB01067	MATCHED
COMPOUND:1048	clonazepam	Compound::DB01068	MATCHED
COMPOUND:1049	Promethazine	Compound::DB01069	MATCHED
COMPOUND:1050	dihydrotachysterol	Compound::DB01070	MATCHED
COMPOUND:1051	mequitazine	Compound::DB01071	MATCHED
COMPOUND:1052	atazanavir	Compound::DB01072	MATCHED
COMPOUND:1053	fludarabine	Compound::DB01073	MATCHED
COMPOUND:1054	perhexiline	Compound::DB01074	MATCHED
COMPOUND:1055	Diphenhydramine	Compound::DB01075	MATCHED
COMPOUND:1056	atorvastatin	Compound::DB01076	MATCHED
COMPOUND:1057	etidronic acid	Compound::DB01077	MATCHED
COMPOUND:1058	deslanoside	Compound::DB01078	MATCHED
COMPOUND:1060	vigabatrin	Compound::DB01080	MATCHED
COMPOUND:1061	diphenoxylate	Compound::DB01081	MATCHED
COMPOUND:1062	Streptomycin	Compound::DB01082	MATCHED
COMPOUND:1063	orlistat	Compound::DB01083	MATCHED
COMPOUND:1064	emedastine	Compound::DB01084	MATCHED
COMPOUND:1065	Pilocarpine	Compound::DB01085	MATCHED
COMPOUND:1066	Benzocaine	Compound::DB01086	MATCHED
COMPOUND:1067	primaquine	Compound::DB01087	MATCHED
COMPOUND:1068	iloprost	Compound::DB01088	MATCHED
COMPOUND:1069	Deserpidine	Compound::DB01089	MATCHED
COMPOUND:107	cyanocobalamin	Compound::DB00115	MATCHED
COMPOUND:1070	pentolinium	Compound::DB01090	MATCHED
COMPOUND:1071	butenafine	Compound::DB01091	MATCHED
COMPOUND:1072	ouabain	Compound::DB01092	MATCHED
COMPOUND:1073	Dimethyl sulfoxide	Compound::DB01093	MATCHED
COMPOUND:1074	hesperetin	Compound::DB01094	MATCHED
COMPOUND:1075	fluvastatin	Compound::DB01095	MATCHED
COMPOUND:1076	oxamniquine	Compound::DB01096	MATCHED
COMPOUND:1077	leflunomide	Compound::DB01097	MATCHED
COMPOUND:1078	Rosuvastatin	Compound::DB01098	MATCHED
COMPOUND:1079	Flucytosine	Compound::DB01099	MATCHED
COMPOUND:108	Tetrahydrofolic acid	Compound::DB00116	MATCHED
COMPOUND:1080	pimozide	Compound::DB01100	MATCHED
COMPOUND:1081	capecitabine	Compound::DB01101	MATCHED
COMPOUND:1082	arbutamine	Compound::DB01102	MATCHED
COMPOUND:1083	quinacrine	Compound::DB01103	MATCHED
COMPOUND:1084	sertraline	Compound::DB01104	MATCHED
COMPOUND:1085	sibutramine	Compound::DB01105	MATCHED
COMPOUND:1086	Levocabastine	Compound::DB01106	MATCHED
COMPOUND:1087	methyprylon	Compound::DB01107	MATCHED
COMPOUND:1088	trilostane	Compound::DB01108	MATCHED
COMPOUND:109	l-histidine	Compound::DB00117	MATCHED
COMPOUND:1090	miconazole	Compound::DB01110	MATCHED
COMPOUND:1091	Colistimethate	Compound::DB01111	MATCHED
COMPOUND:1092	Cefuroxime	Compound::DB01112	MATCHED
COMPOUND:1093	papaverine	Compound::DB01113	MATCHED
COMPOUND:1095	Nifedipine	Compound::DB01115	MATCHED
COMPOUND:1096	trimethaphan	Compound::DB01116	MATCHED
COMPOUND:1097	atovaquone	Compound::DB01117	MATCHED
COMPOUND:1098	amiodarone	Compound::DB01118	MATCHED
COMPOUND:1099	Diazoxide	Compound::DB01119	MATCHED
COMPOUND:1100	gliclazide	Compound::DB01120	MATCHED
COMPOUND:1101	phenacemide	Compound::DB01121	MATCHED
COMPOUND:1102	ambenonium	Compound::DB01122	MATCHED
COMPOUND:1103	proflavine	Compound::DB01123	MATCHED
COMPOUND:1104	Tolbutamide	Compound::DB01124	MATCHED
COMPOUND:11043	troleandomycin	Compound::DB01361	MATCHED
COMPOUND:1105	Anisindione	Compound::DB01125	MATCHED
COMPOUND:1106	dutasteride	Compound::DB01126	MATCHED
COMPOUND:1107	Econazole	Compound::DB01127	MATCHED
COMPOUND:1108	Bicalutamide	Compound::DB01128	MATCHED
COMPOUND:1109	Rabeprazole	Compound::DB01129	MATCHED
COMPOUND:111	pyruvic acid	Compound::DB00119	MATCHED
COMPOUND:1110	prednicarbate	Compound::DB01130	MATCHED
COMPOUND:1111	proguanil	Compound::DB01131	MATCHED
COMPOUND:1112	Pioglitazone	Compound::DB01132	MATCHED
COMPOUND:1113	tiludronate	Compound::DB01133	MATCHED
COMPOUND:11152	Atracurium	Compound::DB00732	MATCHED
COMPOUND:1116	carvedilol	Compound::DB01136	MATCHED
COMPOUND:1117	Levofloxacin	Compound::DB01137	MATCHED
COMPOUND:1118	sulfinpyrazone	Compound::DB01138	MATCHED
COMPOUND:1120	cefadroxil	Compound::DB01140	MATCHED
COMPOUND:1121	micafungin	Compound::DB01141	MATCHED
COMPOUND:1122	doxepin	Compound::DB01142	MATCHED
COMPOUND:1123	amifostine	Compound::DB01143	MATCHED
COMPOUND:1125	sulfoxone	Compound::DB01145	MATCHED
COMPOUND:1126	diphenylpyraline	Compound::DB01146	MATCHED
COMPOUND:1127	Cloxacillin	Compound::DB01147	MATCHED
COMPOUND:1128	flavoxate	Compound::DB01148	MATCHED
COMPOUND:1129	nefazodone	Compound::DB01149	MATCHED
COMPOUND:113	biotin	Compound::DB00121	MATCHED
COMPOUND:1130	cefprozil	Compound::DB01150	MATCHED
COMPOUND:1131	desipramine	Compound::DB01151	MATCHED
COMPOUND:1133	sertaconazole	Compound::DB01153	MATCHED
COMPOUND:1134	Thiamylal	Compound::DB01154	MATCHED
COMPOUND:1135	gemifloxacin	Compound::DB01155	MATCHED
COMPOUND:1136	Bupropion	Compound::DB01156	MATCHED
COMPOUND:1137	trimetrexate	Compound::DB01157	MATCHED
COMPOUND:1138	Bretylium	Compound::DB01158	MATCHED
COMPOUND:1139	halothane	Compound::DB01159	MATCHED
COMPOUND:114	Choline	Compound::DB00122	MATCHED
COMPOUND:1140	Dinoprost tromethamine	Compound::DB01160	MATCHED
COMPOUND:1141	chloroprocaine	Compound::DB01161	MATCHED
COMPOUND:1142	terazosin	Compound::DB01162	MATCHED
COMPOUND:1144	Calcium chloride	Compound::DB01164	MATCHED
COMPOUND:1145	Ofloxacin	Compound::DB01165	MATCHED
COMPOUND:1146	cilostazol	Compound::DB01166	MATCHED
COMPOUND:1147	itraconazole	Compound::DB01167	MATCHED
COMPOUND:1148	procarbazine	Compound::DB01168	MATCHED
COMPOUND:1149	arsenic trioxide	Compound::DB01169	MATCHED
COMPOUND:1150	Guanethidine	Compound::DB01170	MATCHED
COMPOUND:1151	moclobemide	Compound::DB01171	MATCHED
COMPOUND:1152	Kanamycin	Compound::DB01172	MATCHED
COMPOUND:1153	Orphenadrine	Compound::DB01173	MATCHED
COMPOUND:1154	Phenobarbital	Compound::DB01174	MATCHED
COMPOUND:1155	escitalopram	Compound::DB01175	MATCHED
COMPOUND:1156	cyclizine	Compound::DB01176	MATCHED
COMPOUND:1157	idarubicin	Compound::DB01177	MATCHED
COMPOUND:1158	chlormezanone	Compound::DB01178	MATCHED
COMPOUND:1159	podofilox	Compound::DB01179	MATCHED
COMPOUND:1160	Rescinnamine	Compound::DB01180	MATCHED
COMPOUND:1161	ifosfamide	Compound::DB01181	MATCHED
COMPOUND:1162	propafenone	Compound::DB01182	MATCHED
COMPOUND:1163	Naloxone	Compound::DB01183	MATCHED
COMPOUND:1164	domperidone	Compound::DB01184	MATCHED
COMPOUND:1165	fluoxymesterone	Compound::DB01185	MATCHED
COMPOUND:1166	pergolide	Compound::DB01186	MATCHED
COMPOUND:1167	Iophendylate	Compound::DB01187	MATCHED
COMPOUND:1168	Ciclopirox	Compound::DB01188	MATCHED
COMPOUND:1169	desflurane	Compound::DB01189	MATCHED
COMPOUND:117	vitamin c	Compound::DB00126	MATCHED
COMPOUND:1170	Clindamycin	Compound::DB01190	MATCHED
COMPOUND:1171	dexfenfluramine	Compound::DB01191	MATCHED
COMPOUND:1172	oxymorphone	Compound::DB01192	MATCHED
COMPOUND:1173	acebutolol	Compound::DB01193	MATCHED
COMPOUND:1174	brinzolamide	Compound::DB01194	MATCHED
COMPOUND:1175	flecainide	Compound::DB01195	MATCHED
COMPOUND:1176	estramustine	Compound::DB01196	MATCHED
COMPOUND:11761	candesartan	Compound::DB00796	MATCHED
COMPOUND:1177	captopril	Compound::DB01197	MATCHED
COMPOUND:1178	zopiclone	Compound::DB01198	MATCHED
COMPOUND:1179	tubocurarine	Compound::DB01199	MATCHED
COMPOUND:118	Spermine	Compound::DB00127	MATCHED
COMPOUND:1180	Bromocriptine	Compound::DB01200	MATCHED
COMPOUND:1181	rifapentine	Compound::DB01201	MATCHED
COMPOUND:1182	levetiracetam	Compound::DB01202	MATCHED
COMPOUND:1183	nadolol	Compound::DB01203	MATCHED
COMPOUND:1184	mitoxantrone	Compound::DB01204	MATCHED
COMPOUND:1185	flumazenil	Compound::DB01205	MATCHED
COMPOUND:1186	lomustine	Compound::DB01206	MATCHED
COMPOUND:1187	ridogrel	Compound::DB01207	MATCHED
COMPOUND:1188	sparfloxacin	Compound::DB01208	MATCHED
COMPOUND:1189	dezocine	Compound::DB01209	MATCHED
COMPOUND:1190	levobunolol	Compound::DB01210	MATCHED
COMPOUND:1191	Clarithromycin	Compound::DB01211	MATCHED
COMPOUND:1192	ceftriaxone	Compound::DB01212	MATCHED
COMPOUND:1193	fomepizole	Compound::DB01213	MATCHED
COMPOUND:1194	metipranolol	Compound::DB01214	MATCHED
COMPOUND:1195	estazolam	Compound::DB01215	MATCHED
COMPOUND:11951	Menthol	Compound::DB00825	MATCHED
COMPOUND:11954	Tenofovir	Compound::DB00300	MATCHED
COMPOUND:1196	Finasteride	Compound::DB01216	MATCHED
COMPOUND:1197	anastrozole	Compound::DB01217	MATCHED
COMPOUND:1198	halofantrine	Compound::DB01218	MATCHED
COMPOUND:1199	dantrolene	Compound::DB01219	MATCHED
COMPOUND:1200	Rifaximin	Compound::DB01220	MATCHED
COMPOUND:1201	ketamine	Compound::DB01221	MATCHED
COMPOUND:1202	Budesonide	Compound::DB01222	MATCHED
COMPOUND:1203	Aminophylline	Compound::DB01223	MATCHED
COMPOUND:1204	quetiapine	Compound::DB01224	MATCHED
COMPOUND:1205	enoxaparin	Compound::DB01225	MATCHED
COMPOUND:1206	mivacurium	Compound::DB01226	MATCHED
COMPOUND:1207	levomethadyl acetate	Compound::DB01227	MATCHED
COMPOUND:1208	encainide	Compound::DB01228	MATCHED
COMPOUND:1209	paclitaxel	Compound::DB01229	MATCHED
COMPOUND:121	l-glutamine	Compound::DB00130	MATCHED
COMPOUND:1211	Diphenidol	Compound::DB01231	MATCHED
COMPOUND:1212	saquinavir	Compound::DB01232	MATCHED
COMPOUND:1213	metoclopramide	Compound::DB01233	MATCHED
COMPOUND:1214	dexamethasone	Compound::DB01234	MATCHED
COMPOUND:1216	sevoflurane	Compound::DB01236	MATCHED
COMPOUND:1217	bromodiphenhydramine	Compound::DB01237	MATCHED
COMPOUND:1218	aripiprazole	Compound::DB01238	MATCHED
COMPOUND:1219	chlorprothixene	Compound::DB01239	MATCHED
COMPOUND:122	adenosine monophosphate	Compound::DB00131	MATCHED
COMPOUND:1221	gemfibrozil	Compound::DB01241	MATCHED
COMPOUND:1222	clomipramine	Compound::DB01242	MATCHED
COMPOUND:1223	Chloroxine	Compound::DB01243	MATCHED
COMPOUND:1224	bepridil	Compound::DB01244	MATCHED
COMPOUND:1225	Decamethonium	Compound::DB01245	MATCHED
COMPOUND:1227	isocarboxazid	Compound::DB01247	MATCHED
COMPOUND:1228	docetaxel	Compound::DB01248	MATCHED
COMPOUND:1229	iodixanol	Compound::DB01249	MATCHED
COMPOUND:123	alpha-Linolenic acid	Compound::DB00132	MATCHED
COMPOUND:1230	olsalazine	Compound::DB01250	MATCHED
COMPOUND:1231	gliquidone	Compound::DB01251	MATCHED
COMPOUND:1232	mitiglinide	Compound::DB01252	MATCHED
COMPOUND:1233	ergonovine	Compound::DB01253	MATCHED
COMPOUND:1234	dasatinib	Compound::DB01254	MATCHED
COMPOUND:12340	Fluprednidene acetate	Compound::DB08970	MATCHED
COMPOUND:1235	lisdexamfetamine	Compound::DB01255	MATCHED
COMPOUND:1236	retapamulin	Compound::DB01256	MATCHED
COMPOUND:1238	lapatinib	Compound::DB01259	MATCHED
COMPOUND:1239	Desonide	Compound::DB01260	MATCHED
COMPOUND:1240	Sitagliptin	Compound::DB01261	MATCHED
COMPOUND:1241	decitabine	Compound::DB01262	MATCHED
COMPOUND:1242	posaconazole	Compound::DB01263	MATCHED
COMPOUND:1243	darunavir	Compound::DB01264	MATCHED
COMPOUND:1244	telbivudine	Compound::DB01265	MATCHED
COMPOUND:1246	paliperidone	Compound::DB01267	MATCHED
COMPOUND:1247	sunitinib	Compound::DB01268	MATCHED
COMPOUND:1252	varenicline	Compound::DB01273	MATCHED
COMPOUND:1253	arformoterol	Compound::DB01274	MATCHED
COMPOUND:1254	hydralazine	Compound::DB01275	MATCHED
COMPOUND:1259	nelarabine	Compound::DB01280	MATCHED
COMPOUND:1261	carbetocin	Compound::DB01282	MATCHED
COMPOUND:1262	lumiracoxib	Compound::DB01283	MATCHED
COMPOUND:1265	fenoterol	Compound::DB01288	MATCHED
COMPOUND:1266	glisoxepide	Compound::DB01289	MATCHED
COMPOUND:1267	pirbuterol	Compound::DB01291	MATCHED
COMPOUND:1268	Bismuth subsalicylate	Compound::DB01294	MATCHED
COMPOUND:1269	bevantolol	Compound::DB01295	MATCHED
COMPOUND:127	Calcitriol	Compound::DB00136	MATCHED
COMPOUND:1270	glucosamine	Compound::DB01296	MATCHED
COMPOUND:1271	practolol	Compound::DB01297	MATCHED
COMPOUND:1272	Sulfacytine	Compound::DB01298	MATCHED
COMPOUND:1273	Sulfadoxine	Compound::DB01299	MATCHED
COMPOUND:1274	Rolitetracycline	Compound::DB01301	MATCHED
COMPOUND:1275	Oxtriphylline	Compound::DB01303	MATCHED
COMPOUND:1279	fosamprenavir	Compound::DB01319	MATCHED
COMPOUND:1280	fosphenytoin	Compound::DB01320	MATCHED
COMPOUND:1281	josamycin	Compound::DB01321	MATCHED
COMPOUND:1284	polythiazide	Compound::DB01324	MATCHED
COMPOUND:1285	quinethazone	Compound::DB01325	MATCHED
COMPOUND:1286	cefamandole	Compound::DB01326	MATCHED
COMPOUND:1287	cefazolin	Compound::DB01327	MATCHED
COMPOUND:1288	cefonicid	Compound::DB01328	MATCHED
COMPOUND:1289	cefoperazone	Compound::DB01329	MATCHED
COMPOUND:1290	cefotetan	Compound::DB01330	MATCHED
COMPOUND:1291	cefoxitin	Compound::DB01331	MATCHED
COMPOUND:1292	ceftizoxime	Compound::DB01332	MATCHED
COMPOUND:1293	cefradine	Compound::DB01333	MATCHED
COMPOUND:1294	Metocurine	Compound::DB01336	MATCHED
COMPOUND:1295	pancuronium	Compound::DB01337	MATCHED
COMPOUND:1296	pipecuronium	Compound::DB01338	MATCHED
COMPOUND:1297	vecuronium	Compound::DB01339	MATCHED
COMPOUND:1298	Cilazapril	Compound::DB01340	MATCHED
COMPOUND:130	succinic acid	Compound::DB00139	MATCHED
COMPOUND:1300	forasartan	Compound::DB01342	MATCHED
COMPOUND:1303	quinidine barbiturate	Compound::DB01346	MATCHED
COMPOUND:1304	Saprisartan	Compound::DB01347	MATCHED
COMPOUND:1305	spirapril	Compound::DB01348	MATCHED
COMPOUND:1306	tasosartan	Compound::DB01349	MATCHED
COMPOUND:1307	amobarbital	Compound::DB01351	MATCHED
COMPOUND:1308	aprobarbital	Compound::DB01352	MATCHED
COMPOUND:1309	butethal	Compound::DB01353	MATCHED
COMPOUND:131	Riboflavin	Compound::DB00140	MATCHED
COMPOUND:1310	heptabarbital	Compound::DB01354	MATCHED
COMPOUND:1311	Hexobarbital	Compound::DB01355	MATCHED
COMPOUND:1313	Mestranol	Compound::DB01357	MATCHED
COMPOUND:1314	penbutolol	Compound::DB01359	MATCHED
COMPOUND:1315	iohexol	Compound::DB01362	MATCHED
COMPOUND:1317	Ephedrine	Compound::DB01364	MATCHED
COMPOUND:1318	mephentermine	Compound::DB01365	MATCHED
COMPOUND:1319	Procaterol	Compound::DB01366	MATCHED
COMPOUND:132	n-acetyl-d-glucosamine	Compound::DB00141	MATCHED
COMPOUND:1320	rasagiline	Compound::DB01367	MATCHED
COMPOUND:1321	Quinupristin	Compound::DB01369	MATCHED
COMPOUND:1322	Aluminium	Compound::DB01370	MATCHED
COMPOUND:1325	Magnesium oxide	Compound::DB01377	MATCHED
COMPOUND:1327	Cortisone acetate	Compound::DB01380	MATCHED
COMPOUND:1329	glycodiazine	Compound::DB01382	MATCHED
COMPOUND:1330	paramethasone	Compound::DB01384	MATCHED
COMPOUND:1332	Sodium bicarbonate	Compound::DB01390	MATCHED
COMPOUND:1333	yohimbine	Compound::DB01392	MATCHED
COMPOUND:1334	bezafibrate	Compound::DB01393	MATCHED
COMPOUND:1335	colchicine	Compound::DB01394	MATCHED
COMPOUND:1336	Drospirenone	Compound::DB01395	MATCHED
COMPOUND:1337	digitoxin	Compound::DB01396	MATCHED
COMPOUND:1339	salsalate	Compound::DB01399	MATCHED
COMPOUND:134	glutathione	Compound::DB00143	MATCHED
COMPOUND:1340	Neostigmine	Compound::DB01400	MATCHED
COMPOUND:1341	trisalicylate-choline	Compound::DB01401	MATCHED
COMPOUND:1342	methotrimeprazine	Compound::DB01403	MATCHED
COMPOUND:1345	danazol	Compound::DB01406	MATCHED
COMPOUND:1346	clenbuterol	Compound::DB01407	MATCHED
COMPOUND:1347	bambuterol	Compound::DB01408	MATCHED
COMPOUND:1348	Tiotropium	Compound::DB01409	MATCHED
COMPOUND:1349	Ciclesonide	Compound::DB01410	MATCHED
COMPOUND:1350	pranlukast	Compound::DB01411	MATCHED
COMPOUND:1351	Theobromine	Compound::DB01412	MATCHED
COMPOUND:1352	cefepime	Compound::DB01413	MATCHED
COMPOUND:1353	cefacetrile	Compound::DB01414	MATCHED
COMPOUND:1354	ceftibuten	Compound::DB01415	MATCHED
COMPOUND:1355	cefpodoxime	Compound::DB01416	MATCHED
COMPOUND:1356	acenocoumarol	Compound::DB01418	MATCHED
COMPOUND:1357	Antrafenine	Compound::DB01419	MATCHED
COMPOUND:1358	testosterone propionate	Compound::DB01420	MATCHED
COMPOUND:1359	paromomycin	Compound::DB01421	MATCHED
COMPOUND:136	glycine	Compound::DB00145	MATCHED
COMPOUND:1360	nitroxoline	Compound::DB01422	MATCHED
COMPOUND:1361	stepronin	Compound::DB01423	MATCHED
COMPOUND:1362	Aminophenazone	Compound::DB01424	MATCHED
COMPOUND:1363	alizapride	Compound::DB01425	MATCHED
COMPOUND:1364	ajmaline	Compound::DB01426	MATCHED
COMPOUND:1365	amrinone	Compound::DB01427	MATCHED
COMPOUND:1366	oxybenzone	Compound::DB01428	MATCHED
COMPOUND:1367	aprindine	Compound::DB01429	MATCHED
COMPOUND:1368	almitrine	Compound::DB01430	MATCHED
COMPOUND:1369	allylestrenol	Compound::DB01431	MATCHED
COMPOUND:137	calcidiol	Compound::DB00146	MATCHED
COMPOUND:1371	methadyl acetate	Compound::DB01433	MATCHED
COMPOUND:1373	Antipyrine	Compound::DB01435	MATCHED
COMPOUND:1374	alfacalcidol	Compound::DB01436	MATCHED
COMPOUND:1375	glutethimide	Compound::DB01437	MATCHED
COMPOUND:1376	phenazopyridine	Compound::DB01438	MATCHED
COMPOUND:138	Pyridoxal	Compound::DB00147	MATCHED
COMPOUND:1389	heroin	Compound::DB01452	MATCHED
COMPOUND:139	Creatine	Compound::DB00148	MATCHED
COMPOUND:1399	fencamfamine	Compound::DB01463	MATCHED
COMPOUND:14	goserelin	Compound::DB00014	MATCHED
COMPOUND:1402	Ethylmorphine	Compound::DB01466	MATCHED
COMPOUND:141	l-tryptophan	Compound::DB00150	MATCHED
COMPOUND:14126	L-arginine	Compound::DB00125	MATCHED
COMPOUND:14170	leucovorin	Compound::DB00650	MATCHED
COMPOUND:14173	adenosine	Compound::DB00640	MATCHED
COMPOUND:1418	Fenethylline	Compound::DB01482	MATCHED
COMPOUND:14189	chloramphenicol	Compound::DB00446	MATCHED
COMPOUND:14193	chloramphenicol	Compound::DB00446	MATCHED
COMPOUND:14194	chloramphenicol	Compound::DB00446	MATCHED
COMPOUND:14199	bupropion	Compound::DB01156	MATCHED
COMPOUND:14200	estradiol	Compound::DB00783	MATCHED
COMPOUND:14205	mannitol	Compound::DB00742	MATCHED
COMPOUND:14212	histamine phosphate	Compound::DB00667	MATCHED
COMPOUND:14213	kanamycin	Compound::DB01172	MATCHED
COMPOUND:14214	kanamycin	Compound::DB01172	MATCHED
COMPOUND:14215	epinephrine	Compound::DB00668	MATCHED
COMPOUND:14218	epinephrine	Compound::DB00668	MATCHED
COMPOUND:14222	niacin	Compound::DB00627	MATCHED
COMPOUND:14223	pyridoxine	Compound::DB00165	MATCHED
COMPOUND:14224	quinine	Compound::DB00468	MATCHED
COMPOUND:14231	cladribine	Compound::DB00242	MATCHED
COMPOUND:14232	methazolamide	Compound::DB00703	MATCHED
COMPOUND:14238	acetazolamide	Compound::DB00819	MATCHED
COMPOUND:14243	alendronate	Compound::DB00630	MATCHED
COMPOUND:14248	amlodipine	Compound::DB00381	MATCHED
COMPOUND:14249	amoxicillin	Compound::DB01060	MATCHED
COMPOUND:1425	Camazepam	Compound::DB01489	MATCHED
COMPOUND:14259	azithromycin	Compound::DB00207	MATCHED
COMPOUND:14261	beclomethasone	Compound::DB00394	MATCHED
COMPOUND:14262	beclomethasone	Compound::DB00394	MATCHED
COMPOUND:14264	beclomethasone	Compound::DB00394	MATCHED
COMPOUND:14265	benazepril	Compound::DB00542	MATCHED
COMPOUND:14266	bendroflumethiazide	Compound::DB00436	MATCHED
COMPOUND:14267	benzocaine	Compound::DB01086	MATCHED
COMPOUND:14268	benzocaine	Compound::DB01086	MATCHED
COMPOUND:14269	benzocaine	Compound::DB01086	MATCHED
COMPOUND:14272	betaxolol	Compound::DB00195	MATCHED
COMPOUND:14274	bisacodyl	Compound::DB09020	MATCHED
COMPOUND:14279	budesonide	Compound::DB01222	MATCHED
COMPOUND:14280	budesonide	Compound::DB01222	MATCHED
COMPOUND:14281	budesonide	Compound::DB01222	MATCHED
COMPOUND:14282	bumetanide	Compound::DB00887	MATCHED
COMPOUND:14284	cabergoline	Compound::DB00248	MATCHED
COMPOUND:14285	caffeine	Compound::DB00201	MATCHED
COMPOUND:14286	verapamil	Compound::DB00661	MATCHED
COMPOUND:14287	calcipotriol	Compound::DB02300	MATCHED
COMPOUND:14291	carbachol	Compound::DB00411	MATCHED
COMPOUND:14292	carbenicillin	Compound::DB00578	MATCHED
COMPOUND:14293	carteolol	Compound::DB00521	MATCHED
COMPOUND:14295	cefuroxime	Compound::DB01112	MATCHED
COMPOUND:14297	celecoxib	Compound::DB00482	MATCHED
COMPOUND:14299	chlorhexidine	Compound::DB00878	MATCHED
COMPOUND:143	Thiamine	Compound::DB00152	MATCHED
COMPOUND:14303	chlorhexidine	Compound::DB00878	MATCHED
COMPOUND:14304	chlorhexidine	Compound::DB00878	MATCHED
COMPOUND:14306	chloroquine	Compound::DB00608	MATCHED
COMPOUND:14307	chlorothiazide	Compound::DB00880	MATCHED
COMPOUND:14310	chlorthalidone	Compound::DB00310	MATCHED
COMPOUND:14312	cilazapril	Compound::DB01340	MATCHED
COMPOUND:14313	cimetidine	Compound::DB00501	MATCHED
COMPOUND:14315	ciprofloxacin	Compound::DB00537	MATCHED
COMPOUND:14317	ciprofloxacin	Compound::DB00537	MATCHED
COMPOUND:14318	clemastine	Compound::DB00283	MATCHED
COMPOUND:14319	clindamycin	Compound::DB01190	MATCHED
COMPOUND:14323	clonidine	Compound::DB00575	MATCHED
COMPOUND:14324	clotrimazole	Compound::DB00257	MATCHED
COMPOUND:14325	clotrimazole	Compound::DB00257	MATCHED
COMPOUND:14326	cocaine	Compound::DB00907	MATCHED
COMPOUND:14327	cocaine	Compound::DB00907	MATCHED
COMPOUND:14328	cocaine	Compound::DB00907	MATCHED
COMPOUND:14329	codeine	Compound::DB00318	MATCHED
COMPOUND:14335	cyclopentolate	Compound::DB00979	MATCHED
COMPOUND:14337	dapsone	Compound::DB00250	MATCHED
COMPOUND:14338	desoximetasone	Compound::DB00547	MATCHED
COMPOUND:14339	dexamethasone	Compound::DB01234	MATCHED
COMPOUND:14340	dexamethasone	Compound::DB01234	MATCHED
COMPOUND:14341	dexamethasone	Compound::DB01234	MATCHED
COMPOUND:14342	dexamethasone	Compound::DB01234	MATCHED
COMPOUND:14343	dexamethasone	Compound::DB01234	MATCHED
COMPOUND:14344	dexamethasone	Compound::DB01234	MATCHED
COMPOUND:14345	dexamethasone	Compound::DB01234	MATCHED
COMPOUND:14346	dexamethasone	Compound::DB01234	MATCHED
COMPOUND:14347	dexamethasone	Compound::DB01234	MATCHED
COMPOUND:14348	dexamethasone	Compound::DB01234	MATCHED
COMPOUND:14350	dexamethasone	Compound::DB01234	MATCHED
COMPOUND:14352	dexamethasone	Compound::DB01234	MATCHED
COMPOUND:14354	dexamethasone	Compound::DB01234	MATCHED
COMPOUND:14355	dexamethasone	Compound::DB01234	MATCHED
COMPOUND:14357	dexamethasone	Compound::DB01234	MATCHED
COMPOUND:14359	dexamethasone	Compound::DB01234	MATCHED
COMPOUND:1436	Difenoxin	Compound::DB01501	MATCHED
COMPOUND:14362	diazoxide	Compound::DB01119	MATCHED
COMPOUND:14363	diazoxide	Compound::DB01119	MATCHED
COMPOUND:14364	diclofenac	Compound::DB00586	MATCHED
COMPOUND:14365	diclofenac	Compound::DB00586	MATCHED
COMPOUND:14366	diclofenac	Compound::DB00586	MATCHED
COMPOUND:14367	diclofenac	Compound::DB00586	MATCHED
COMPOUND:14369	dicloxacillin	Compound::DB00485	MATCHED
COMPOUND:14370	dihydrocodeine	Compound::DB01551	MATCHED
COMPOUND:14371	dihydroergotamine	Compound::DB00320	MATCHED
COMPOUND:14372	diphenhydramine	Compound::DB01075	MATCHED
COMPOUND:14373	disulfiram	Compound::DB00822	MATCHED
COMPOUND:14375	dorzolamide	Compound::DB00869	MATCHED
COMPOUND:14377	dyphylline	Compound::DB00651	MATCHED
COMPOUND:14379	efavirenz	Compound::DB00625	MATCHED
COMPOUND:14380	enalapril	Compound::DB00584	MATCHED
COMPOUND:14381	epinastine	Compound::DB00751	MATCHED
COMPOUND:14383	erythromycin	Compound::DB00199	MATCHED
COMPOUND:14387	felodipine	Compound::DB01023	MATCHED
COMPOUND:14388	fenofibrate	Compound::DB01039	MATCHED
COMPOUND:14389	fentanyl	Compound::DB00813	MATCHED
COMPOUND:14390	finasteride	Compound::DB01216	MATCHED
COMPOUND:14391	flucloxacillin	Compound::DB00301	MATCHED
COMPOUND:14392	fluconazole	Compound::DB00196	MATCHED
COMPOUND:14393	fluconazole	Compound::DB00196	MATCHED
COMPOUND:144	ergocalciferol	Compound::DB00153	MATCHED
COMPOUND:14401	fluocinonide	Compound::DB01047	MATCHED
COMPOUND:14402	fluorometholone	Compound::DB00324	MATCHED
COMPOUND:14403	fluorometholone	Compound::DB00324	MATCHED
COMPOUND:14404	fluorometholone	Compound::DB00324	MATCHED
COMPOUND:14405	fluorometholone	Compound::DB00324	MATCHED
COMPOUND:14406	fluorometholone	Compound::DB00324	MATCHED
COMPOUND:14408	fluoxetine	Compound::DB00472	MATCHED
COMPOUND:14409	flurandrenolide	Compound::DB00846	MATCHED
COMPOUND:14410	flurbiprofen	Compound::DB00712	MATCHED
COMPOUND:14412	flurbiprofen	Compound::DB00712	MATCHED
COMPOUND:14413	folic acid	Compound::DB00158	MATCHED
COMPOUND:14414	formoterol	Compound::DB00983	MATCHED
COMPOUND:14415	fosinopril	Compound::DB00492	MATCHED
COMPOUND:14417	furosemide	Compound::DB00695	MATCHED
COMPOUND:14421	ganciclovir	Compound::DB01004	MATCHED
COMPOUND:14423	gentamicin	Compound::DB00798	MATCHED
COMPOUND:14424	gentamicin	Compound::DB00798	MATCHED
COMPOUND:14426	glimepiride	Compound::DB00222	MATCHED
COMPOUND:14427	glycopyrrolate	Compound::DB00986	MATCHED
COMPOUND:1443	Delorazepam	Compound::DB01511	MATCHED
COMPOUND:14430	hydrochlorothiazide	Compound::DB00999	MATCHED
COMPOUND:14439	hydromorphone	Compound::DB00327	MATCHED
COMPOUND:14441	ibuprofen	Compound::DB01050	MATCHED
COMPOUND:14442	ibuprofen	Compound::DB01050	MATCHED
COMPOUND:14443	ibuprofen	Compound::DB01050	MATCHED
COMPOUND:14444	lidocaine	Compound::DB00281	MATCHED
COMPOUND:14449	lidocaine	Compound::DB00281	MATCHED
COMPOUND:14452	indomethacin	Compound::DB00328	MATCHED
COMPOUND:14453	indomethacin	Compound::DB00328	MATCHED
COMPOUND:14454	indomethacin	Compound::DB00328	MATCHED
COMPOUND:14457	irinotecan	Compound::DB00762	MATCHED
COMPOUND:14458	isoniazid	Compound::DB00951	MATCHED
COMPOUND:14462	ketamine	Compound::DB01221	MATCHED
COMPOUND:14464	ketoconazole	Compound::DB01026	MATCHED
COMPOUND:14465	ketoprofen	Compound::DB01009	MATCHED
COMPOUND:14466	ketoprofen	Compound::DB01009	MATCHED
COMPOUND:14468	ketotifen	Compound::DB00920	MATCHED
COMPOUND:14470	lactulose	Compound::DB00581	MATCHED
COMPOUND:14471	lamivudine	Compound::DB00709	MATCHED
COMPOUND:14473	levocabastine	Compound::DB01106	MATCHED
COMPOUND:14474	lisinopril	Compound::DB00722	MATCHED
COMPOUND:14475	lisuride	Compound::DB00589	MATCHED
COMPOUND:14476	lomefloxacin	Compound::DB00978	MATCHED
COMPOUND:14477	lomefloxacin	Compound::DB00978	MATCHED
COMPOUND:14478	loperamide	Compound::DB00836	MATCHED
COMPOUND:14479	lorazepam	Compound::DB00186	MATCHED
COMPOUND:14480	mafenide	Compound::DB06795	MATCHED
COMPOUND:14481	mebendazole	Compound::DB00643	MATCHED
COMPOUND:14484	mefloquine	Compound::DB00358	MATCHED
COMPOUND:14485	meloxicam	Compound::DB00814	MATCHED
COMPOUND:14486	memantine	Compound::DB01043	MATCHED
COMPOUND:14487	mepivacaine	Compound::DB00961	MATCHED
COMPOUND:14488	meprobamate	Compound::DB00371	MATCHED
COMPOUND:14490	metformin	Compound::DB00331	MATCHED
COMPOUND:14491	methocarbamol	Compound::DB00423	MATCHED
COMPOUND:14492	methotrexate	Compound::DB00563	MATCHED
COMPOUND:14496	methyldopa	Compound::DB00968	MATCHED
COMPOUND:14499	methylprednisolone	Compound::DB00959	MATCHED
COMPOUND:145	Dihomo-gamma-linolenic acid	Compound::DB00154	MATCHED
COMPOUND:14501	methyltestosterone	Compound::DB06710	MATCHED
COMPOUND:14502	metolazone	Compound::DB00524	MATCHED
COMPOUND:14504	metronidazole	Compound::DB00916	MATCHED
COMPOUND:14505	metronidazole	Compound::DB00916	MATCHED
COMPOUND:14506	metronidazole	Compound::DB00916	MATCHED
COMPOUND:14507	metronidazole	Compound::DB00916	MATCHED
COMPOUND:14509	miconazole	Compound::DB01110	MATCHED
COMPOUND:14510	miconazole	Compound::DB01110	MATCHED
COMPOUND:14511	miconazole	Compound::DB01110	MATCHED
COMPOUND:14513	miconazole	Compound::DB01110	MATCHED
COMPOUND:14514	minoxidil	Compound::DB00350	MATCHED
COMPOUND:14515	morphine	Compound::DB00295	MATCHED
COMPOUND:14516	moxifloxacin	Compound::DB00218	MATCHED
COMPOUND:14518	mupirocin	Compound::DB00410	MATCHED
COMPOUND:14520	naloxone	Compound::DB01183	MATCHED
COMPOUND:14521	naltrexone	Compound::DB00704	MATCHED
COMPOUND:14523	naphazoline	Compound::DB06711	MATCHED
COMPOUND:14524	neomycin	Compound::DB00994	MATCHED
COMPOUND:14527	neomycin	Compound::DB00994	MATCHED
COMPOUND:14531	neomycin	Compound::DB00994	MATCHED
COMPOUND:14535	neostigmine	Compound::DB01400	MATCHED
COMPOUND:14536	nifedipine	Compound::DB01115	MATCHED
COMPOUND:14537	nitroglycerin	Compound::DB00727	MATCHED
COMPOUND:14541	norfloxacin	Compound::DB01059	MATCHED
COMPOUND:14542	levonorgestrel	Compound::DB00367	MATCHED
COMPOUND:14547	ofloxacin	Compound::DB01165	MATCHED
COMPOUND:14548	ofloxacin	Compound::DB01165	MATCHED
COMPOUND:14549	esomeprazole	Compound::DB00736	MATCHED
COMPOUND:14550	orphenadrine	Compound::DB01173	MATCHED
COMPOUND:14551	orphenadrine	Compound::DB01173	MATCHED
COMPOUND:14552	oxacillin	Compound::DB00713	MATCHED
COMPOUND:14555	oxycodone	Compound::DB00497	MATCHED
COMPOUND:14556	aminosalicylic acid	Compound::DB00233	MATCHED
COMPOUND:14559	pantoprazole	Compound::DB00213	MATCHED
COMPOUND:14562	penciclovir	Compound::DB00299	MATCHED
COMPOUND:14563	penicillin v	Compound::DB00417	MATCHED
COMPOUND:14564	pentobarbital	Compound::DB00312	MATCHED
COMPOUND:14565	phenobarbital	Compound::DB01174	MATCHED
COMPOUND:14566	phenylephrine	Compound::DB00388	MATCHED
COMPOUND:14567	phenylephrine	Compound::DB00388	MATCHED
COMPOUND:14569	phenylephrine	Compound::DB00388	MATCHED
COMPOUND:14570	phenylephrine	Compound::DB00388	MATCHED
COMPOUND:14571	phenylpropanolamine	Compound::DB00397	MATCHED
COMPOUND:14572	physostigmine	Compound::DB00981	MATCHED
COMPOUND:14573	pilocarpine	Compound::DB01085	MATCHED
COMPOUND:14574	pindolol	Compound::DB00960	MATCHED
COMPOUND:14575	pioglitazone	Compound::DB01132	MATCHED
COMPOUND:14576	piperacillin	Compound::DB00319	MATCHED
COMPOUND:14577	pirbuterol	Compound::DB01291	MATCHED
COMPOUND:14582	prazosin	Compound::DB00457	MATCHED
COMPOUND:14583	prednisolone	Compound::DB00860	MATCHED
COMPOUND:14585	prednisolone	Compound::DB00860	MATCHED
COMPOUND:14593	prilocaine	Compound::DB00750	MATCHED
COMPOUND:14594	primidone	Compound::DB00794	MATCHED
COMPOUND:14596	procaine	Compound::DB00721	MATCHED
COMPOUND:14597	procaine	Compound::DB00721	MATCHED
COMPOUND:14598	progesterone	Compound::DB00396	MATCHED
COMPOUND:14600	promethazine	Compound::DB01069	MATCHED
COMPOUND:14601	propranolol	Compound::DB00571	MATCHED
COMPOUND:14603	pyrimethamine	Compound::DB00205	MATCHED
COMPOUND:14604	rabeprazole	Compound::DB01129	MATCHED
COMPOUND:14606	rabeprazole	Compound::DB01129	MATCHED
COMPOUND:14607	ephedrine	Compound::DB01364	MATCHED
COMPOUND:14608	ephedrine	Compound::DB01364	MATCHED
COMPOUND:14609	pseudoephedrine	Compound::DB00852	MATCHED
COMPOUND:14611	ramipril	Compound::DB00178	MATCHED
COMPOUND:14612	ranitidine	Compound::DB00863	MATCHED
COMPOUND:14614	rescinnamine	Compound::DB01180	MATCHED
COMPOUND:14615	reserpine	Compound::DB00206	MATCHED
COMPOUND:14616	ribavirin	Compound::DB00811	MATCHED
COMPOUND:14617	ritonavir	Compound::DB00503	MATCHED
COMPOUND:14618	salmeterol	Compound::DB00938	MATCHED
COMPOUND:14619	scopolamine	Compound::DB00747	MATCHED
COMPOUND:14621	secobarbital	Compound::DB00418	MATCHED
COMPOUND:14623	sulfadiazine	Compound::DB00359	MATCHED
COMPOUND:14627	streptomycin	Compound::DB01082	MATCHED
COMPOUND:14628	streptomycin	Compound::DB01082	MATCHED
COMPOUND:14630	sulfacetamide	Compound::DB00634	MATCHED
COMPOUND:14631	sulfamethoxazole	Compound::DB01015	MATCHED
COMPOUND:14634	tacrolimus	Compound::DB00864	MATCHED
COMPOUND:14637	tazarotene	Compound::DB00799	MATCHED
COMPOUND:14639	terbutaline	Compound::DB00871	MATCHED
COMPOUND:14646	thiabendazole	Compound::DB00730	MATCHED
COMPOUND:14648	tinidazole	Compound::DB00911	MATCHED
COMPOUND:14653	tolmetin	Compound::DB00500	MATCHED
COMPOUND:14654	topotecan	Compound::DB01030	MATCHED
COMPOUND:14655	tramadol	Compound::DB00193	MATCHED
COMPOUND:14656	trazodone	Compound::DB00656	MATCHED
COMPOUND:14662	triamcinolone	Compound::DB00620	MATCHED
COMPOUND:14663	triamcinolone	Compound::DB00620	MATCHED
COMPOUND:14666	triamcinolone	Compound::DB00620	MATCHED
COMPOUND:14669	trimethoprim	Compound::DB00440	MATCHED
COMPOUND:14670	trospium	Compound::DB00209	MATCHED
COMPOUND:14671	valsartan	Compound::DB00177	MATCHED
COMPOUND:14677	phentolamine	Compound::DB00692	MATCHED
COMPOUND:14678	phentolamine	Compound::DB00692	MATCHED
COMPOUND:14684	methohexital	Compound::DB00474	MATCHED
COMPOUND:14686	aminophylline	Compound::DB01223	MATCHED
COMPOUND:14702	oxtriphylline	Compound::DB01303	MATCHED
COMPOUND:14703	procaine	Compound::DB00721	MATCHED
COMPOUND:14706	lithium	Compound::DB01356	MATCHED
COMPOUND:14707	fludrocortisone	Compound::DB00687	MATCHED
COMPOUND:14708	metipranolol	Compound::DB01214	MATCHED
COMPOUND:14709	articaine	Compound::DB09009	MATCHED
COMPOUND:14710	gonadorelin	Compound::DB00644	MATCHED
COMPOUND:14712	permethrin	Compound::DB04930	MATCHED
COMPOUND:14713	acarbose	Compound::DB00284	MATCHED
COMPOUND:14715	butoconazole	Compound::DB00639	MATCHED
COMPOUND:14718	simvastatin	Compound::DB00641	MATCHED
COMPOUND:14719	clarithromycin	Compound::DB01211	MATCHED
COMPOUND:14720	tamsulosin	Compound::DB00706	MATCHED
COMPOUND:14721	perindopril	Compound::DB00790	MATCHED
COMPOUND:14722	tiotropium	Compound::DB01409	MATCHED
COMPOUND:14723	olopatadine	Compound::DB00768	MATCHED
COMPOUND:14724	emtricitabine	Compound::DB00879	MATCHED
COMPOUND:14725	eprosartan	Compound::DB00876	MATCHED
COMPOUND:14731	lercanidipine	Compound::DB00528	MATCHED
COMPOUND:14732	telmisartan	Compound::DB00966	MATCHED
COMPOUND:14735	nebivolol	Compound::DB04861	MATCHED
COMPOUND:14737	rifaximin	Compound::DB01220	MATCHED
COMPOUND:14738	rosiglitazone	Compound::DB00412	MATCHED
COMPOUND:14739	bexarotene	Compound::DB00307	MATCHED
COMPOUND:1474	flunitrazepam	Compound::DB01544	MATCHED
COMPOUND:14740	bortezomib	Compound::DB00188	MATCHED
COMPOUND:14742	bosentan	Compound::DB00559	MATCHED
COMPOUND:14743	tenofovir	Compound::DB00300	MATCHED
COMPOUND:14744	mometasone	Compound::DB00764	MATCHED
COMPOUND:14745	mometasone	Compound::DB00764	MATCHED
COMPOUND:14746	mometasone	Compound::DB00764	MATCHED
COMPOUND:14747	gefitinib	Compound::DB00317	MATCHED
COMPOUND:14748	rosuvastatin	Compound::DB01098	MATCHED
COMPOUND:14749	olmesartan	Compound::DB00275	MATCHED
COMPOUND:1475	Ethyl loflazepate	Compound::DB01545	MATCHED
COMPOUND:14751	palonosetron	Compound::DB00377	MATCHED
COMPOUND:14752	ezetimibe	Compound::DB00973	MATCHED
COMPOUND:14753	erlotinib	Compound::DB00530	MATCHED
COMPOUND:14757	sorafenib	Compound::DB00398	MATCHED
COMPOUND:14762	natamycin	Compound::DB00826	MATCHED
COMPOUND:14764	nilotinib	Compound::DB04868	MATCHED
COMPOUND:14765	methimazole	Compound::DB00763	MATCHED
COMPOUND:14767	dasatinib	Compound::DB01254	MATCHED
COMPOUND:14768	sunitinib	Compound::DB01268	MATCHED
COMPOUND:14769	sitagliptin	Compound::DB01261	MATCHED
COMPOUND:14773	sulfasalazine	Compound::DB00795	MATCHED
COMPOUND:14780	everolimus	Compound::DB01590	MATCHED
COMPOUND:14781	iron	Compound::DB01592	MATCHED
COMPOUND:14786	alogliptin	Compound::DB06203	MATCHED
COMPOUND:14787	saxagliptin	Compound::DB06335	MATCHED
COMPOUND:1480	Fenproporex	Compound::DB01550	MATCHED
COMPOUND:14805	raltegravir	Compound::DB06817	MATCHED
COMPOUND:14806	piroxicam	Compound::DB00554	MATCHED
COMPOUND:14807	piroxicam	Compound::DB00554	MATCHED
COMPOUND:14809	doxycycline	Compound::DB00254	MATCHED
COMPOUND:1481	dihydrocodeine	Compound::DB01551	MATCHED
COMPOUND:14810	tetracycline	Compound::DB00759	MATCHED
COMPOUND:14813	tetracycline	Compound::DB00759	MATCHED
COMPOUND:14814	tetracycline	Compound::DB00759	MATCHED
COMPOUND:14816	minocycline	Compound::DB01017	MATCHED
COMPOUND:14818	oxytetracycline	Compound::DB00595	MATCHED
COMPOUND:14819	oxytetracycline	Compound::DB00595	MATCHED
COMPOUND:14821	demeclocycline	Compound::DB00618	MATCHED
COMPOUND:14825	tigecycline	Compound::DB00560	MATCHED
COMPOUND:1483	Cloxazolam	Compound::DB01553	MATCHED
COMPOUND:1488	bromazepam	Compound::DB01558	MATCHED
COMPOUND:1489	clotiazepam	Compound::DB01559	MATCHED
COMPOUND:149	Folic acid	Compound::DB00158	MATCHED
COMPOUND:1497	fludiazepam	Compound::DB01567	MATCHED
COMPOUND:150	Icosapent	Compound::DB00159	MATCHED
COMPOUND:1506	dextroamphetamine	Compound::DB01576	MATCHED
COMPOUND:1507	methamphetamine	Compound::DB01577	MATCHED
COMPOUND:1508	metrizamide	Compound::DB01578	MATCHED
COMPOUND:1509	Phendimetrazine	Compound::DB01579	MATCHED
COMPOUND:1510	oxprenolol	Compound::DB01580	MATCHED
COMPOUND:1511	Sulfamerazine	Compound::DB01581	MATCHED
COMPOUND:1512	sulfamethazine	Compound::DB01582	MATCHED
COMPOUND:1513	Liotrix	Compound::DB01583	MATCHED
COMPOUND:1515	ursodeoxycholic acid	Compound::DB01586	MATCHED
COMPOUND:1516	ketazolam	Compound::DB01587	MATCHED
COMPOUND:1517	prazepam	Compound::DB01588	MATCHED
COMPOUND:1518	quazepam	Compound::DB01589	MATCHED
COMPOUND:1519	everolimus	Compound::DB01590	MATCHED
COMPOUND:1520	solifenacin	Compound::DB01591	MATCHED
COMPOUND:1521	Iron	Compound::DB01592	MATCHED
COMPOUND:1522	Zinc	Compound::DB01593	MATCHED
COMPOUND:1523	cinolazepam	Compound::DB01594	MATCHED
COMPOUND:1524	nitrazepam	Compound::DB01595	MATCHED
COMPOUND:1525	Cilastatin	Compound::DB01597	MATCHED
COMPOUND:1526	Imipenem	Compound::DB01598	MATCHED
COMPOUND:1527	probucol	Compound::DB01599	MATCHED
COMPOUND:1528	tiaprofenic acid	Compound::DB01600	MATCHED
COMPOUND:153	Vitamin A	Compound::DB00162	MATCHED
COMPOUND:1530	Bacampicillin	Compound::DB01602	MATCHED
COMPOUND:1531	Meticillin	Compound::DB01603	MATCHED
COMPOUND:1532	Pivampicillin	Compound::DB01604	MATCHED
COMPOUND:1533	Pivmecillinam	Compound::DB01605	MATCHED
COMPOUND:1534	tazobactam	Compound::DB01606	MATCHED
COMPOUND:1535	Ticarcillin	Compound::DB01607	MATCHED
COMPOUND:1536	propericiazine	Compound::DB01608	MATCHED
COMPOUND:1537	deferasirox	Compound::DB01609	MATCHED
COMPOUND:1538	valganciclovir	Compound::DB01610	MATCHED
COMPOUND:1539	hydroxychloroquine	Compound::DB01611	MATCHED
COMPOUND:154	Vitamin E	Compound::DB00163	MATCHED
COMPOUND:1540	amyl nitrite	Compound::DB01612	MATCHED
COMPOUND:1541	Erythrityl tetranitrate	Compound::DB01613	MATCHED
COMPOUND:1542	acepromazine	Compound::DB01614	MATCHED
COMPOUND:1543	Aceprometazine	Compound::DB01615	MATCHED
COMPOUND:1544	alverine	Compound::DB01616	MATCHED
COMPOUND:1545	molindone	Compound::DB01618	MATCHED
COMPOUND:1546	phenindamine	Compound::DB01619	MATCHED
COMPOUND:1547	pheniramine	Compound::DB01620	MATCHED
COMPOUND:1548	pipotiazine	Compound::DB01621	MATCHED
COMPOUND:1549	thioproperazine	Compound::DB01622	MATCHED
COMPOUND:155	Pyridoxine	Compound::DB00165	MATCHED
COMPOUND:1550	thiothixene	Compound::DB01623	MATCHED
COMPOUND:1551	zuclopenthixol	Compound::DB01624	MATCHED
COMPOUND:1552	isopropamide	Compound::DB01625	MATCHED
COMPOUND:1553	pargyline	Compound::DB01626	MATCHED
COMPOUND:1554	lincomycin	Compound::DB01627	MATCHED
COMPOUND:1555	etoricoxib	Compound::DB01628	MATCHED
COMPOUND:156	lipoic acid	Compound::DB00166	MATCHED
COMPOUND:158	Aspartame	Compound::DB00168	MATCHED
COMPOUND:1580	roflumilast	Compound::DB01656	MATCHED
COMPOUND:159	Cholecalciferol	Compound::DB00169	MATCHED
COMPOUND:160	menadione	Compound::DB00170	MATCHED
COMPOUND:161	adenosine triphosphate	Compound::DB00171	MATCHED
COMPOUND:163	Adenine	Compound::DB00173	MATCHED
COMPOUND:165	pravastatin	Compound::DB00175	MATCHED
COMPOUND:166	fluvoxamine	Compound::DB00176	MATCHED
COMPOUND:167	valsartan	Compound::DB00177	MATCHED
COMPOUND:168	Ramipril	Compound::DB00178	MATCHED
COMPOUND:1680	Dalfopristin	Compound::DB01764	MATCHED
COMPOUND:169	masoprocol	Compound::DB00179	MATCHED
COMPOUND:170	Flunisolide	Compound::DB00180	MATCHED
COMPOUND:171	baclofen	Compound::DB00181	MATCHED
COMPOUND:172	amphetamine	Compound::DB00182	MATCHED
COMPOUND:173	pentagastrin	Compound::DB00183	MATCHED
COMPOUND:174	nicotine	Compound::DB00184	MATCHED
COMPOUND:175	cevimeline	Compound::DB00185	MATCHED
COMPOUND:176	Lorazepam	Compound::DB00186	MATCHED
COMPOUND:177	esmolol	Compound::DB00187	MATCHED
COMPOUND:178	Bortezomib	Compound::DB00188	MATCHED
COMPOUND:179	ethchlorvynol	Compound::DB00189	MATCHED
COMPOUND:180	Carbidopa	Compound::DB00190	MATCHED
COMPOUND:181	phentermine	Compound::DB00191	MATCHED
COMPOUND:182	indecainide	Compound::DB00192	MATCHED
COMPOUND:183	Tramadol	Compound::DB00193	MATCHED
COMPOUND:184	Vidarabine	Compound::DB00194	MATCHED
COMPOUND:185	Betaxolol	Compound::DB00195	MATCHED
COMPOUND:186	fluconazole	Compound::DB00196	MATCHED
COMPOUND:188	oseltamivir	Compound::DB00198	MATCHED
COMPOUND:189	Erythromycin	Compound::DB00199	MATCHED
COMPOUND:190	Hydroxocobalamin	Compound::DB00200	MATCHED
COMPOUND:191	caffeine	Compound::DB00201	MATCHED
COMPOUND:192	succinylcholine	Compound::DB00202	MATCHED
COMPOUND:193	sildenafil	Compound::DB00203	MATCHED
COMPOUND:194	dofetilide	Compound::DB00204	MATCHED
COMPOUND:195	pyrimethamine	Compound::DB00205	MATCHED
COMPOUND:196	Reserpine	Compound::DB00206	MATCHED
COMPOUND:197	Azithromycin	Compound::DB00207	MATCHED
COMPOUND:198	ticlopidine	Compound::DB00208	MATCHED
COMPOUND:199	Trospium	Compound::DB00209	MATCHED
COMPOUND:200	adapalene	Compound::DB00210	MATCHED
COMPOUND:201	midodrine	Compound::DB00211	MATCHED
COMPOUND:202	remikiren	Compound::DB00212	MATCHED
COMPOUND:203	pantoprazole	Compound::DB00213	MATCHED
COMPOUND:204	torasemide	Compound::DB00214	MATCHED
COMPOUND:205	citalopram	Compound::DB00215	MATCHED
COMPOUND:206	eletriptan	Compound::DB00216	MATCHED
COMPOUND:207	bethanidine	Compound::DB00217	MATCHED
COMPOUND:2074	Equilin	Compound::DB02187	MATCHED
COMPOUND:208	Moxifloxacin	Compound::DB00218	MATCHED
COMPOUND:209	oxyphenonium	Compound::DB00219	MATCHED
COMPOUND:210	nelfinavir	Compound::DB00220	MATCHED
COMPOUND:212	Glimepiride	Compound::DB00222	MATCHED
COMPOUND:213	diflorasone	Compound::DB00223	MATCHED
COMPOUND:214	indinavir	Compound::DB00224	MATCHED
COMPOUND:215	gadodiamide	Compound::DB00225	MATCHED
COMPOUND:217	lovastatin	Compound::DB00227	MATCHED
COMPOUND:2176	Calcipotriol	Compound::DB02300	MATCHED
COMPOUND:218	enflurane	Compound::DB00228	MATCHED
COMPOUND:219	cefotiam	Compound::DB00229	MATCHED
COMPOUND:220	pregabalin	Compound::DB00230	MATCHED
COMPOUND:221	temazepam	Compound::DB00231	MATCHED
COMPOUND:222	methyclothiazide	Compound::DB00232	MATCHED
COMPOUND:223	Aminosalicylic acid	Compound::DB00233	MATCHED
COMPOUND:224	Reboxetine	Compound::DB00234	MATCHED
COMPOUND:225	milrinone	Compound::DB00235	MATCHED
COMPOUND:226	pipobroman	Compound::DB00236	MATCHED
COMPOUND:227	Butabarbital	Compound::DB00237	MATCHED
COMPOUND:228	nevirapine	Compound::DB00238	MATCHED
COMPOUND:229	Oxiconazole	Compound::DB00239	MATCHED
COMPOUND:230	Alclometasone	Compound::DB00240	MATCHED
COMPOUND:231	Butalbital	Compound::DB00241	MATCHED
COMPOUND:232	Cladribine	Compound::DB00242	MATCHED
COMPOUND:233	ranolazine	Compound::DB00243	MATCHED
COMPOUND:234	mesalazine	Compound::DB00244	MATCHED
COMPOUND:236	ziprasidone	Compound::DB00246	MATCHED
COMPOUND:237	methysergide	Compound::DB00247	MATCHED
COMPOUND:238	Cabergoline	Compound::DB00248	MATCHED
COMPOUND:239	Idoxuridine	Compound::DB00249	MATCHED
COMPOUND:240	dapsone	Compound::DB00250	MATCHED
COMPOUND:2407	vorinostat	Compound::DB02546	MATCHED
COMPOUND:241	terconazole	Compound::DB00251	MATCHED
COMPOUND:242	phenytoin	Compound::DB00252	MATCHED
COMPOUND:243	medrysone	Compound::DB00253	MATCHED
COMPOUND:244	doxycycline	Compound::DB00254	MATCHED
COMPOUND:245	Diethylstilbestrol	Compound::DB00255	MATCHED
COMPOUND:246	lymecycline	Compound::DB00256	MATCHED
COMPOUND:247	clotrimazole	Compound::DB00257	MATCHED
COMPOUND:248	calcium acetate	Compound::DB00258	MATCHED
COMPOUND:249	sulfanilamide	Compound::DB00259	MATCHED
COMPOUND:2492	terlipressin	Compound::DB02638	MATCHED
COMPOUND:250	cycloserine	Compound::DB00260	MATCHED
COMPOUND:251	anagrelide	Compound::DB00261	MATCHED
COMPOUND:252	carmustine	Compound::DB00262	MATCHED
COMPOUND:253	sulfisoxazole	Compound::DB00263	MATCHED
COMPOUND:254	metoprolol	Compound::DB00264	MATCHED
COMPOUND:255	Crotamiton	Compound::DB00265	MATCHED
COMPOUND:2552	Fusidic acid	Compound::DB02703	MATCHED
COMPOUND:257	cefmenoxime	Compound::DB00267	MATCHED
COMPOUND:258	ropinirole	Compound::DB00268	MATCHED
COMPOUND:260	isradipine	Compound::DB00270	MATCHED
COMPOUND:261	diatrizoate	Compound::DB00271	MATCHED
COMPOUND:262	betazole	Compound::DB00272	MATCHED
COMPOUND:263	topiramate	Compound::DB00273	MATCHED
COMPOUND:264	cefmetazole	Compound::DB00274	MATCHED
COMPOUND:265	Olmesartan	Compound::DB00275	MATCHED
COMPOUND:266	amsacrine	Compound::DB00276	MATCHED
COMPOUND:267	theophylline	Compound::DB00277	MATCHED
COMPOUND:268	argatroban	Compound::DB00278	MATCHED
COMPOUND:269	liothyronine	Compound::DB00279	MATCHED
COMPOUND:270	disopyramide	Compound::DB00280	MATCHED
COMPOUND:271	Lidocaine	Compound::DB00281	MATCHED
COMPOUND:272	pamidronate	Compound::DB00282	MATCHED
COMPOUND:273	Clemastine	Compound::DB00283	MATCHED
COMPOUND:274	Acarbose	Compound::DB00284	MATCHED
COMPOUND:275	venlafaxine	Compound::DB00285	MATCHED
COMPOUND:276	conjugated estrogens	Compound::DB00286	MATCHED
COMPOUND:2763	bicalutamide	Compound::DB01128	MATCHED
COMPOUND:277	travoprost	Compound::DB00287	MATCHED
COMPOUND:278	amcinonide	Compound::DB00288	MATCHED
COMPOUND:2788	Oxitriptan	Compound::DB02959	MATCHED
COMPOUND:279	atomoxetine	Compound::DB00289	MATCHED
COMPOUND:280	bleomycin	Compound::DB00290	MATCHED
COMPOUND:281	chlorambucil	Compound::DB00291	MATCHED
COMPOUND:282	etomidate	Compound::DB00292	MATCHED
COMPOUND:283	raltitrexed	Compound::DB00293	MATCHED
COMPOUND:284	etonogestrel	Compound::DB00294	MATCHED
COMPOUND:285	Morphine	Compound::DB00295	MATCHED
COMPOUND:286	ropivacaine	Compound::DB00296	MATCHED
COMPOUND:287	bupivacaine	Compound::DB00297	MATCHED
COMPOUND:288	dapiprazole	Compound::DB00298	MATCHED
COMPOUND:289	Penciclovir	Compound::DB00299	MATCHED
COMPOUND:291	Flucloxacillin	Compound::DB00301	MATCHED
COMPOUND:292	tranexamic acid	Compound::DB00302	MATCHED
COMPOUND:293	ertapenem	Compound::DB00303	MATCHED
COMPOUND:294	desogestrel	Compound::DB00304	MATCHED
COMPOUND:295	mitomycin	Compound::DB00305	MATCHED
COMPOUND:296	talbutal	Compound::DB00306	MATCHED
COMPOUND:2963	flavin adenine dinucleotide	Compound::DB03147	MATCHED
COMPOUND:297	Bexarotene	Compound::DB00307	MATCHED
COMPOUND:298	ibutilide	Compound::DB00308	MATCHED
COMPOUND:2981	Acetic acid	Compound::DB03166	MATCHED
COMPOUND:299	vindesine	Compound::DB00309	MATCHED
COMPOUND:300	chlorthalidone	Compound::DB00310	MATCHED
COMPOUND:302	Pentobarbital	Compound::DB00312	MATCHED
COMPOUND:303	valproic acid	Compound::DB00313	MATCHED
COMPOUND:304	capreomycin	Compound::DB00314	MATCHED
COMPOUND:305	zolmitriptan	Compound::DB00315	MATCHED
COMPOUND:306	acetaminophen	Compound::DB00316	MATCHED
COMPOUND:3069	phenol	Compound::DB03255	MATCHED
COMPOUND:307	gefitinib	Compound::DB00317	MATCHED
COMPOUND:308	Codeine	Compound::DB00318	MATCHED
COMPOUND:309	Piperacillin	Compound::DB00319	MATCHED
COMPOUND:310	Dihydroergotamine	Compound::DB00320	MATCHED
COMPOUND:311	Amitriptyline	Compound::DB00321	MATCHED
COMPOUND:312	Floxuridine	Compound::DB00322	MATCHED
COMPOUND:313	tolcapone	Compound::DB00323	MATCHED
COMPOUND:314	fluorometholone	Compound::DB00324	MATCHED
COMPOUND:315	nitroprusside	Compound::DB00325	MATCHED
COMPOUND:316	calcium gluceptate	Compound::DB00326	MATCHED
COMPOUND:317	Hydromorphone	Compound::DB00327	MATCHED
COMPOUND:318	indomethacin	Compound::DB00328	MATCHED
COMPOUND:319	ethambutol	Compound::DB00330	MATCHED
COMPOUND:320	Metformin	Compound::DB00331	MATCHED
COMPOUND:322	methadone	Compound::DB00333	MATCHED
COMPOUND:323	olanzapine	Compound::DB00334	MATCHED
COMPOUND:324	atenolol	Compound::DB00335	MATCHED
COMPOUND:325	Nitrofural	Compound::DB00336	MATCHED
COMPOUND:326	pimecrolimus	Compound::DB00337	MATCHED
COMPOUND:327	omeprazole	Compound::DB00338	MATCHED
COMPOUND:328	pyrazinamide	Compound::DB00339	MATCHED
COMPOUND:329	metixene	Compound::DB00340	MATCHED
COMPOUND:330	cetirizine	Compound::DB00341	MATCHED
COMPOUND:332	diltiazem	Compound::DB00343	MATCHED
COMPOUND:333	protriptyline	Compound::DB00344	MATCHED
COMPOUND:334	aminohippurate	Compound::DB00345	MATCHED
COMPOUND:335	alfuzosin	Compound::DB00346	MATCHED
COMPOUND:336	trimethadione	Compound::DB00347	MATCHED
COMPOUND:337	nitisinone	Compound::DB00348	MATCHED
COMPOUND:338	clobazam	Compound::DB00349	MATCHED
COMPOUND:339	Minoxidil	Compound::DB00350	MATCHED
COMPOUND:34	desmopressin	Compound::DB00035	MATCHED
COMPOUND:340	Megestrol acetate	Compound::DB00351	MATCHED
COMPOUND:343	Buclizine	Compound::DB00354	MATCHED
COMPOUND:344	aztreonam	Compound::DB00355	MATCHED
COMPOUND:345	chlorzoxazone	Compound::DB00356	MATCHED
COMPOUND:346	aminoglutethimide	Compound::DB00357	MATCHED
COMPOUND:347	mefloquine	Compound::DB00358	MATCHED
COMPOUND:348	Sulfadiazine	Compound::DB00359	MATCHED
COMPOUND:349	tetrahydrobiopterin	Compound::DB00360	MATCHED
COMPOUND:350	vinorelbine	Compound::DB00361	MATCHED
COMPOUND:351	anidulafungin	Compound::DB00362	MATCHED
COMPOUND:352	clozapine	Compound::DB00363	MATCHED
COMPOUND:353	sucralfate	Compound::DB00364	MATCHED
COMPOUND:355	doxylamine	Compound::DB00366	MATCHED
COMPOUND:356	Levonorgestrel	Compound::DB00367	MATCHED
COMPOUND:357	norepinephrine	Compound::DB00368	MATCHED
COMPOUND:358	cidofovir	Compound::DB00369	MATCHED
COMPOUND:359	mirtazapine	Compound::DB00370	MATCHED
COMPOUND:360	Meprobamate	Compound::DB00371	MATCHED
COMPOUND:362	Timolol	Compound::DB00373	MATCHED
COMPOUND:363	treprostinil	Compound::DB00374	MATCHED
COMPOUND:364	colestipol	Compound::DB00375	MATCHED
COMPOUND:365	trihexyphenidyl	Compound::DB00376	MATCHED
COMPOUND:366	Palonosetron	Compound::DB00377	MATCHED
COMPOUND:367	Dydrogesterone	Compound::DB00378	MATCHED
COMPOUND:368	mexiletine	Compound::DB00379	MATCHED
COMPOUND:369	dexrazoxane	Compound::DB00380	MATCHED
COMPOUND:370	Amlodipine	Compound::DB00381	MATCHED
COMPOUND:372	oxyphencyclimine	Compound::DB00383	MATCHED
COMPOUND:373	triamterene	Compound::DB00384	MATCHED
COMPOUND:374	valrubicin	Compound::DB00385	MATCHED
COMPOUND:375	procyclidine	Compound::DB00387	MATCHED
COMPOUND:376	Phenylephrine	Compound::DB00388	MATCHED
COMPOUND:377	carbimazole	Compound::DB00389	MATCHED
COMPOUND:378	digoxin	Compound::DB00390	MATCHED
COMPOUND:379	sulpiride	Compound::DB00391	MATCHED
COMPOUND:380	ethopropazine	Compound::DB00392	MATCHED
COMPOUND:381	nimodipine	Compound::DB00393	MATCHED
COMPOUND:383	carisoprodol	Compound::DB00395	MATCHED
COMPOUND:384	Progesterone	Compound::DB00396	MATCHED
COMPOUND:385	Phenylpropanolamine	Compound::DB00397	MATCHED
COMPOUND:386	sorafenib	Compound::DB00398	MATCHED
COMPOUND:387	zoledronate	Compound::DB00399	MATCHED
COMPOUND:388	griseofulvin	Compound::DB00400	MATCHED
COMPOUND:389	nisoldipine	Compound::DB00401	MATCHED
COMPOUND:390	eszopiclone	Compound::DB00402	MATCHED
COMPOUND:391	ceruletide	Compound::DB00403	MATCHED
COMPOUND:392	alprazolam	Compound::DB00404	MATCHED
COMPOUND:393	dexbrompheniramine	Compound::DB00405	MATCHED
COMPOUND:394	gentian violet	Compound::DB00406	MATCHED
COMPOUND:395	Ardeparin	Compound::DB00407	MATCHED
COMPOUND:396	loxapine	Compound::DB00408	MATCHED
COMPOUND:397	remoxipride	Compound::DB00409	MATCHED
COMPOUND:398	mupirocin	Compound::DB00410	MATCHED
COMPOUND:400	Rosiglitazone	Compound::DB00412	MATCHED
COMPOUND:401	pramipexole	Compound::DB00413	MATCHED
COMPOUND:403	Ampicillin	Compound::DB00415	MATCHED
COMPOUND:406	Secobarbital	Compound::DB00418	MATCHED
COMPOUND:407	miglustat	Compound::DB00419	MATCHED
COMPOUND:408	promazine	Compound::DB00420	MATCHED
COMPOUND:409	spironolactone	Compound::DB00421	MATCHED
COMPOUND:410	methylphenidate	Compound::DB00422	MATCHED
COMPOUND:411	Methocarbamol	Compound::DB00423	MATCHED
COMPOUND:412	hyoscyamine	Compound::DB00424	MATCHED
COMPOUND:413	zolpidem	Compound::DB00425	MATCHED
COMPOUND:414	Famciclovir	Compound::DB00426	MATCHED
COMPOUND:415	triprolidine	Compound::DB00427	MATCHED
COMPOUND:416	streptozocin	Compound::DB00428	MATCHED
COMPOUND:417	carboprost tromethamine	Compound::DB00429	MATCHED
COMPOUND:418	cefpiramide	Compound::DB00430	MATCHED
COMPOUND:419	lindane	Compound::DB00431	MATCHED
COMPOUND:420	trifluridine	Compound::DB00432	MATCHED
COMPOUND:421	prochlorperazine	Compound::DB00433	MATCHED
COMPOUND:422	cyproheptadine	Compound::DB00434	MATCHED
COMPOUND:423	nitric oxide	Compound::DB00435	MATCHED
COMPOUND:424	Bendroflumethiazide	Compound::DB00436	MATCHED
COMPOUND:425	allopurinol	Compound::DB00437	MATCHED
COMPOUND:426	ceftazidime	Compound::DB00438	MATCHED
COMPOUND:4278	Niflumic acid	Compound::DB04552	MATCHED
COMPOUND:428	trimethoprim	Compound::DB00440	MATCHED
COMPOUND:429	gemcitabine	Compound::DB00441	MATCHED
COMPOUND:4295	latamoxef	Compound::DB04570	MATCHED
COMPOUND:4296	Trioxsalen	Compound::DB04571	MATCHED
COMPOUND:4297	thiotepa	Compound::DB04572	MATCHED
COMPOUND:4298	Estriol	Compound::DB04573	MATCHED
COMPOUND:430	entecavir	Compound::DB00442	MATCHED
COMPOUND:4300	Quinestrol	Compound::DB04575	MATCHED
COMPOUND:431	Betamethasone	Compound::DB00443	MATCHED
COMPOUND:432	teniposide	Compound::DB00444	MATCHED
COMPOUND:433	epirubicin	Compound::DB00445	MATCHED
COMPOUND:434	Chloramphenicol	Compound::DB00446	MATCHED
COMPOUND:436	lansoprazole	Compound::DB00448	MATCHED
COMPOUND:437	Dipivefrin	Compound::DB00449	MATCHED
COMPOUND:438	droperidol	Compound::DB00450	MATCHED
COMPOUND:439	levothyroxine	Compound::DB00451	MATCHED
COMPOUND:440	framycetin	Compound::DB00452	MATCHED
COMPOUND:441	clomocycline	Compound::DB00453	MATCHED
COMPOUND:4429	iodipamide	Compound::DB04711	MATCHED
COMPOUND:443	loratadine	Compound::DB00455	MATCHED
COMPOUND:444	cefalotin	Compound::DB00456	MATCHED
COMPOUND:445	prazosin	Compound::DB00457	MATCHED
COMPOUND:446	imipramine	Compound::DB00458	MATCHED
COMPOUND:44688	Vincristine	Compound::DB00541	MATCHED
COMPOUND:447	acitretin	Compound::DB00459	MATCHED
COMPOUND:448	verteporfin	Compound::DB00460	MATCHED
COMPOUND:449	nabumetone	Compound::DB00461	MATCHED
COMPOUND:4502	Suramin	Compound::DB04786	MATCHED
COMPOUND:4510	bifonazole	Compound::DB04794	MATCHED
COMPOUND:452	sodium tetradecyl sulfate	Compound::DB00464	MATCHED
COMPOUND:453	Ketorolac	Compound::DB00465	MATCHED
COMPOUND:455	enoxacin	Compound::DB00467	MATCHED
COMPOUND:4551	maraviroc	Compound::DB04835	MATCHED
COMPOUND:4554	cyclandelate	Compound::DB04838	MATCHED
COMPOUND:4555	Cyproterone acetate	Compound::DB04839	MATCHED
COMPOUND:4557	flunarizine	Compound::DB04841	MATCHED
COMPOUND:4558	fluspirilene	Compound::DB04842	MATCHED
COMPOUND:4559	mepenzolate	Compound::DB04843	MATCHED
COMPOUND:456	Quinine	Compound::DB00468	MATCHED
COMPOUND:4560	tetrabenazine	Compound::DB04844	MATCHED
COMPOUND:4561	ixabepilone	Compound::DB04845	MATCHED
COMPOUND:457	tenoxicam	Compound::DB00469	MATCHED
COMPOUND:4571	dronedarone	Compound::DB04855	MATCHED
COMPOUND:4577	nebivolol	Compound::DB04861	MATCHED
COMPOUND:458	dronabinol	Compound::DB00470	MATCHED
COMPOUND:4581	homoharringtonine	Compound::DB04865	MATCHED
COMPOUND:4584	Nilotinib	Compound::DB04868	MATCHED
COMPOUND:459	montelukast	Compound::DB00471	MATCHED
COMPOUND:4592	vildagliptin	Compound::DB04876	MATCHED
COMPOUND:4593	Voacamine	Compound::DB04877	MATCHED
COMPOUND:4594	voglibose	Compound::DB04878	MATCHED
COMPOUND:4596	enoximone	Compound::DB04880	MATCHED
COMPOUND:460	fluoxetine	Compound::DB00472	MATCHED
COMPOUND:4606	bepotastine	Compound::DB04890	MATCHED
COMPOUND:461	Hexylcaine	Compound::DB00473	MATCHED
COMPOUND:4610	vapreotide	Compound::DB04894	MATCHED
COMPOUND:4612	milnacipran	Compound::DB04896	MATCHED
COMPOUND:4614	ximelagatran	Compound::DB04898	MATCHED
COMPOUND:462	Methohexital	Compound::DB00474	MATCHED
COMPOUND:4625	Oritavancin	Compound::DB04911	MATCHED
COMPOUND:463	chlordiazepoxide	Compound::DB00475	MATCHED
COMPOUND:4632	Clevidipine	Compound::DB04920	MATCHED
COMPOUND:4639	Permethrin	Compound::DB04930	MATCHED
COMPOUND:464	duloxetine	Compound::DB00476	MATCHED
COMPOUND:4645	ospemifene	Compound::DB04938	MATCHED
COMPOUND:4647	Tamibarotene	Compound::DB04942	MATCHED
COMPOUND:465	chlorpromazine	Compound::DB00477	MATCHED
COMPOUND:4651	iloperidone	Compound::DB04946	MATCHED
COMPOUND:4653	lofexidine	Compound::DB04948	MATCHED
COMPOUND:4658	Ezogabine	Compound::DB04953	MATCHED
COMPOUND:466	rimantadine	Compound::DB00478	MATCHED
COMPOUND:467	Amikacin	Compound::DB00479	MATCHED
COMPOUND:4670	Lucanthone	Compound::DB04967	MATCHED
COMPOUND:468	lenalidomide	Compound::DB00480	MATCHED
COMPOUND:469	raloxifene	Compound::DB00481	MATCHED
COMPOUND:470	celecoxib	Compound::DB00482	MATCHED
COMPOUND:4708	Ingenol mebutate	Compound::DB05013	MATCHED
COMPOUND:471	Gallamine triethiodide	Compound::DB00483	MATCHED
COMPOUND:472	Brimonidine	Compound::DB00484	MATCHED
COMPOUND:4729	indacaterol	Compound::DB05039	MATCHED
COMPOUND:473	Dicloxacillin	Compound::DB00485	MATCHED
COMPOUND:474	nabilone	Compound::DB00486	MATCHED
COMPOUND:475	pefloxacin	Compound::DB00487	MATCHED
COMPOUND:476	altretamine	Compound::DB00488	MATCHED
COMPOUND:477	sotalol	Compound::DB00489	MATCHED
COMPOUND:478	buspirone	Compound::DB00490	MATCHED
COMPOUND:4787	trabectedin	Compound::DB05109	MATCHED
COMPOUND:479	miglitol	Compound::DB00491	MATCHED
COMPOUND:48	cetrorelix	Compound::DB00050	MATCHED
COMPOUND:480	Fosinopril	Compound::DB00492	MATCHED
COMPOUND:481	cefotaxime	Compound::DB00493	MATCHED
COMPOUND:482	entacapone	Compound::DB00494	MATCHED
COMPOUND:484	darifenacin	Compound::DB00496	MATCHED
COMPOUND:485	Oxycodone	Compound::DB00497	MATCHED
COMPOUND:486	phenindione	Compound::DB00498	MATCHED
COMPOUND:487	flutamide	Compound::DB00499	MATCHED
COMPOUND:488	Tolmetin	Compound::DB00500	MATCHED
COMPOUND:489	cimetidine	Compound::DB00501	MATCHED
COMPOUND:490	haloperidol	Compound::DB00502	MATCHED
COMPOUND:4909	silver sulfadiazine	Compound::DB05245	MATCHED
COMPOUND:491	ritonavir	Compound::DB00503	MATCHED
COMPOUND:4910	methsuximide	Compound::DB05246	MATCHED
COMPOUND:4919	Gallium nitrate	Compound::DB05260	MATCHED
COMPOUND:492	Levallorphan	Compound::DB00504	MATCHED
COMPOUND:4923	Ecabet	Compound::DB05265	MATCHED
COMPOUND:4924	ibudilast	Compound::DB05266	MATCHED
COMPOUND:4937	vandetanib	Compound::DB05294	MATCHED
COMPOUND:494	nitazoxanide	Compound::DB00507	MATCHED
COMPOUND:495	triflupromazine	Compound::DB00508	MATCHED
COMPOUND:496	dextrothyroxine	Compound::DB00509	MATCHED
COMPOUND:497	acetyldigitoxin	Compound::DB00511	MATCHED
COMPOUND:498	Vancomycin	Compound::DB00512	MATCHED
COMPOUND:499	aminocaproic acid	Compound::DB00513	MATCHED
COMPOUND:500	dextromethorphan	Compound::DB00514	MATCHED
COMPOUND:501	cisplatin	Compound::DB00515	MATCHED
COMPOUND:502	Bentoquatam	Compound::DB00516	MATCHED
COMPOUND:503	Anisotropine methylbromide	Compound::DB00517	MATCHED
COMPOUND:50396	Glucosamine	Compound::DB01296	MATCHED
COMPOUND:504	albendazole	Compound::DB00518	MATCHED
COMPOUND:505	trandolapril	Compound::DB00519	MATCHED
COMPOUND:506	caspofungin	Compound::DB00520	MATCHED
COMPOUND:507	Carteolol	Compound::DB00521	MATCHED
COMPOUND:509	Alitretinoin	Compound::DB00523	MATCHED
COMPOUND:510	metolazone	Compound::DB00524	MATCHED
COMPOUND:511	tolnaftate	Compound::DB00525	MATCHED
COMPOUND:5114	Telaprevir	Compound::DB05521	MATCHED
COMPOUND:512	oxaliplatin	Compound::DB00526	MATCHED
COMPOUND:513	Cinchocaine	Compound::DB00527	MATCHED
COMPOUND:514	Lercanidipine	Compound::DB00528	MATCHED
COMPOUND:5148	sodium stibogluconate	Compound::DB05630	MATCHED
COMPOUND:515	foscarnet	Compound::DB00529	MATCHED
COMPOUND:516	erlotinib	Compound::DB00530	MATCHED
COMPOUND:5162	ketoconazole	Compound::DB01026	MATCHED
COMPOUND:517	cyclophosphamide	Compound::DB00531	MATCHED
COMPOUND:520	Chlormerodrin	Compound::DB00534	MATCHED
COMPOUND:521	cefdinir	Compound::DB00535	MATCHED
COMPOUND:522	Guanidine	Compound::DB00536	MATCHED
COMPOUND:523	ciprofloxacin	Compound::DB00537	MATCHED
COMPOUND:524	gadoversetamide	Compound::DB00538	MATCHED
COMPOUND:525	toremifene	Compound::DB00539	MATCHED
COMPOUND:5250	abiraterone	Compound::DB05812	MATCHED
COMPOUND:526	nortriptyline	Compound::DB00540	MATCHED
COMPOUND:527	vincristine	Compound::DB00541	MATCHED
COMPOUND:528	Benazepril	Compound::DB00542	MATCHED
COMPOUND:529	amoxapine	Compound::DB00543	MATCHED
COMPOUND:530	Fluorouracil	Compound::DB00544	MATCHED
COMPOUND:531	pyridostigmine	Compound::DB00545	MATCHED
COMPOUND:532	adinazolam	Compound::DB00546	MATCHED
COMPOUND:533	Desoximetasone	Compound::DB00547	MATCHED
COMPOUND:534	azelaic acid	Compound::DB00548	MATCHED
COMPOUND:535	zafirlukast	Compound::DB00549	MATCHED
COMPOUND:536	propylthiouracil	Compound::DB00550	MATCHED
COMPOUND:537	acetohydroxamic acid	Compound::DB00551	MATCHED
COMPOUND:538	pentostatin	Compound::DB00552	MATCHED
COMPOUND:539	Methoxsalen	Compound::DB00553	MATCHED
COMPOUND:540	Piroxicam	Compound::DB00554	MATCHED
COMPOUND:541	lamotrigine	Compound::DB00555	MATCHED
COMPOUND:5411	sertindole	Compound::DB06144	MATCHED
COMPOUND:5413	Sulfathiazole	Compound::DB06147	MATCHED
COMPOUND:5414	mianserin	Compound::DB06148	MATCHED
COMPOUND:5416	sulfadimethoxine	Compound::DB06150	MATCHED
COMPOUND:5417	Acetylcysteine	Compound::DB06151	MATCHED
COMPOUND:542	Perflutren	Compound::DB00556	MATCHED
COMPOUND:5421	rimonabant	Compound::DB06155	MATCHED
COMPOUND:543	hydroxyzine	Compound::DB00557	MATCHED
COMPOUND:544	zanamivir	Compound::DB00558	MATCHED
COMPOUND:54435	lincomycin	Compound::DB01627	MATCHED
COMPOUND:5448	icatibant	Compound::DB06196	MATCHED
COMPOUND:545	Bosentan	Compound::DB00559	MATCHED
COMPOUND:5453	rufinamide	Compound::DB06201	MATCHED
COMPOUND:5455	Alogliptin	Compound::DB06203	MATCHED
COMPOUND:5456	tapentadol	Compound::DB06204	MATCHED
COMPOUND:5459	Silodosin	Compound::DB06207	MATCHED
COMPOUND:546	Tigecycline	Compound::DB00560	MATCHED
COMPOUND:5460	prasugrel	Compound::DB06209	MATCHED
COMPOUND:5461	eltrombopag	Compound::DB06210	MATCHED
COMPOUND:54625	Cefprozil	Compound::DB01150	MATCHED
COMPOUND:5463	Tolvaptan	Compound::DB06212	MATCHED
COMPOUND:5464	regadenoson	Compound::DB06213	MATCHED
COMPOUND:5466	Asenapine	Compound::DB06216	MATCHED
COMPOUND:5468	lacosamide	Compound::DB06218	MATCHED
COMPOUND:547	doxapram	Compound::DB00561	MATCHED
COMPOUND:5472	rivaroxaban	Compound::DB06228	MATCHED
COMPOUND:548	Benzthiazide	Compound::DB00562	MATCHED
COMPOUND:5480	avanafil	Compound::DB06237	MATCHED
COMPOUND:549	Methotrexate	Compound::DB00563	MATCHED
COMPOUND:5497	Droxidopa	Compound::DB06262	MATCHED
COMPOUND:550	carbamazepine	Compound::DB00564	MATCHED
COMPOUND:5501	udenafil	Compound::DB06267	MATCHED
COMPOUND:5502	sitaxentan	Compound::DB06268	MATCHED
COMPOUND:5506	alvimopan	Compound::DB06274	MATCHED
COMPOUND:5513	temsirolimus	Compound::DB06287	MATCHED
COMPOUND:5514	amisulpride	Compound::DB06288	MATCHED
COMPOUND:5515	Simeprevir	Compound::DB06290	MATCHED
COMPOUND:5516	Dapagliflozin	Compound::DB06292	MATCHED
COMPOUND:552	succimer	Compound::DB00566	MATCHED
COMPOUND:553	cephalexin	Compound::DB00567	MATCHED
COMPOUND:554	Cinnarizine	Compound::DB00568	MATCHED
COMPOUND:5540	Saxagliptin	Compound::DB06335	MATCHED
COMPOUND:556	vinblastine	Compound::DB00570	MATCHED
COMPOUND:5567	Telavancin	Compound::DB06402	MATCHED
COMPOUND:557	propranolol	Compound::DB00571	MATCHED
COMPOUND:5577	etravirine	Compound::DB06414	MATCHED
COMPOUND:558	Atropine	Compound::DB00572	MATCHED
COMPOUND:5589	tyloxapol	Compound::DB06439	MATCHED
COMPOUND:559	fenoprofen	Compound::DB00573	MATCHED
COMPOUND:561	Clonidine	Compound::DB00575	MATCHED
COMPOUND:562	Sulfamethizole	Compound::DB00576	MATCHED
COMPOUND:563	valaciclovir	Compound::DB00577	MATCHED
COMPOUND:564	Carbenicillin	Compound::DB00578	MATCHED
COMPOUND:565	mazindol	Compound::DB00579	MATCHED
COMPOUND:567	Lactulose	Compound::DB00581	MATCHED
COMPOUND:5672	pazopanib	Compound::DB06589	MATCHED
COMPOUND:5673	Ceftaroline fosamil	Compound::DB06590	MATCHED
COMPOUND:5674	agomelatine	Compound::DB06594	MATCHED
COMPOUND:568	voriconazole	Compound::DB00582	MATCHED
COMPOUND:5683	apixaban	Compound::DB06605	MATCHED
COMPOUND:5691	Peramivir	Compound::DB06614	MATCHED
COMPOUND:5692	bosutinib	Compound::DB06616	MATCHED
COMPOUND:5697	flupirtine	Compound::DB06623	MATCHED
COMPOUND:570	Enalapril	Compound::DB00584	MATCHED
COMPOUND:571	nizatidine	Compound::DB00585	MATCHED
COMPOUND:572	diclofenac	Compound::DB00586	MATCHED
COMPOUND:5725	Pasireotide	Compound::DB06663	MATCHED
COMPOUND:573	cinalukast	Compound::DB00587	MATCHED
COMPOUND:57330	Ranitidine	Compound::DB00863	MATCHED
COMPOUND:5737	Vilazodone	Compound::DB06684	MATCHED
COMPOUND:574	Fluticasone propionate	Compound::DB00588	MATCHED
COMPOUND:5740	ethanolamine oleate	Compound::DB06689	MATCHED
COMPOUND:5745	Xylometazoline	Compound::DB06694	MATCHED
COMPOUND:5746	dabigatran etexilate	Compound::DB06695	MATCHED
COMPOUND:5747	arbekacin	Compound::DB06696	MATCHED
COMPOUND:5748	artemether	Compound::DB06697	MATCHED
COMPOUND:5749	betahistine	Compound::DB06698	MATCHED
COMPOUND:575	Lisuride	Compound::DB00589	MATCHED
COMPOUND:5750	degarelix	Compound::DB06699	MATCHED
COMPOUND:5751	desvenlafaxine	Compound::DB06700	MATCHED
COMPOUND:5752	dexmethylphenidate	Compound::DB06701	MATCHED
COMPOUND:5753	fesoterodine	Compound::DB06702	MATCHED
COMPOUND:5754	gadobutrol	Compound::DB06703	MATCHED
COMPOUND:5755	Iobenguane	Compound::DB06704	MATCHED
COMPOUND:5756	gadofosveset trisodium	Compound::DB06705	MATCHED
COMPOUND:5757	isometheptene	Compound::DB06706	MATCHED
COMPOUND:5758	Levonordefrin	Compound::DB06707	MATCHED
COMPOUND:5759	Lumefantrine	Compound::DB06708	MATCHED
COMPOUND:576	doxazosin	Compound::DB00590	MATCHED
COMPOUND:5760	Methacholine	Compound::DB06709	MATCHED
COMPOUND:5761	Methyltestosterone	Compound::DB06710	MATCHED
COMPOUND:5762	Naphazoline	Compound::DB06711	MATCHED
COMPOUND:5763	nilvadipine	Compound::DB06712	MATCHED
COMPOUND:5765	Propylhexedrine	Compound::DB06714	MATCHED
COMPOUND:5766	Potassium Iodide	Compound::DB06715	MATCHED
COMPOUND:5767	fospropofol	Compound::DB06716	MATCHED
COMPOUND:5768	Fosaprepitant	Compound::DB06717	MATCHED
COMPOUND:5769	stanozolol	Compound::DB06718	MATCHED
COMPOUND:577	Fluocinolone acetonide	Compound::DB00591	MATCHED
COMPOUND:5773	Aluminum hydroxide	Compound::DB06723	MATCHED
COMPOUND:5775	lornoxicam	Compound::DB06725	MATCHED
COMPOUND:5779	sulfaphenazole	Compound::DB06729	MATCHED
COMPOUND:578	piperazine	Compound::DB00592	MATCHED
COMPOUND:5780	Gestodene	Compound::DB06730	MATCHED
COMPOUND:5788	Ketobemidone	Compound::DB06738	MATCHED
COMPOUND:579	ethosuximide	Compound::DB00593	MATCHED
COMPOUND:580	amiloride	Compound::DB00594	MATCHED
COMPOUND:5801	drotaverine	Compound::DB06751	MATCHED
COMPOUND:581	Oxytetracycline	Compound::DB00595	MATCHED
COMPOUND:5814	alcaftadine	Compound::DB06766	MATCHED
COMPOUND:5816	Ammonium lactate	Compound::DB06768	MATCHED
COMPOUND:5818	Benzyl alcohol	Compound::DB06770	MATCHED
COMPOUND:5819	Besifloxacin	Compound::DB06771	MATCHED
COMPOUND:5820	cabazitaxel	Compound::DB06772	MATCHED
COMPOUND:5823	carglumic acid	Compound::DB06775	MATCHED
COMPOUND:5825	chenodeoxycholic acid	Compound::DB06777	MATCHED
COMPOUND:5829	difluprednate	Compound::DB06781	MATCHED
COMPOUND:583	gadoteridol	Compound::DB00597	MATCHED
COMPOUND:5830	dimercaprol	Compound::DB06782	MATCHED
COMPOUND:584	labetalol	Compound::DB00598	MATCHED
COMPOUND:5842	mafenide	Compound::DB06795	MATCHED
COMPOUND:5846	Methylnaltrexone	Compound::DB06800	MATCHED
COMPOUND:5848	nepafenac	Compound::DB06802	MATCHED
COMPOUND:5849	niclosamide	Compound::DB06803	MATCHED
COMPOUND:585	Thiopental	Compound::DB00599	MATCHED
COMPOUND:5850	Nonoxynol-9	Compound::DB06804	MATCHED
COMPOUND:5852	plerixafor	Compound::DB06809	MATCHED
COMPOUND:5853	plicamycin	Compound::DB06810	MATCHED
COMPOUND:5854	Polidocanol	Compound::DB06811	MATCHED
COMPOUND:5856	Pralatrexate	Compound::DB06813	MATCHED
COMPOUND:586	monobenzone	Compound::DB00600	MATCHED
COMPOUND:5860	Raltegravir	Compound::DB06817	MATCHED
COMPOUND:5869	Viomycin	Compound::DB06827	MATCHED
COMPOUND:587	linezolid	Compound::DB00601	MATCHED
COMPOUND:588	Ivermectin	Compound::DB00602	MATCHED
COMPOUND:589	Medroxyprogesterone acetate	Compound::DB00603	MATCHED
COMPOUND:590	cisapride	Compound::DB00604	MATCHED
COMPOUND:591	sulindac	Compound::DB00605	MATCHED
COMPOUND:592	cyclothiazide	Compound::DB00606	MATCHED
COMPOUND:593	Nafcillin	Compound::DB00607	MATCHED
COMPOUND:594	chloroquine	Compound::DB00608	MATCHED
COMPOUND:595	ethionamide	Compound::DB00609	MATCHED
COMPOUND:596	metaraminol	Compound::DB00610	MATCHED
COMPOUND:597	butorphanol	Compound::DB00611	MATCHED
COMPOUND:598	bisoprolol	Compound::DB00612	MATCHED
COMPOUND:599	Amodiaquine	Compound::DB00613	MATCHED
COMPOUND:600	furazolidone	Compound::DB00614	MATCHED
COMPOUND:601	rifabutin	Compound::DB00615	MATCHED
COMPOUND:602	candoxatril	Compound::DB00616	MATCHED
COMPOUND:603	paramethadione	Compound::DB00617	MATCHED
COMPOUND:604	Demeclocycline	Compound::DB00618	MATCHED
COMPOUND:605	imatinib	Compound::DB00619	MATCHED
COMPOUND:606	triamcinolone	Compound::DB00620	MATCHED
COMPOUND:607	oxandrolone	Compound::DB00621	MATCHED
COMPOUND:608	nicardipine	Compound::DB00622	MATCHED
COMPOUND:609	fluphenazine	Compound::DB00623	MATCHED
COMPOUND:610	testosterone	Compound::DB00624	MATCHED
COMPOUND:611	efavirenz	Compound::DB00625	MATCHED
COMPOUND:612	Bacitracin	Compound::DB00626	MATCHED
COMPOUND:613	niacin	Compound::DB00627	MATCHED
COMPOUND:615	Guanabenz	Compound::DB00629	MATCHED
COMPOUND:616	alendronate	Compound::DB00630	MATCHED
COMPOUND:617	clofarabine	Compound::DB00631	MATCHED
COMPOUND:618	docosanol	Compound::DB00632	MATCHED
COMPOUND:619	dexmedetomidine	Compound::DB00633	MATCHED
COMPOUND:620	sulfacetamide	Compound::DB00634	MATCHED
COMPOUND:621	Prednisone	Compound::DB00635	MATCHED
COMPOUND:622	clofibrate	Compound::DB00636	MATCHED
COMPOUND:623	astemizole	Compound::DB00637	MATCHED
COMPOUND:624	Inulin	Compound::DB00638	MATCHED
COMPOUND:625	butoconazole	Compound::DB00639	MATCHED
COMPOUND:626	adenosine	Compound::DB00640	MATCHED
COMPOUND:62641	Quinine	Compound::DB00468	MATCHED
COMPOUND:627	Simvastatin	Compound::DB00641	MATCHED
COMPOUND:628	pemetrexed	Compound::DB00642	MATCHED
COMPOUND:629	Mebendazole	Compound::DB00643	MATCHED
COMPOUND:630	gonadorelin	Compound::DB00644	MATCHED
COMPOUND:631	Dyclonine	Compound::DB00645	MATCHED
COMPOUND:632	Nystatin	Compound::DB00646	MATCHED
COMPOUND:634	mitotane	Compound::DB00648	MATCHED
COMPOUND:635	stavudine	Compound::DB00649	MATCHED
COMPOUND:636	Leucovorin	Compound::DB00650	MATCHED
COMPOUND:637	Dyphylline	Compound::DB00651	MATCHED
COMPOUND:638	pentazocine	Compound::DB00652	MATCHED
COMPOUND:639	Magnesium sulfate	Compound::DB00653	MATCHED
COMPOUND:640	latanoprost	Compound::DB00654	MATCHED
COMPOUND:641	estrone	Compound::DB00655	MATCHED
COMPOUND:642	trazodone	Compound::DB00656	MATCHED
COMPOUND:643	mecamylamine	Compound::DB00657	MATCHED
COMPOUND:6432	Azapropazone	Compound::DB07402	MATCHED
COMPOUND:644	sevelamer	Compound::DB00658	MATCHED
COMPOUND:645	acamprosate	Compound::DB00659	MATCHED
COMPOUND:646	Metaxalone	Compound::DB00660	MATCHED
COMPOUND:647	Verapamil	Compound::DB00661	MATCHED
COMPOUND:648	trimethobenzamide	Compound::DB00662	MATCHED
COMPOUND:650	Sulfametopyrazine	Compound::DB00664	MATCHED
COMPOUND:651	nilutamide	Compound::DB00665	MATCHED
COMPOUND:652	nafarelin	Compound::DB00666	MATCHED
COMPOUND:653	Epinephrine	Compound::DB00668	MATCHED
COMPOUND:654	sumatriptan	Compound::DB00669	MATCHED
COMPOUND:655	pirenzepine	Compound::DB00670	MATCHED
COMPOUND:656	cefixime	Compound::DB00671	MATCHED
COMPOUND:657	chlorpropamide	Compound::DB00672	MATCHED
COMPOUND:658	aprepitant	Compound::DB00673	MATCHED
COMPOUND:659	galantamine	Compound::DB00674	MATCHED
COMPOUND:660	tamoxifen	Compound::DB00675	MATCHED
COMPOUND:661	benzyl benzoate	Compound::DB00676	MATCHED
COMPOUND:662	Isoflurophate	Compound::DB00677	MATCHED
COMPOUND:663	losartan	Compound::DB00678	MATCHED
COMPOUND:664	thioridazine	Compound::DB00679	MATCHED
COMPOUND:665	moricizine	Compound::DB00680	MATCHED
COMPOUND:666	Amphotericin B	Compound::DB00681	MATCHED
COMPOUND:667	warfarin	Compound::DB00682	MATCHED
COMPOUND:668	midazolam	Compound::DB00683	MATCHED
COMPOUND:669	Tobramycin	Compound::DB00684	MATCHED
COMPOUND:670	trovafloxacin	Compound::DB00685	MATCHED
COMPOUND:671	pentosan polysulfate	Compound::DB00686	MATCHED
COMPOUND:672	Fludrocortisone	Compound::DB00687	MATCHED
COMPOUND:673	mycophenolate mofetil	Compound::DB00688	MATCHED
COMPOUND:674	Cephaloglycin	Compound::DB00689	MATCHED
COMPOUND:675	flurazepam	Compound::DB00690	MATCHED
COMPOUND:676	moexipril	Compound::DB00691	MATCHED
COMPOUND:677	Phentolamine	Compound::DB00692	MATCHED
COMPOUND:678	fluorescein	Compound::DB00693	MATCHED
COMPOUND:679	daunorubicin	Compound::DB00694	MATCHED
COMPOUND:680	furosemide	Compound::DB00695	MATCHED
COMPOUND:681	ergotamine	Compound::DB00696	MATCHED
COMPOUND:682	tizanidine	Compound::DB00697	MATCHED
COMPOUND:683	nitrofurantoin	Compound::DB00698	MATCHED
COMPOUND:684	nicergoline	Compound::DB00699	MATCHED
COMPOUND:685	eplerenone	Compound::DB00700	MATCHED
COMPOUND:686	amprenavir	Compound::DB00701	MATCHED
COMPOUND:688	Methazolamide	Compound::DB00703	MATCHED
COMPOUND:689	Naltrexone	Compound::DB00704	MATCHED
COMPOUND:690	delavirdine	Compound::DB00705	MATCHED
COMPOUND:691	Tamsulosin	Compound::DB00706	MATCHED
COMPOUND:693	sufentanil	Compound::DB00708	MATCHED
COMPOUND:694	Lamivudine	Compound::DB00709	MATCHED
COMPOUND:695	ibandronate	Compound::DB00710	MATCHED
COMPOUND:696	diethylcarbamazine	Compound::DB00711	MATCHED
COMPOUND:697	Flurbiprofen	Compound::DB00712	MATCHED
COMPOUND:698	Oxacillin	Compound::DB00713	MATCHED
COMPOUND:699	Apomorphine	Compound::DB00714	MATCHED
COMPOUND:700	paroxetine	Compound::DB00715	MATCHED
COMPOUND:701	Nedocromil	Compound::DB00716	MATCHED
COMPOUND:703	adefovir dipivoxil	Compound::DB00718	MATCHED
COMPOUND:704	azatadine	Compound::DB00719	MATCHED
COMPOUND:705	clodronate	Compound::DB00720	MATCHED
COMPOUND:706	Procaine	Compound::DB00721	MATCHED
COMPOUND:707	Lisinopril	Compound::DB00722	MATCHED
COMPOUND:708	methoxamine	Compound::DB00723	MATCHED
COMPOUND:709	imiquimod	Compound::DB00724	MATCHED
COMPOUND:710	Homatropine methylbromide	Compound::DB00725	MATCHED
COMPOUND:711	trimipramine	Compound::DB00726	MATCHED
COMPOUND:712	Nitroglycerin	Compound::DB00727	MATCHED
COMPOUND:713	Rocuronium	Compound::DB00728	MATCHED
COMPOUND:714	Thiabendazole	Compound::DB00730	MATCHED
COMPOUND:715	nateglinide	Compound::DB00731	MATCHED
COMPOUND:716	atracurium	Compound::DB00732	MATCHED
COMPOUND:717	pralidoxime	Compound::DB00733	MATCHED
COMPOUND:718	risperidone	Compound::DB00734	MATCHED
COMPOUND:719	naftifine	Compound::DB00735	MATCHED
COMPOUND:720	Esomeprazole	Compound::DB00736	MATCHED
COMPOUND:721	meclizine	Compound::DB00737	MATCHED
COMPOUND:722	Pentamidine	Compound::DB00738	MATCHED
COMPOUND:723	hetacillin	Compound::DB00739	MATCHED
COMPOUND:724	riluzole	Compound::DB00740	MATCHED
COMPOUND:725	Hydrocortisone	Compound::DB00741	MATCHED
COMPOUND:726	mannitol	Compound::DB00742	MATCHED
COMPOUND:727	gadobenate dimeglumine	Compound::DB00743	MATCHED
COMPOUND:728	Zileuton	Compound::DB00744	MATCHED
COMPOUND:729	modafinil	Compound::DB00745	MATCHED
COMPOUND:730	deferoxamine	Compound::DB00746	MATCHED
COMPOUND:731	Scopolamine	Compound::DB00747	MATCHED
COMPOUND:732	carbinoxamine	Compound::DB00748	MATCHED
COMPOUND:733	etodolac	Compound::DB00749	MATCHED
COMPOUND:734	Prilocaine	Compound::DB00750	MATCHED
COMPOUND:735	Epinastine	Compound::DB00751	MATCHED
COMPOUND:736	tranylcypromine	Compound::DB00752	MATCHED
COMPOUND:737	isoflurane	Compound::DB00753	MATCHED
COMPOUND:738	ethotoin	Compound::DB00754	MATCHED
COMPOUND:739	alitretinoin	Compound::DB00523	MATCHED
COMPOUND:740	hexachlorophene	Compound::DB00756	MATCHED
COMPOUND:741	dolasetron	Compound::DB00757	MATCHED
COMPOUND:742	clopidogrel	Compound::DB00758	MATCHED
COMPOUND:743	Tetracycline	Compound::DB00759	MATCHED
COMPOUND:744	meropenem	Compound::DB00760	MATCHED
COMPOUND:745	Potassium chloride	Compound::DB00761	MATCHED
COMPOUND:746	irinotecan	Compound::DB00762	MATCHED
COMPOUND:747	Methimazole	Compound::DB00763	MATCHED
COMPOUND:748	Mometasone	Compound::DB00764	MATCHED
COMPOUND:749	metyrosine	Compound::DB00765	MATCHED
COMPOUND:752	olopatadine	Compound::DB00768	MATCHED
COMPOUND:753	Hydrocortamate	Compound::DB00769	MATCHED
COMPOUND:754	Alprostadil	Compound::DB00770	MATCHED
COMPOUND:755	clidinium	Compound::DB00771	MATCHED
COMPOUND:756	malathion	Compound::DB00772	MATCHED
COMPOUND:757	etoposide	Compound::DB00773	MATCHED
COMPOUND:758	hydroflumethiazide	Compound::DB00774	MATCHED
COMPOUND:7582	Triclosan	Compound::DB08604	MATCHED
COMPOUND:759	tirofiban	Compound::DB00775	MATCHED
COMPOUND:760	oxcarbazepine	Compound::DB00776	MATCHED
COMPOUND:761	propiomazine	Compound::DB00777	MATCHED
COMPOUND:762	roxithromycin	Compound::DB00778	MATCHED
COMPOUND:763	nalidixic acid	Compound::DB00779	MATCHED
COMPOUND:764	phenelzine	Compound::DB00780	MATCHED
COMPOUND:765	propantheline	Compound::DB00782	MATCHED
COMPOUND:766	estradiol	Compound::DB00783	MATCHED
COMPOUND:767	mefenamic acid	Compound::DB00784	MATCHED
COMPOUND:769	Marimastat	Compound::DB00786	MATCHED
COMPOUND:771	Naproxen	Compound::DB00788	MATCHED
COMPOUND:773	Perindopril	Compound::DB00790	MATCHED
COMPOUND:774	Uracil mustard	Compound::DB00791	MATCHED
COMPOUND:775	tripelennamine	Compound::DB00792	MATCHED
COMPOUND:776	haloprogin	Compound::DB00793	MATCHED
COMPOUND:7760	Diloxanide	Compound::DB08792	MATCHED
COMPOUND:7762	azidocillin	Compound::DB08795	MATCHED
COMPOUND:7763	pipazethate	Compound::DB08796	MATCHED
COMPOUND:7764	Salicylamide	Compound::DB08797	MATCHED
COMPOUND:7765	Sulfamoxole	Compound::DB08798	MATCHED
COMPOUND:7766	Antazoline	Compound::DB08799	MATCHED
COMPOUND:7767	chloropyramine	Compound::DB08800	MATCHED
COMPOUND:7768	Dimetindene	Compound::DB08801	MATCHED
COMPOUND:7769	isothipendyl	Compound::DB08802	MATCHED
COMPOUND:777	Primidone	Compound::DB00794	MATCHED
COMPOUND:7770	tymazoline	Compound::DB08803	MATCHED
COMPOUND:7771	Nandrolone decanoate	Compound::DB08804	MATCHED
COMPOUND:7773	roxatidine acetate	Compound::DB08806	MATCHED
COMPOUND:7774	bopindolol	Compound::DB08807	MATCHED
COMPOUND:7775	bupranolol	Compound::DB08808	MATCHED
COMPOUND:7777	Cinitapride	Compound::DB08810	MATCHED
COMPOUND:7778	tofisopam	Compound::DB08811	MATCHED
COMPOUND:778	Sulfasalazine	Compound::DB00795	MATCHED
COMPOUND:7781	lurasidone	Compound::DB08815	MATCHED
COMPOUND:7782	ticagrelor	Compound::DB08816	MATCHED
COMPOUND:7784	tafluprost	Compound::DB08819	MATCHED
COMPOUND:7785	Ivacaftor	Compound::DB08820	MATCHED
COMPOUND:7786	Azilsartan medoxomil	Compound::DB08822	MATCHED
COMPOUND:7787	Spinosad	Compound::DB08823	MATCHED
COMPOUND:7789	deferiprone	Compound::DB08826	MATCHED
COMPOUND:7790	lomitapide	Compound::DB08827	MATCHED
COMPOUND:7791	Vismodegib	Compound::DB08828	MATCHED
COMPOUND:7795	Tauroursodeoxycholic acid	Compound::DB08834	MATCHED
COMPOUND:7796	Spaglumic acid	Compound::DB08835	MATCHED
COMPOUND:780	Tolazoline	Compound::DB00797	MATCHED
COMPOUND:7803	Acetylcarnitine	Compound::DB08842	MATCHED
COMPOUND:7808	Hydroxyproline	Compound::DB08847	MATCHED
COMPOUND:781	Gentamicin	Compound::DB00798	MATCHED
COMPOUND:7814	pitavastatin	Compound::DB08860	MATCHED
COMPOUND:7817	rilpivirine	Compound::DB08864	MATCHED
COMPOUND:7818	crizotinib	Compound::DB08865	MATCHED
COMPOUND:782	Tazarotene	Compound::DB00799	MATCHED
COMPOUND:7820	Fingolimod	Compound::DB08868	MATCHED
COMPOUND:7823	eribulin	Compound::DB08871	MATCHED
COMPOUND:7825	boceprevir	Compound::DB08873	MATCHED
COMPOUND:7826	Fidaxomicin	Compound::DB08874	MATCHED
COMPOUND:7829	ruxolitinib	Compound::DB08877	MATCHED
COMPOUND:783	fenoldopam	Compound::DB00800	MATCHED
COMPOUND:7833	vemurafenib	Compound::DB08881	MATCHED
COMPOUND:7834	Linagliptin	Compound::DB08882	MATCHED
COMPOUND:7839	Icosapent ethyl	Compound::DB08887	MATCHED
COMPOUND:784	halazepam	Compound::DB00801	MATCHED
COMPOUND:7841	carfilzomib	Compound::DB08889	MATCHED
COMPOUND:7842	Linaclotide	Compound::DB08890	MATCHED
COMPOUND:7845	mirabegron	Compound::DB08893	MATCHED
COMPOUND:7848	regorafenib	Compound::DB08896	MATCHED
COMPOUND:7849	Aclidinium	Compound::DB08897	MATCHED
COMPOUND:785	alfentanil	Compound::DB00802	MATCHED
COMPOUND:7851	Enzalutamide	Compound::DB08899	MATCHED
COMPOUND:7853	ponatinib	Compound::DB08901	MATCHED
COMPOUND:7855	Bedaquiline	Compound::DB08903	MATCHED
COMPOUND:7857	Formestane	Compound::DB08905	MATCHED
COMPOUND:7858	Fluticasone furoate	Compound::DB08906	MATCHED
COMPOUND:7859	Canagliflozin	Compound::DB08907	MATCHED
COMPOUND:786	Colistin	Compound::DB00803	MATCHED
COMPOUND:7861	glycerol phenylbutyrate	Compound::DB08909	MATCHED
COMPOUND:7862	Pomalidomide	Compound::DB08910	MATCHED
COMPOUND:7863	trametinib	Compound::DB08911	MATCHED
COMPOUND:7864	dabrafenib	Compound::DB08912	MATCHED
COMPOUND:7865	Radium Ra 223 dichloride	Compound::DB08913	MATCHED
COMPOUND:7867	afatinib	Compound::DB08916	MATCHED
COMPOUND:7869	Levomilnacipran	Compound::DB08918	MATCHED
COMPOUND:787	dicyclomine	Compound::DB00804	MATCHED
COMPOUND:7872	Amfecloral	Compound::DB08924	MATCHED
COMPOUND:7876	Arsthinol	Compound::DB08928	MATCHED
COMPOUND:7877	dolutegravir	Compound::DB08930	MATCHED
COMPOUND:7879	Macitentan	Compound::DB08932	MATCHED
COMPOUND:788	minaprine	Compound::DB00805	MATCHED
COMPOUND:7880	Luliconazole	Compound::DB08933	MATCHED
COMPOUND:7881	sofosbuvir	Compound::DB08934	MATCHED
COMPOUND:7883	Chlorcyclizine	Compound::DB08936	MATCHED
COMPOUND:7888	Isoxsuprine	Compound::DB08941	MATCHED
COMPOUND:789	pentoxifylline	Compound::DB00806	MATCHED
COMPOUND:7890	Isoconazole	Compound::DB08943	MATCHED
COMPOUND:7891	Isoaminile	Compound::DB08944	MATCHED
COMPOUND:7893	Iopanoic acid	Compound::DB08946	MATCHED
COMPOUND:7894	Iopamidol	Compound::DB08947	MATCHED
COMPOUND:790	proparacaine	Compound::DB00807	MATCHED
COMPOUND:7901	Ifenprodil	Compound::DB08954	MATCHED
COMPOUND:7904	Hexoprenaline	Compound::DB08957	MATCHED
COMPOUND:7905	Hexetidine	Compound::DB08958	MATCHED
COMPOUND:791	indapamide	Compound::DB00808	MATCHED
COMPOUND:7911	Fusafungine	Compound::DB08965	MATCHED
COMPOUND:7912	Fursultiamine	Compound::DB08966	MATCHED
COMPOUND:7913	Dimetotiazine	Compound::DB08967	MATCHED
COMPOUND:7914	Fominoben	Compound::DB08968	MATCHED
COMPOUND:7917	Fluocortolone	Compound::DB08971	MATCHED
COMPOUND:792	tropicamide	Compound::DB00809	MATCHED
COMPOUND:7920	Flubendazole	Compound::DB08974	MATCHED
COMPOUND:7922	Floctafenine	Compound::DB08976	MATCHED
COMPOUND:7924	Fenspiride	Compound::DB08979	MATCHED
COMPOUND:7926	fenbufen	Compound::DB08981	MATCHED
COMPOUND:7927	Etozoline	Compound::DB08982	MATCHED
COMPOUND:7928	Etofibrate	Compound::DB08983	MATCHED
COMPOUND:7929	Etofenamate	Compound::DB08984	MATCHED
COMPOUND:793	biperiden	Compound::DB00810	MATCHED
COMPOUND:7932	Etidocaine	Compound::DB08987	MATCHED
COMPOUND:7935	Eprazinone	Compound::DB08990	MATCHED
COMPOUND:7936	Epirizole	Compound::DB08991	MATCHED
COMPOUND:7937	Eperisone	Compound::DB08992	MATCHED
COMPOUND:7938	Enviomycin	Compound::DB08993	MATCHED
COMPOUND:7939	Ditazole	Compound::DB08994	MATCHED
COMPOUND:794	Ribavirin	Compound::DB00811	MATCHED
COMPOUND:7940	Diosmin	Compound::DB08995	MATCHED
COMPOUND:7941	Dimetacrine	Compound::DB08996	MATCHED
COMPOUND:7943	Demexiptiline	Compound::DB08998	MATCHED
COMPOUND:7945	Cyamemazine	Compound::DB09000	MATCHED
COMPOUND:7947	Cloperastine	Compound::DB09002	MATCHED
COMPOUND:7948	Clocapramine	Compound::DB09003	MATCHED
COMPOUND:795	Phenylbutazone	Compound::DB00812	MATCHED
COMPOUND:7951	Clinofibrate	Compound::DB09006	MATCHED
COMPOUND:7954	Articaine	Compound::DB09009	MATCHED
COMPOUND:7959	Captodiame	Compound::DB09014	MATCHED
COMPOUND:796	fentanyl	Compound::DB00813	MATCHED
COMPOUND:7962	brotizolam	Compound::DB09017	MATCHED
COMPOUND:7963	Bromopride	Compound::DB09018	MATCHED
COMPOUND:7964	Bromhexine	Compound::DB09019	MATCHED
COMPOUND:7965	Bisacodyl	Compound::DB09020	MATCHED
COMPOUND:797	meloxicam	Compound::DB00814	MATCHED
COMPOUND:7971	Cytisine	Compound::DB09028	MATCHED
COMPOUND:798	Sodium lauryl sulfate	Compound::DB00815	MATCHED
COMPOUND:79811	Spinosad	Compound::DB08823	MATCHED
COMPOUND:79856	Mannitol	Compound::DB00742	MATCHED
COMPOUND:79861	Troleandomycin	Compound::DB01361	MATCHED
COMPOUND:799	orciprenaline	Compound::DB00816	MATCHED
COMPOUND:800	rosoxacin	Compound::DB00817	MATCHED
COMPOUND:801	propofol	Compound::DB00818	MATCHED
COMPOUND:802	acetazolamide	Compound::DB00819	MATCHED
COMPOUND:803	tadalafil	Compound::DB00820	MATCHED
COMPOUND:804	carprofen	Compound::DB00821	MATCHED
COMPOUND:805	Disulfiram	Compound::DB00822	MATCHED
COMPOUND:807	enprofylline	Compound::DB00824	MATCHED
COMPOUND:809	Natamycin	Compound::DB00826	MATCHED
COMPOUND:810	cinoxacin	Compound::DB00827	MATCHED
COMPOUND:811	fosfomycin	Compound::DB00828	MATCHED
COMPOUND:812	diazepam	Compound::DB00829	MATCHED
COMPOUND:813	phenmetrazine	Compound::DB00830	MATCHED
COMPOUND:814	trifluoperazine	Compound::DB00831	MATCHED
COMPOUND:815	phensuximide	Compound::DB00832	MATCHED
COMPOUND:816	cefaclor	Compound::DB00833	MATCHED
COMPOUND:817	mifepristone	Compound::DB00834	MATCHED
COMPOUND:818	brompheniramine	Compound::DB00835	MATCHED
COMPOUND:819	loperamide	Compound::DB00836	MATCHED
COMPOUND:820	progabide	Compound::DB00837	MATCHED
COMPOUND:821	clocortolone	Compound::DB00838	MATCHED
COMPOUND:822	tolazamide	Compound::DB00839	MATCHED
COMPOUND:824	dobutamine	Compound::DB00841	MATCHED
COMPOUND:825	oxazepam	Compound::DB00842	MATCHED
COMPOUND:826	donepezil	Compound::DB00843	MATCHED
COMPOUND:827	nalbuphine	Compound::DB00844	MATCHED
COMPOUND:828	clofazimine	Compound::DB00845	MATCHED
COMPOUND:829	Flurandrenolide	Compound::DB00846	MATCHED
COMPOUND:82975	Pentazocine	Compound::DB00652	MATCHED
COMPOUND:830	cysteamine	Compound::DB00847	MATCHED
COMPOUND:832	methylphenobarbital	Compound::DB00849	MATCHED
COMPOUND:833	perphenazine	Compound::DB00850	MATCHED
COMPOUND:834	dacarbazine	Compound::DB00851	MATCHED
COMPOUND:835	Pseudoephedrine	Compound::DB00852	MATCHED
COMPOUND:836	temozolomide	Compound::DB00853	MATCHED
COMPOUND:837	Levorphanol	Compound::DB00854	MATCHED
COMPOUND:838	aminolevulinic acid	Compound::DB00855	MATCHED
COMPOUND:839	chlorphenesin	Compound::DB00856	MATCHED
COMPOUND:840	Terbinafine	Compound::DB00857	MATCHED
COMPOUND:841	Drostanolone	Compound::DB00858	MATCHED
COMPOUND:842	penicillamine	Compound::DB00859	MATCHED
COMPOUND:843	prednisolone	Compound::DB00860	MATCHED
COMPOUND:844	diflunisal	Compound::DB00861	MATCHED
COMPOUND:845	vardenafil	Compound::DB00862	MATCHED
COMPOUND:846	Ranitidine	Compound::DB00863	MATCHED
COMPOUND:847	Tacrolimus	Compound::DB00864	MATCHED
COMPOUND:848	Benzphetamine	Compound::DB00865	MATCHED
COMPOUND:849	alprenolol	Compound::DB00866	MATCHED
COMPOUND:85	Cyclosporine	Compound::DB00091	MATCHED
COMPOUND:850	ritodrine	Compound::DB00867	MATCHED
COMPOUND:851	benzonatate	Compound::DB00868	MATCHED
COMPOUND:852	Dorzolamide	Compound::DB00869	MATCHED
COMPOUND:853	suprofen	Compound::DB00870	MATCHED
COMPOUND:854	terbutaline	Compound::DB00871	MATCHED
COMPOUND:855	conivaptan	Compound::DB00872	MATCHED
COMPOUND:857	guaifenesin	Compound::DB00874	MATCHED
COMPOUND:859	Eprosartan	Compound::DB00876	MATCHED
COMPOUND:860	Sirolimus	Compound::DB00877	MATCHED
COMPOUND:861	chlorhexidine	Compound::DB00878	MATCHED
COMPOUND:862	Emtricitabine	Compound::DB00879	MATCHED
COMPOUND:863	Chlorothiazide	Compound::DB00880	MATCHED
COMPOUND:864	quinapril	Compound::DB00881	MATCHED
COMPOUND:865	clomifene	Compound::DB00882	MATCHED
COMPOUND:866	Isosorbide dinitrate	Compound::DB00883	MATCHED
COMPOUND:867	risedronate	Compound::DB00884	MATCHED
COMPOUND:868	pemirolast	Compound::DB00885	MATCHED
COMPOUND:87	Felypressin	Compound::DB00093	MATCHED
COMPOUND:870	bumetanide	Compound::DB00887	MATCHED
COMPOUND:871	mechlorethamine	Compound::DB00888	MATCHED
COMPOUND:872	granisetron	Compound::DB00889	MATCHED
COMPOUND:873	Dienestrol	Compound::DB00890	MATCHED
COMPOUND:874	Sulfapyridine	Compound::DB00891	MATCHED
COMPOUND:875	Oxybuprocaine	Compound::DB00892	MATCHED
COMPOUND:877	Testolactone	Compound::DB00894	MATCHED
COMPOUND:878	Benzylpenicilloyl polylysine	Compound::DB00895	MATCHED
COMPOUND:879	Rimexolone	Compound::DB00896	MATCHED
COMPOUND:880	triazolam	Compound::DB00897	MATCHED
COMPOUND:881	Ethanol	Compound::DB00898	MATCHED
COMPOUND:882	remifentanil	Compound::DB00899	MATCHED
COMPOUND:883	didanosine	Compound::DB00900	MATCHED
COMPOUND:885	methdilazine	Compound::DB00902	MATCHED
COMPOUND:886	ethacrynic acid	Compound::DB00903	MATCHED
COMPOUND:887	ondansetron	Compound::DB00904	MATCHED
COMPOUND:888	bimatoprost	Compound::DB00905	MATCHED
COMPOUND:889	tiagabine	Compound::DB00906	MATCHED
COMPOUND:890	Cocaine	Compound::DB00907	MATCHED
COMPOUND:891	quinidine	Compound::DB00908	MATCHED
COMPOUND:892	zonisamide	Compound::DB00909	MATCHED
COMPOUND:893	paricalcitol	Compound::DB00910	MATCHED
COMPOUND:894	Tinidazole	Compound::DB00911	MATCHED
COMPOUND:895	repaglinide	Compound::DB00912	MATCHED
COMPOUND:89597	abacavir	Compound::DB01048	MATCHED
COMPOUND:896	anileridine	Compound::DB00913	MATCHED
COMPOUND:89608	aceprometazine	Compound::DB01615	MATCHED
COMPOUND:89614	acetic acid	Compound::DB03166	MATCHED
COMPOUND:89616	acetylcysteine	Compound::DB06151	MATCHED
COMPOUND:89627	adenine	Compound::DB00173	MATCHED
COMPOUND:89631	alclometasone	Compound::DB00240	MATCHED
COMPOUND:89648	alpha-linolenic acid	Compound::DB00132	MATCHED
COMPOUND:89650	alprostadil	Compound::DB00770	MATCHED
COMPOUND:89653	aluminium	Compound::DB01370	MATCHED
COMPOUND:89656	amikacin	Compound::DB00479	MATCHED
COMPOUND:89657	aminophenazone	Compound::DB01424	MATCHED
COMPOUND:89659	amitriptyline	Compound::DB00321	MATCHED
COMPOUND:89661	amlexanox	Compound::DB01025	MATCHED
COMPOUND:89664	ammonium lactate	Compound::DB06768	MATCHED
COMPOUND:89665	amodiaquine	Compound::DB00613	MATCHED
COMPOUND:89666	amphotericin b	Compound::DB00681	MATCHED
COMPOUND:89667	ampicillin	Compound::DB00415	MATCHED
COMPOUND:89676	anisindione	Compound::DB01125	MATCHED
COMPOUND:89677	anisotropine methylbromide	Compound::DB00517	MATCHED
COMPOUND:89679	antazoline	Compound::DB08799	MATCHED
COMPOUND:89683	antipyrine	Compound::DB01435	MATCHED
COMPOUND:89685	antrafenine	Compound::DB01419	MATCHED
COMPOUND:89688	apomorphine	Compound::DB00714	MATCHED
COMPOUND:89694	ardeparin	Compound::DB00407	MATCHED
COMPOUND:89698	aspartame	Compound::DB00168	MATCHED
COMPOUND:897	phenformin	Compound::DB00914	MATCHED
COMPOUND:89707	atropine	Compound::DB00572	MATCHED
COMPOUND:89711	azapropazone	Compound::DB07402	MATCHED
COMPOUND:89712	azelastine	Compound::DB00972	MATCHED
COMPOUND:89714	azithromycin	Compound::DB00207	MATCHED
COMPOUND:89715	azlocillin	Compound::DB01061	MATCHED
COMPOUND:89716	bacampicillin	Compound::DB01602	MATCHED
COMPOUND:89717	bacitracin	Compound::DB00626	MATCHED
COMPOUND:89723	beclomethasone	Compound::DB00394	MATCHED
COMPOUND:89724	bedaquiline	Compound::DB08903	MATCHED
COMPOUND:89725	bentoquatam	Compound::DB00516	MATCHED
COMPOUND:89727	benzocaine	Compound::DB01086	MATCHED
COMPOUND:89730	benzphetamine	Compound::DB00865	MATCHED
COMPOUND:89732	benzthiazide	Compound::DB00562	MATCHED
COMPOUND:89733	benzylpenicilloyl polylysine	Compound::DB00895	MATCHED
COMPOUND:89738	betamethasone	Compound::DB00443	MATCHED
COMPOUND:89739	betaxolol	Compound::DB00195	MATCHED
COMPOUND:89742	bismuth subsalicylate	Compound::DB01294	MATCHED
COMPOUND:89750	bretylium	Compound::DB01158	MATCHED
COMPOUND:89753	brimonidine	Compound::DB00484	MATCHED
COMPOUND:89756	bromocriptine	Compound::DB01200	MATCHED
COMPOUND:89760	buclizine	Compound::DB00354	MATCHED
COMPOUND:89761	budesonide	Compound::DB01222	MATCHED
COMPOUND:89763	buprenorphine	Compound::DB00921	MATCHED
COMPOUND:89767	butabarbital	Compound::DB00237	MATCHED
COMPOUND:89768	butalbital	Compound::DB00241	MATCHED
COMPOUND:89769	cabergoline	Compound::DB00248	MATCHED
COMPOUND:89774	calcitriol	Compound::DB00136	MATCHED
COMPOUND:89776	calcium chloride	Compound::DB01164	MATCHED
COMPOUND:89789	carbachol	Compound::DB00411	MATCHED
COMPOUND:89796	carbidopa	Compound::DB00190	MATCHED
COMPOUND:898	amantadine	Compound::DB00915	MATCHED
COMPOUND:89810	carteolol	Compound::DB00521	MATCHED
COMPOUND:89815	cefuroxime	Compound::DB01112	MATCHED
COMPOUND:89818	cephaloglycin	Compound::DB00689	MATCHED
COMPOUND:89820	cerulenin	Compound::DB01034	MATCHED
COMPOUND:89821	chloramphenicol	Compound::DB00446	MATCHED
COMPOUND:89822	chlormerodrin	Compound::DB00534	MATCHED
COMPOUND:89827	chloroxine	Compound::DB01243	MATCHED
COMPOUND:89829	cholecalciferol	Compound::DB00169	MATCHED
COMPOUND:89831	choline	Compound::DB00122	MATCHED
COMPOUND:89834	ciclesonide	Compound::DB01410	MATCHED
COMPOUND:89835	ciclopirox	Compound::DB01188	MATCHED
COMPOUND:89836	cilastatin	Compound::DB01597	MATCHED
COMPOUND:89838	cinitapride	Compound::DB08810	MATCHED
COMPOUND:89839	cinnarizine	Compound::DB00568	MATCHED
COMPOUND:89840	cisatracurium besylate	Compound::DB00565	MATCHED
COMPOUND:89843	clavulanate	Compound::DB00766	MATCHED
COMPOUND:89844	clemastine	Compound::DB00283	MATCHED
COMPOUND:89846	clindamycin	Compound::DB01190	MATCHED
COMPOUND:89848	clonidine	Compound::DB00575	MATCHED
COMPOUND:89855	clorazepate	Compound::DB00628	MATCHED
COMPOUND:89856	cloxacillin	Compound::DB01147	MATCHED
COMPOUND:89863	cocaine	Compound::DB00907	MATCHED
COMPOUND:89864	codeine	Compound::DB00318	MATCHED
COMPOUND:89865	colistimethate	Compound::DB01111	MATCHED
COMPOUND:89866	colistin	Compound::DB00803	MATCHED
COMPOUND:89869	cortisone acetate	Compound::DB01380	MATCHED
COMPOUND:89871	creatine	Compound::DB00148	MATCHED
COMPOUND:89874	crotamiton	Compound::DB00265	MATCHED
COMPOUND:89876	cyclacillin	Compound::DB01000	MATCHED
COMPOUND:89878	cyclosporine	Compound::DB00091	MATCHED
COMPOUND:89882	cycrimine	Compound::DB00942	MATCHED
COMPOUND:89886	dalfopristin	Compound::DB01764	MATCHED
COMPOUND:89887	dapagliflozin	Compound::DB06292	MATCHED
COMPOUND:89899	decamethonium	Compound::DB01245	MATCHED
COMPOUND:899	Metronidazole	Compound::DB00916	MATCHED
COMPOUND:89912	demeclocycline	Compound::DB00618	MATCHED
COMPOUND:89920	deserpidine	Compound::DB01089	MATCHED
COMPOUND:89945	desonide	Compound::DB01260	MATCHED
COMPOUND:89946	desoximetasone	Compound::DB00547	MATCHED
COMPOUND:89949	dextropropoxyphene	Compound::DB00647	MATCHED
COMPOUND:89955	diazoxide	Compound::DB01119	MATCHED
COMPOUND:89964	dienestrol	Compound::DB00890	MATCHED
COMPOUND:89967	diethylstilbestrol	Compound::DB00255	MATCHED
COMPOUND:89982	dihydroxyaluminium	Compound::DB01375	MATCHED
COMPOUND:89985	diloxanide	Compound::DB08792	MATCHED
COMPOUND:89986	dimenhydrinate	Compound::DB00985	MATCHED
COMPOUND:89988	dimethyl sulfoxide	Compound::DB01093	MATCHED
COMPOUND:89989	dinoprost tromethamine	Compound::DB01160	MATCHED
COMPOUND:89990	diphemanil methylsulfate	Compound::DB00729	MATCHED
COMPOUND:89991	diphenhydramine	Compound::DB01075	MATCHED
COMPOUND:89992	diphenidol	Compound::DB01231	MATCHED
COMPOUND:89993	dipivefrin	Compound::DB00449	MATCHED
COMPOUND:89994	disulfiram	Compound::DB00822	MATCHED
COMPOUND:90012	drospirenone	Compound::DB01395	MATCHED
COMPOUND:90014	droxidopa	Compound::DB06262	MATCHED
COMPOUND:90017	dyclonine	Compound::DB00645	MATCHED
COMPOUND:90018	dydrogesterone	Compound::DB00378	MATCHED
COMPOUND:90019	ecabet	Compound::DB05265	MATCHED
COMPOUND:90023	econazole	Compound::DB01127	MATCHED
COMPOUND:90027	edrophonium	Compound::DB01010	MATCHED
COMPOUND:90039	enzalutamide	Compound::DB08899	MATCHED
COMPOUND:90041	ephedrine	Compound::DB01364	MATCHED
COMPOUND:90042	epinastine	Compound::DB00751	MATCHED
COMPOUND:90043	epinephrine	Compound::DB00668	MATCHED
COMPOUND:90047	ergoloid mesylate	Compound::DB01049	MATCHED
COMPOUND:90049	erythrityl tetranitrate	Compound::DB01613	MATCHED
COMPOUND:90052	erythromycin	Compound::DB00199	MATCHED
COMPOUND:90056	estriol	Compound::DB04573	MATCHED
COMPOUND:90059	estropipate	Compound::DB04574	MATCHED
COMPOUND:90060	ethanol	Compound::DB00898	MATCHED
COMPOUND:90061	ethinamate	Compound::DB01031	MATCHED
COMPOUND:90062	ethinyl estradiol	Compound::DB00977	MATCHED
COMPOUND:90064	ethylmorphine	Compound::DB01466	MATCHED
COMPOUND:90069	famciclovir	Compound::DB00426	MATCHED
COMPOUND:90076	felypressin	Compound::DB00093	MATCHED
COMPOUND:90079	finasteride	Compound::DB01216	MATCHED
COMPOUND:90080	fingolimod	Compound::DB08868	MATCHED
COMPOUND:90081	floxuridine	Compound::DB00322	MATCHED
COMPOUND:90082	flucytosine	Compound::DB01099	MATCHED
COMPOUND:90083	flumethasone pivalate	Compound::DB00663	MATCHED
COMPOUND:90084	flunisolide	Compound::DB00180	MATCHED
COMPOUND:90086	fluocinolone acetonide	Compound::DB00591	MATCHED
COMPOUND:90087	fluocinonide	Compound::DB01047	MATCHED
COMPOUND:90090	fluorouracil	Compound::DB00544	MATCHED
COMPOUND:90095	flurbiprofen	Compound::DB00712	MATCHED
COMPOUND:90099	fluticasone propionate	Compound::DB00588	MATCHED
COMPOUND:901	almotriptan	Compound::DB00918	MATCHED
COMPOUND:90105	fondaparinux sodium	Compound::DB00569	MATCHED
COMPOUND:90111	fosaprepitant	Compound::DB06717	MATCHED
COMPOUND:90114	fusidic acid	Compound::DB02703	MATCHED
COMPOUND:90115	gadopentetate dimeglumine	Compound::DB00789	MATCHED
COMPOUND:90117	gallamine triethiodide	Compound::DB00483	MATCHED
COMPOUND:90118	gallium nitrate	Compound::DB05260	MATCHED
COMPOUND:90120	gamma hydroxybutyric acid	Compound::DB01440	MATCHED
COMPOUND:90121	ganciclovir	Compound::DB01004	MATCHED
COMPOUND:90125	gatifloxacin	Compound::DB01044	MATCHED
COMPOUND:90131	gentamicin	Compound::DB00798	MATCHED
COMPOUND:90133	gestodene	Compound::DB06730	MATCHED
COMPOUND:90149	guanabenz	Compound::DB00629	MATCHED
COMPOUND:90150	guanethidine	Compound::DB01170	MATCHED
COMPOUND:90151	guanidine	Compound::DB00536	MATCHED
COMPOUND:90152	halobetasol propionate	Compound::DB00596	MATCHED
COMPOUND:90160	hexobarbital	Compound::DB01355	MATCHED
COMPOUND:90161	hexylcaine	Compound::DB00473	MATCHED
COMPOUND:90162	homatropine methylbromide	Compound::DB00725	MATCHED
COMPOUND:90171	hydrocortamate	Compound::DB00769	MATCHED
COMPOUND:90172	hydrocortisone	Compound::DB00741	MATCHED
COMPOUND:90179	hydroxocobalamin	Compound::DB00200	MATCHED
COMPOUND:902	spectinomycin	Compound::DB00919	MATCHED
COMPOUND:90204	hydroxystilbamidine isethionate	Compound::DB01040	MATCHED
COMPOUND:90211	ibuprofen	Compound::DB01050	MATCHED
COMPOUND:90214	icosapent	Compound::DB00159	MATCHED
COMPOUND:90215	idoxuridine	Compound::DB00249	MATCHED
COMPOUND:90218	imipenem	Compound::DB01598	MATCHED
COMPOUND:90229	inulin	Compound::DB00638	MATCHED
COMPOUND:90230	iophendylate	Compound::DB01187	MATCHED
COMPOUND:90232	iron	Compound::DB01592	MATCHED
COMPOUND:90236	isoflurophate	Compound::DB00677	MATCHED
COMPOUND:90240	isosorbide dinitrate	Compound::DB00883	MATCHED
COMPOUND:90241	isotretinoin	Compound::DB00982	MATCHED
COMPOUND:90243	ivacaftor	Compound::DB08820	MATCHED
COMPOUND:90247	ivermectin	Compound::DB00602	MATCHED
COMPOUND:90248	kanamycin	Compound::DB01172	MATCHED
COMPOUND:90249	ketobemidone	Compound::DB06738	MATCHED
COMPOUND:90250	ketoprofen	Compound::DB01009	MATCHED
COMPOUND:90251	ketorolac	Compound::DB00465	MATCHED
COMPOUND:90252	ketotifen	Compound::DB00920	MATCHED
COMPOUND:90254	l-alanine	Compound::DB00160	MATCHED
COMPOUND:90263	l-arginine	Compound::DB00125	MATCHED
COMPOUND:90265	l-asparagine	Compound::DB00174	MATCHED
COMPOUND:90266	l-aspartic acid	Compound::DB00128	MATCHED
COMPOUND:90269	l-carnitine	Compound::DB00583	MATCHED
COMPOUND:90270	l-citrulline	Compound::DB00155	MATCHED
COMPOUND:90271	l-cysteine	Compound::DB00151	MATCHED
COMPOUND:90272	l-cystine	Compound::DB00138	MATCHED
COMPOUND:90275	leucovorin	Compound::DB00650	MATCHED
COMPOUND:90279	levallorphan	Compound::DB00504	MATCHED
COMPOUND:90281	levocabastine	Compound::DB01106	MATCHED
COMPOUND:90283	levofloxacin	Compound::DB01137	MATCHED
COMPOUND:90284	levomilnacipran	Compound::DB08918	MATCHED
COMPOUND:90285	levonordefrin	Compound::DB06707	MATCHED
COMPOUND:90286	levonorgestrel	Compound::DB00367	MATCHED
COMPOUND:90287	levorphanol	Compound::DB00854	MATCHED
COMPOUND:90288	lidocaine	Compound::DB00281	MATCHED
COMPOUND:90292	liotrix	Compound::DB01583	MATCHED
COMPOUND:90293	l-isoleucine	Compound::DB00167	MATCHED
COMPOUND:90294	lisuride	Compound::DB00589	MATCHED
COMPOUND:90295	l-leucine	Compound::DB00149	MATCHED
COMPOUND:90296	l-lysine	Compound::DB00123	MATCHED
COMPOUND:90298	lomefloxacin	Compound::DB00978	MATCHED
COMPOUND:90299	lopinavir	Compound::DB01601	MATCHED
COMPOUND:903	Ketotifen	Compound::DB00920	MATCHED
COMPOUND:90300	l-ornithine	Compound::DB00129	MATCHED
COMPOUND:90304	l-phenylalanine	Compound::DB00120	MATCHED
COMPOUND:90305	l-proline	Compound::DB00172	MATCHED
COMPOUND:90306	l-serine	Compound::DB00133	MATCHED
COMPOUND:90307	l-threonine	Compound::DB00156	MATCHED
COMPOUND:90308	l-tyrosine	Compound::DB00135	MATCHED
COMPOUND:90309	lucanthone	Compound::DB04967	MATCHED
COMPOUND:90310	lumefantrine	Compound::DB06708	MATCHED
COMPOUND:90313	l-valine	Compound::DB00161	MATCHED
COMPOUND:90315	macitentan	Compound::DB08932	MATCHED
COMPOUND:90316	magnesium oxide	Compound::DB01377	MATCHED
COMPOUND:90317	magnesium sulfate	Compound::DB00653	MATCHED
COMPOUND:90319	marimastat	Compound::DB00786	MATCHED
COMPOUND:90330	menthol	Compound::DB00825	MATCHED
COMPOUND:90333	mepyramine	Compound::DB06691	MATCHED
COMPOUND:90335	mestranol	Compound::DB01357	MATCHED
COMPOUND:90336	metaxalone	Compound::DB00660	MATCHED
COMPOUND:90337	methacholine	Compound::DB06709	MATCHED
COMPOUND:90341	methohexital	Compound::DB00474	MATCHED
COMPOUND:90342	methotrexate	Compound::DB00563	MATCHED
COMPOUND:90344	methoxsalen	Compound::DB00553	MATCHED
COMPOUND:90351	methylprednisolone	Compound::DB00959	MATCHED
COMPOUND:90353	methyltestosterone	Compound::DB06710	MATCHED
COMPOUND:90356	meticillin	Compound::DB01603	MATCHED
COMPOUND:90360	metocurine	Compound::DB01336	MATCHED
COMPOUND:90362	metronidazole	Compound::DB00916	MATCHED
COMPOUND:90363	mezlocillin	Compound::DB00948	MATCHED
COMPOUND:90366	mimosine	Compound::DB01055	MATCHED
COMPOUND:90367	minocycline	Compound::DB01017	MATCHED
COMPOUND:90368	minoxidil	Compound::DB00350	MATCHED
COMPOUND:90371	misoprostol	Compound::DB00929	MATCHED
COMPOUND:90375	mometasone	Compound::DB00764	MATCHED
COMPOUND:90380	moxifloxacin	Compound::DB00218	MATCHED
COMPOUND:90392	nafcillin	Compound::DB00607	MATCHED
COMPOUND:90395	nandrolone decanoate	Compound::DB08804	MATCHED
COMPOUND:90396	naphazoline	Compound::DB06711	MATCHED
COMPOUND:90399	naproxen	Compound::DB00788	MATCHED
COMPOUND:904	Buprenorphine	Compound::DB00921	MATCHED
COMPOUND:90402	natamycin	Compound::DB00826	MATCHED
COMPOUND:90439	nedocromil	Compound::DB00716	MATCHED
COMPOUND:90440	neomycin	Compound::DB00994	MATCHED
COMPOUND:90441	neostigmine	Compound::DB01400	MATCHED
COMPOUND:90443	netilmicin	Compound::DB00955	MATCHED
COMPOUND:90449	niflumic acid	Compound::DB04552	MATCHED
COMPOUND:90457	nitroglycerin	Compound::DB00727	MATCHED
COMPOUND:90470	nonoxynol-9	Compound::DB06804	MATCHED
COMPOUND:90478	norelgestromin	Compound::DB06713	MATCHED
COMPOUND:90480	norethindrone	Compound::DB00717	MATCHED
COMPOUND:90484	norgestimate	Compound::DB00957	MATCHED
COMPOUND:90495	novobiocin	Compound::DB01051	MATCHED
COMPOUND:905	levosimendan	Compound::DB00922	MATCHED
COMPOUND:90500	nystatin	Compound::DB00646	MATCHED
COMPOUND:90510	ofloxacin	Compound::DB01165	MATCHED
COMPOUND:90527	orphenadrine	Compound::DB01173	MATCHED
COMPOUND:90532	oxiconazole	Compound::DB00239	MATCHED
COMPOUND:90536	oxybuprocaine	Compound::DB00892	MATCHED
COMPOUND:90537	oxymetazoline	Compound::DB00935	MATCHED
COMPOUND:90543	oxytetracycline	Compound::DB00595	MATCHED
COMPOUND:90564	penciclovir	Compound::DB00299	MATCHED
COMPOUND:90566	pentamidine	Compound::DB00738	MATCHED
COMPOUND:90568	perflutren	Compound::DB00556	MATCHED
COMPOUND:90574	phendimetrazine	Compound::DB01579	MATCHED
COMPOUND:90575	phentolamine	Compound::DB00692	MATCHED
COMPOUND:90578	phenylbutazone	Compound::DB00812	MATCHED
COMPOUND:90579	phenylephrine	Compound::DB00388	MATCHED
COMPOUND:90588	phosphatidylserine	Compound::DB00144	MATCHED
COMPOUND:90594	physostigmine	Compound::DB00981	MATCHED
COMPOUND:90596	pilocarpine	Compound::DB01085	MATCHED
COMPOUND:906	ceforanide	Compound::DB00923	MATCHED
COMPOUND:90600	piroxicam	Compound::DB00554	MATCHED
COMPOUND:90605	pivampicillin	Compound::DB01604	MATCHED
COMPOUND:90606	pivmecillinam	Compound::DB01605	MATCHED
COMPOUND:90608	polymyxin b sulfate	Compound::DB00781	MATCHED
COMPOUND:90610	porfimer	Compound::DB00707	MATCHED
COMPOUND:90613	potassium chloride	Compound::DB00761	MATCHED
COMPOUND:90614	potassium iodide	Compound::DB06715	MATCHED
COMPOUND:90619	prednisone	Compound::DB00635	MATCHED
COMPOUND:90620	procaine	Compound::DB00721	MATCHED
COMPOUND:90621	procaterol	Compound::DB01366	MATCHED
COMPOUND:90622	promethazine	Compound::DB01069	MATCHED
COMPOUND:90625	propylhexedrine	Compound::DB06714	MATCHED
COMPOUND:90633	pyridoxal	Compound::DB00147	MATCHED
COMPOUND:90634	pyridoxine	Compound::DB00165	MATCHED
COMPOUND:90638	quinestrol	Compound::DB04575	MATCHED
COMPOUND:90640	quinupristin	Compound::DB01369	MATCHED
COMPOUND:90648	raltegravir	Compound::DB06817	MATCHED
COMPOUND:90671	riboflavin	Compound::DB00140	MATCHED
COMPOUND:90673	rifaximin	Compound::DB01220	MATCHED
COMPOUND:90674	rimexolone	Compound::DB00896	MATCHED
COMPOUND:90680	rocuronium	Compound::DB00728	MATCHED
COMPOUND:90681	rolitetracycline	Compound::DB01301	MATCHED
COMPOUND:90689	s-adenosylmethionine	Compound::DB00118	MATCHED
COMPOUND:90690	salicylate-sodium	Compound::DB01398	MATCHED
COMPOUND:90691	saprisartan	Compound::DB01347	MATCHED
COMPOUND:90698	scopolamine	Compound::DB00747	MATCHED
COMPOUND:907	cyclobenzaprine	Compound::DB00924	MATCHED
COMPOUND:90705	simeprevir	Compound::DB06290	MATCHED
COMPOUND:90711	sirolimus	Compound::DB00877	MATCHED
COMPOUND:90719	sodium bicarbonate	Compound::DB01390	MATCHED
COMPOUND:90721	sodium lauryl sulfate	Compound::DB00815	MATCHED
COMPOUND:90729	spermine	Compound::DB00127	MATCHED
COMPOUND:90731	streptomycin	Compound::DB01082	MATCHED
COMPOUND:90733	sulfacytine	Compound::DB01298	MATCHED
COMPOUND:90734	sulfadoxine	Compound::DB01299	MATCHED
COMPOUND:90735	sulfamerazine	Compound::DB01581	MATCHED
COMPOUND:90736	sulfamethizole	Compound::DB00576	MATCHED
COMPOUND:90738	sulfametopyrazine	Compound::DB00664	MATCHED
COMPOUND:90739	sulfamoxole	Compound::DB08798	MATCHED
COMPOUND:90740	sulfapyridine	Compound::DB00891	MATCHED
COMPOUND:90741	sulfathiazole	Compound::DB06147	MATCHED
COMPOUND:90746	suramin	Compound::DB04786	MATCHED
COMPOUND:90749	tacrolimus	Compound::DB00864	MATCHED
COMPOUND:90752	tamibarotene	Compound::DB04942	MATCHED
COMPOUND:90764	telaprevir	Compound::DB05521	MATCHED
COMPOUND:90770	terbinafine	Compound::DB00857	MATCHED
COMPOUND:90774	testolactone	Compound::DB00894	MATCHED
COMPOUND:90775	tetracycline	Compound::DB00759	MATCHED
COMPOUND:90776	tetrahydrofolic acid	Compound::DB00116	MATCHED
COMPOUND:90778	theobromine	Compound::DB01412	MATCHED
COMPOUND:90779	thiabendazole	Compound::DB00730	MATCHED
COMPOUND:90780	thiamine	Compound::DB00152	MATCHED
COMPOUND:90781	thiamylal	Compound::DB01154	MATCHED
COMPOUND:90787	thiopental	Compound::DB00599	MATCHED
COMPOUND:90798	ticarcillin	Compound::DB01607	MATCHED
COMPOUND:908	phenoxybenzamine	Compound::DB00925	MATCHED
COMPOUND:90801	timolol	Compound::DB00373	MATCHED
COMPOUND:90802	tinidazole	Compound::DB00911	MATCHED
COMPOUND:90803	tioconazole	Compound::DB01007	MATCHED
COMPOUND:90805	tobramycin	Compound::DB00684	MATCHED
COMPOUND:90807	tolazoline	Compound::DB00797	MATCHED
COMPOUND:90808	tolbutamide	Compound::DB01124	MATCHED
COMPOUND:90809	tolmetin	Compound::DB00500	MATCHED
COMPOUND:90816	tretinoin	Compound::DB00755	MATCHED
COMPOUND:90821	trioxsalen	Compound::DB04571	MATCHED
COMPOUND:90830	uracil mustard	Compound::DB00791	MATCHED
COMPOUND:90834	vancomycin	Compound::DB00512	MATCHED
COMPOUND:90840	vidarabine	Compound::DB00194	MATCHED
COMPOUND:90842	vilazodone	Compound::DB06684	MATCHED
COMPOUND:90845	vismodegib	Compound::DB08828	MATCHED
COMPOUND:90846	vitamin a	Compound::DB00162	MATCHED
COMPOUND:90847	vitamin e	Compound::DB00163	MATCHED
COMPOUND:90852	voacamine	Compound::DB04877	MATCHED
COMPOUND:90861	xanthophyll	Compound::DB00137	MATCHED
COMPOUND:90864	xylometazoline	Compound::DB06694	MATCHED
COMPOUND:90865	zileuton	Compound::DB00744	MATCHED
COMPOUND:90866	zinc	Compound::DB01593	MATCHED
COMPOUND:910	famotidine	Compound::DB00927	MATCHED
COMPOUND:911	azacitidine	Compound::DB00928	MATCHED
COMPOUND:912	Misoprostol	Compound::DB00929	MATCHED
COMPOUND:914	methacycline	Compound::DB00931	MATCHED
COMPOUND:915	tipranavir	Compound::DB00932	MATCHED
COMPOUND:916	mesoridazine	Compound::DB00933	MATCHED
COMPOUND:917	maprotiline	Compound::DB00934	MATCHED
COMPOUND:918	Oxymetazoline	Compound::DB00935	MATCHED
COMPOUND:919	salicylic acid	Compound::DB00936	MATCHED
COMPOUND:920	diethylpropion	Compound::DB00937	MATCHED
COMPOUND:921	salmeterol	Compound::DB00938	MATCHED
COMPOUND:922	meclofenamic acid	Compound::DB00939	MATCHED
COMPOUND:923	methantheline	Compound::DB00940	MATCHED
COMPOUND:925	Cycrimine	Compound::DB00942	MATCHED
COMPOUND:926	zalcitabine	Compound::DB00943	MATCHED
COMPOUND:929	phenprocoumon	Compound::DB00946	MATCHED
COMPOUND:930	fulvestrant	Compound::DB00947	MATCHED
COMPOUND:931	Mezlocillin	Compound::DB00948	MATCHED
COMPOUND:932	felbamate	Compound::DB00949	MATCHED
COMPOUND:933	fexofenadine	Compound::DB00950	MATCHED
COMPOUND:934	Isoniazid	Compound::DB00951	MATCHED
COMPOUND:935	naratriptan	Compound::DB00952	MATCHED
COMPOUND:936	rizatriptan	Compound::DB00953	MATCHED
COMPOUND:937	dirithromycin	Compound::DB00954	MATCHED
COMPOUND:938	Netilmicin	Compound::DB00955	MATCHED
COMPOUND:939	hydrocodone	Compound::DB00956	MATCHED
COMPOUND:940	Norgestimate	Compound::DB00957	MATCHED
COMPOUND:941	carboplatin	Compound::DB00958	MATCHED
COMPOUND:942	Methylprednisolone	Compound::DB00959	MATCHED
COMPOUND:943	Pindolol	Compound::DB00960	MATCHED
COMPOUND:944	Mepivacaine	Compound::DB00961	MATCHED
COMPOUND:945	zaleplon	Compound::DB00962	MATCHED
COMPOUND:946	bromfenac	Compound::DB00963	MATCHED
COMPOUND:947	apraclonidine	Compound::DB00964	MATCHED
COMPOUND:949	Telmisartan	Compound::DB00966	MATCHED
COMPOUND:950	desloratadine	Compound::DB00967	MATCHED
COMPOUND:951	Methyldopa	Compound::DB00968	MATCHED
COMPOUND:952	alosetron	Compound::DB00969	MATCHED
COMPOUND:953	dactinomycin	Compound::DB00970	MATCHED
COMPOUND:954	selenium sulfide	Compound::DB00971	MATCHED
COMPOUND:955	Azelastine	Compound::DB00972	MATCHED
COMPOUND:957	edetic acid	Compound::DB00974	MATCHED
COMPOUND:958	dipyridamole	Compound::DB00975	MATCHED
COMPOUND:959	telithromycin	Compound::DB00976	MATCHED
COMPOUND:96	octreotide	Compound::DB00104	MATCHED
COMPOUND:961	Lomefloxacin	Compound::DB00978	MATCHED
COMPOUND:962	Cyclopentolate	Compound::DB00979	MATCHED
COMPOUND:963	ramelteon	Compound::DB00980	MATCHED
COMPOUND:964	Physostigmine	Compound::DB00981	MATCHED
COMPOUND:965	Isotretinoin	Compound::DB00982	MATCHED
COMPOUND:966	formoterol	Compound::DB00983	MATCHED
COMPOUND:967	Nandrolone phenpropionate	Compound::DB00984	MATCHED
COMPOUND:968	Dimenhydrinate	Compound::DB00985	MATCHED
COMPOUND:969	glycopyrrolate	Compound::DB00986	MATCHED
COMPOUND:970	cytarabine	Compound::DB00987	MATCHED
COMPOUND:971	dopamine	Compound::DB00988	MATCHED
COMPOUND:972	rivastigmine	Compound::DB00989	MATCHED
COMPOUND:973	exemestane	Compound::DB00990	MATCHED
COMPOUND:974	oxaprozin	Compound::DB00991	MATCHED
COMPOUND:975	methyl aminolevulinate	Compound::DB00992	MATCHED
COMPOUND:976	azathioprine	Compound::DB00993	MATCHED
COMPOUND:977	Neomycin	Compound::DB00994	MATCHED
COMPOUND:978	auranofin	Compound::DB00995	MATCHED
COMPOUND:979	gabapentin	Compound::DB00996	MATCHED
COMPOUND:980	doxorubicin	Compound::DB00997	MATCHED
COMPOUND:981	frovatriptan	Compound::DB00998	MATCHED
COMPOUND:982	hydrochlorothiazide	Compound::DB00999	MATCHED
COMPOUND:983	Cyclacillin	Compound::DB01000	MATCHED
COMPOUND:984	salbutamol	Compound::DB01001	MATCHED
COMPOUND:985	levobupivacaine	Compound::DB01002	MATCHED
COMPOUND:986	Cromoglicic acid	Compound::DB01003	MATCHED
COMPOUND:987	Ganciclovir	Compound::DB01004	MATCHED
COMPOUND:988	hydroxyurea	Compound::DB01005	MATCHED
COMPOUND:989	letrozole	Compound::DB01006	MATCHED
COMPOUND:990	Tioconazole	Compound::DB01007	MATCHED
COMPOUND:991	busulfan	Compound::DB01008	MATCHED
COMPOUND:992	Ketoprofen	Compound::DB01009	MATCHED
COMPOUND:993	Edrophonium	Compound::DB01010	MATCHED
COMPOUND:994	metyrapone	Compound::DB01011	MATCHED
COMPOUND:995	cinacalcet	Compound::DB01012	MATCHED
COMPOUND:996	Clobetasol propionate	Compound::DB01013	MATCHED
COMPOUND:997	balsalazide	Compound::DB01014	MATCHED
COMPOUND:998	Sulfamethoxazole	Compound::DB01015	MATCHED
COMPOUND:999	glyburide	Compound::DB01016	MATCHED
DISEASE:1262	Glaucoma	Disease::DOID:1686	MATCHED
DISEASE:1297	Gout	Disease::DOID:13189	MATCHED
DISEASE:137	Alopecia Areata	Disease::DOID:986	MATCHED
DISEASE:13704	Narcolepsy	Disease::DOID:8986	MATCHED
DISEASE:13710	Alcohol dependence	Disease::DOID:0050741	MATCHED
DISEASE:13715	Rheumatoid arthritis	Disease::DOID:7148	MATCHED
DISEASE:13767	Systemic lupus erythematosus	Disease::DOID:9074	MATCHED
DISEASE:13778	OBESITY	Disease::DOID:9970	MATCHED
DISEASE:13780	OSTEOPOROSIS	Disease::DOID:11476	MATCHED
DISEASE:13792	Schizophrenia	Disease::DOID:5419	MATCHED
DISEASE:13797	Gilles de la tourette syndrome	Disease::DOID:11119	MATCHED
DISEASE:13842	Pancreatic cancer	Disease::DOID:1793	MATCHED
DISEASE:13937	Prostate cancer	Disease::DOID:10283	MATCHED
DISEASE:13971	Ovarian cancer	Disease::DOID:2394	MATCHED
DISEASE:1417	Hepatitis B	Disease::DOID:2043	MATCHED
DISEASE:1597	Hypothyroidism	Disease::DOID:1459	MATCHED
DISEASE:160	Amyotrophic Lateral Sclerosis	Disease::DOID:332	MATCHED
DISEASE:16232	Cervical cancer	Disease::DOID:4362	MATCHED
DISEASE:168	Anemia	Disease::DOID:2355	MATCHED
DISEASE:1683	Intracranial Aneurysm	Disease::DOID:10941	MATCHED
DISEASE:1797	Leprosy	Disease::DOID:1024	MATCHED
DISEASE:1938	Malaria	Disease::DOID:12365	MATCHED
DISEASE:1984	Melanoma	Disease::DOID:1909	MATCHED
DISEASE:1994	Meningioma	Disease::DOID:3565	MATCHED
DISEASE:2096	Multiple Sclerosis	Disease::DOID:2377	MATCHED
DISEASE:2176	Narcolepsy	Disease::DOID:8986	MATCHED
DISEASE:2217	nephrolithiasis	Disease::DOID:585	MATCHED
DISEASE:2282	Obesity	Disease::DOID:9970	MATCHED
DISEASE:2350	Osteoarthritis	Disease::DOID:8398	MATCHED
DISEASE:2365	Osteoporosis	Disease::DOID:11476	MATCHED
DISEASE:2373	Otosclerosis	Disease::DOID:12185	MATCHED
DISEASE:2402	Pancreatitis	Disease::DOID:4989	MATCHED
DISEASE:2404	Panic Disorder	Disease::DOID:594	MATCHED
DISEASE:2482	Periodontitis	Disease::DOID:824	MATCHED
DISEASE:2578	Polycystic Ovary Syndrome	Disease::DOID:11612	MATCHED
DISEASE:2705	Psoriasis	Disease::DOID:8893	MATCHED
DISEASE:2797	Restless Legs Syndrome	Disease::DOID:0050425	MATCHED
DISEASE:282	Asthma	Disease::DOID:2841	MATCHED
DISEASE:2866	Sarcoma	Disease::DOID:1115	MATCHED
DISEASE:2885	Schizophrenia	Disease::DOID:5419	MATCHED
DISEASE:300	Autistic Disorder	Disease::DOID:12849	MATCHED
DISEASE:3378	Vitiligo	Disease::DOID:12306	MATCHED
DISEASE:350	Bipolar Disorder	Disease::DOID:3312	MATCHED
DISEASE:3506	Epilepsy syndrome	Disease::DOID:1826	MATCHED
DISEASE:3653	Celiac disease	Disease::DOID:10608	MATCHED
DISEASE:38	Acquired Immunodeficiency Syndrome	Disease::DOID:635	MATCHED
DISEASE:4022	Vitiligo	Disease::DOID:12306	MATCHED
DISEASE:4174	Kawasaki disease	Disease::DOID:13378	MATCHED
DISEASE:517	Celiac Disease	Disease::DOID:10608	MATCHED
DISEASE:613	Cleft Lip	Disease::DOID:9296	MATCHED
DISEASE:695	Coronary Artery Disease	Disease::DOID:3393	MATCHED
DISEASE:7426	Breast cancer	Disease::DOID:1612	MATCHED
DISEASE:795	Dental Caries	Disease::DOID:216	MATCHED
DISEASE:9074	Idiopathic pulmonary fibrosis	Disease::DOID:0050156	MATCHED
DISEASE:9563	Sclerosing cholangitis	Disease::DOID:14268	MATCHED
GENE:26309	Tat	Gene::6898	MATCHED
GENE:9630	KIAA0040	Gene::9674	MATCHED
GENE:9632	KIAA0100	Gene::9703	MATCHED
GENE:9633	KIAA0232	Gene::9778	MATCHED
GENE:9634	KIAA0319	Gene::9856	MATCHED
GENE:9636	KIAA0408	Gene::9729	MATCHED
GENE:9637	KIAA0513	Gene::9764	MATCHED
GENE:9638	KIAA0556	Gene::23247	MATCHED
GENE:9639	KIAA0586	Gene::9786	MATCHED
GENE:9640	KIAA0753	Gene::9851	MATCHED
GENE:9641	KIAA0754	Gene::643314	MATCHED
GENE:9642	KIAA0825	Gene::285600	MATCHED
GENE:9643	KIAA0895	Gene::23366	MATCHED
GENE:9645	KIAA0930	Gene::23313	MATCHED
GENE:9646	KIAA1107	Gene::23285	MATCHED
GENE:9647	KIAA1109	Gene::84162	MATCHED
GENE:9648	KIAA1143	Gene::57456	MATCHED
GENE:9649	KIAA1191	Gene::57179	MATCHED
GENE:9650	KIAA1210	Gene::57481	MATCHED
GENE:9651	KIAA1217	Gene::56243	MATCHED
GENE:9652	KIAA1257	Gene::57501	MATCHED
GENE:9654	KIAA1328	Gene::57536	MATCHED
GENE:9655	KIAA1522	Gene::57648	MATCHED
GENE:9656	KIAA1549	Gene::57670	MATCHED
GENE:9658	KIAA1586	Gene::57691	MATCHED
GENE:9659	KIAA1614	Gene::57710	MATCHED
GENE:9660	KIAA1671	Gene::85379	MATCHED
GENE:9661	KIAA1755	Gene::85449	MATCHED
GENE:9662	KIAA1958	Gene::158405	MATCHED
GENE:9663	KIAA2012	Gene::100652824	MATCHED
GENE:9664	KIAA2013	Gene::90231	MATCHED
GENE:9665	KIAA2026	Gene::158358	MATCHED
PATHWAY:10	Adherens junctions interactions	Pathway::PC7_1573	MATCHED
PATHWAY:1000	Histamine receptors	Pathway::PC7_4480	MATCHED
PATHWAY:1006	IRF3-mediated induction of type I IFN	Pathway::PC7_4660	MATCHED
PATHWAY:1007	Muscarinic acetylcholine receptors	Pathway::PC7_5550	MATCHED
PATHWAY:1008	Interaction between L1 and Ankyrins	Pathway::PC7_4765	MATCHED
PATHWAY:101	Mitochondrial protein import	Pathway::PC7_5517	MATCHED
PATHWAY:1010	Mitochondrial iron-sulfur cluster biogenesis	Pathway::PC7_5516	MATCHED
PATHWAY:1011	Electron transport from NADPH to Ferredoxin	Pathway::PC7_3651	MATCHED
PATHWAY:1013	N-Glycan antennae elongation	Pathway::PC7_5665	MATCHED
PATHWAY:1014	Fatty acids	Pathway::PC7_3883	MATCHED
PATHWAY:1015	Eicosanoids	Pathway::PC7_3647	MATCHED
PATHWAY:1016	Synthesis of Leukotrienes (LT) and Eoxins (EX)	Pathway::PC7_7740	MATCHED
PATHWAY:1018	Synthesis of IP3 and IP4 in the cytosol	Pathway::PC7_7736	MATCHED
PATHWAY:1019	Acetylcholine regulates insulin secretion	Pathway::PC7_1233	MATCHED
PATHWAY:1022	Vitamin B2 (riboflavin) metabolism	Pathway::PC7_8721	MATCHED
PATHWAY:1023	Highly calcium permeable postsynaptic nicotinic acetylcholine receptors	Pathway::PC7_4469	MATCHED
PATHWAY:1024	Highly calcium permeable nicotinic acetylcholine receptors	Pathway::PC7_4468	MATCHED
PATHWAY:1028	Acyl chain remodeling of DAG and TAG	Pathway::PC7_1557	MATCHED
PATHWAY:1029	Arachidonate production from DAG	Pathway::PC7_1692	MATCHED
PATHWAY:103	Regulation of KIT signaling	Pathway::PC7_6888	MATCHED
PATHWAY:1030	Agmatine biosynthesis	Pathway::PC7_1582	MATCHED
PATHWAY:1032	Miscellaneous substrates	Pathway::PC7_5508	MATCHED
PATHWAY:1033	Synthesis of (16-20)-hydroxyeicosatetraenoic acids (HETE)	Pathway::PC7_7726	MATCHED
PATHWAY:1035	Inositol transporters	Pathway::PC7_4744	MATCHED
PATHWAY:1040	TRAF6 mediated NF-kB activation	Pathway::PC7_8057	MATCHED
PATHWAY:1041	NF-kB activation through FADD/RIP-1 pathway mediated by caspase-8 and -10	Pathway::PC7_5708	MATCHED
PATHWAY:1042	IRAK1 recruits IKK complex	Pathway::PC7_4653	MATCHED
PATHWAY:1048	Synthesis of PG	Pathway::PC7_7745	MATCHED
PATHWAY:1049	STING mediated induction of host immune responses	Pathway::PC7_7372	MATCHED
PATHWAY:105	Factors involved in megakaryocyte development and platelet production	Pathway::PC7_3869	MATCHED
PATHWAY:1050	Creatine metabolism	Pathway::PC7_2703	MATCHED
PATHWAY:1051	Regulation of Apoptosis	Pathway::PC7_6877	MATCHED
PATHWAY:1052	Transport of inorganic cations/anions and amino acids/oligopeptides	Pathway::PC7_8354	MATCHED
PATHWAY:1053	Interleukin-7 signaling	Pathway::PC7_4782	MATCHED
PATHWAY:1054	Growth hormone receptor signaling	Pathway::PC7_4306	MATCHED
PATHWAY:1055	NOSTRIN mediated eNOS trafficking	Pathway::PC7_5782	MATCHED
PATHWAY:1056	NGF-independant TRKA activation	Pathway::PC7_5773	MATCHED
PATHWAY:1058	Synthesis of Dolichyl-phosphate	Pathway::PC7_7732	MATCHED
PATHWAY:106	Sialic acid metabolism	Pathway::PC7_7434	MATCHED
PATHWAY:1060	Triglyceride biosynthesis	Pathway::PC7_8424	MATCHED
PATHWAY:1061	Conjugation of phenylacetate with glutamine	Pathway::PC7_2677	MATCHED
PATHWAY:1065	Netrin-1 signaling	Pathway::PC7_5884	MATCHED
PATHWAY:1066	Sperm Motility And Taxes	Pathway::PC7_7646	MATCHED
PATHWAY:1068	Scavenging by Class A Receptors	Pathway::PC7_7392	MATCHED
PATHWAY:1069	Nef mediated downregulation of CD28 cell surface expression	Pathway::PC7_5872	MATCHED
PATHWAY:1070	Nef Mediated CD4 Down-regulation	Pathway::PC7_5869	MATCHED
PATHWAY:1071	Nef Mediated CD8 Down-regulation	Pathway::PC7_5870	MATCHED
PATHWAY:1072	Gap junction degradation	Pathway::PC7_4102	MATCHED
PATHWAY:1073	Formation of annular gap junctions	Pathway::PC7_3964	MATCHED
PATHWAY:1074	Trafficking of GluR2-containing AMPA receptors	Pathway::PC7_8312	MATCHED
PATHWAY:1075	WNT5A-dependent internalization of FZD4	Pathway::PC7_8776	MATCHED
PATHWAY:1076	WNT5A-dependent internalization of FZD2, FZD5 and ROR2	Pathway::PC7_8775	MATCHED
PATHWAY:1077	Caspase-mediated cleavage of cytoskeletal proteins	Pathway::PC7_2508	MATCHED
PATHWAY:1079	Terminal pathway of complement	Pathway::PC7_8154	MATCHED
PATHWAY:108	HCN channels	Pathway::PC7_4318	MATCHED
PATHWAY:1080	Vitamin C (ascorbate) metabolism	Pathway::PC7_8725	MATCHED
PATHWAY:1083	Digestion of dietary lipid	Pathway::PC7_3167	MATCHED
PATHWAY:1084	Tryptophan catabolism	Pathway::PC7_8432	MATCHED
PATHWAY:1085	Vitamin D (calciferol) metabolism	Pathway::PC7_8726	MATCHED
PATHWAY:1086	Vitamins	Pathway::PC7_8761	MATCHED
PATHWAY:109	G alpha (i) signalling events	Pathway::PC7_3992	MATCHED
PATHWAY:1091	Serotonin and melatonin biosynthesis	Pathway::PC7_7431	MATCHED
PATHWAY:1097	Sodium/Calcium exchangers	Pathway::PC7_7644	MATCHED
PATHWAY:1099	Binding and entry of HIV virion	Pathway::PC7_2096	MATCHED
PATHWAY:110	Relaxin receptors	Pathway::PC7_6924	MATCHED
PATHWAY:1100	Abacavir metabolism	Pathway::PC7_1219	MATCHED
PATHWAY:1101	Ethanol oxidation	Pathway::PC7_3756	MATCHED
PATHWAY:1102	Class A/1 (Rhodopsin-like receptors)	Pathway::PC7_2620	MATCHED
PATHWAY:1105	Asparagine N-linked glycosylation	Pathway::PC7_1750	MATCHED
PATHWAY:1106	Glutathione synthesis and recycling	Pathway::PC7_4258	MATCHED
PATHWAY:1107	Aflatoxin activation and detoxification	Pathway::PC7_1581	MATCHED
PATHWAY:1108	The IPAF inflammasome	Pathway::PC7_8224	MATCHED
PATHWAY:1109	Activation of the phototransduction cascade	Pathway::PC7_1553	MATCHED
PATHWAY:111	Beta-catenin phosphorylation cascade	Pathway::PC7_2072	MATCHED
PATHWAY:1111	PI Metabolism	Pathway::PC7_6147	MATCHED
PATHWAY:1116	Neurofascin interactions	Pathway::PC7_5886	MATCHED
PATHWAY:1118	Extracellular matrix organization	Pathway::PC7_3777	MATCHED
PATHWAY:1119	Assembly of collagen fibrils and other multimeric structures	Pathway::PC7_1812	MATCHED
PATHWAY:112	Disassembly of the destruction complex and recruitment of AXIN to the membrane	Pathway::PC7_11463	MATCHED
PATHWAY:1120	Integrin cell surface interactions	Pathway::PC7_4758	MATCHED
PATHWAY:1121	Anchoring fibril formation	Pathway::PC7_1657	MATCHED
PATHWAY:1122	Crosslinking of collagen fibrils	Pathway::PC7_2707	MATCHED
PATHWAY:1123	Syndecan interactions	Pathway::PC7_7717	MATCHED
PATHWAY:1124	ECM proteoglycans	Pathway::PC7_3366	MATCHED
PATHWAY:1125	GP1b-IX-V activation signalling	Pathway::PC7_4042	MATCHED
PATHWAY:1126	Platelet Adhesion to exposed collagen	Pathway::PC7_6510	MATCHED
PATHWAY:1127	Platelet Aggregation (Plug Formation)	Pathway::PC7_6511	MATCHED
PATHWAY:113	Attachment of GPI anchor to uPAR	Pathway::PC7_1849	MATCHED
PATHWAY:1130	Signaling by PDGF	Pathway::PC7_7475	MATCHED
PATHWAY:1131	NCAM1 interactions	Pathway::PC7_5698	MATCHED
PATHWAY:1132	Type I hemidesmosome assembly	Pathway::PC7_8444	MATCHED
PATHWAY:1134	Voltage gated Potassium channels	Pathway::PC7_8763	MATCHED
PATHWAY:1135	Methylation	Pathway::PC7_5373	MATCHED
PATHWAY:1137	Enzymatic degradation of Dopamine by monoamine oxidase	Pathway::PC7_3674	MATCHED
PATHWAY:1138	Metal ion SLC transporters	Pathway::PC7_5339	MATCHED
PATHWAY:1139	Fructose catabolism	Pathway::PC7_3985	MATCHED
PATHWAY:114	G alpha (12/13) signalling events	Pathway::PC7_3991	MATCHED
PATHWAY:1142	G1/S-Specific Transcription	Pathway::PC7_4006	MATCHED
PATHWAY:1144	Proton-coupled monocarboxylate transport	Pathway::PC7_6644	MATCHED
PATHWAY:1145	Nicotinate metabolism	Pathway::PC7_5909	MATCHED
PATHWAY:1146	Adenosine P1 receptors	Pathway::PC7_1565	MATCHED
PATHWAY:1147	SLBP independent Processing of Histone Pre-mRNAs	Pathway::PC7_7289	MATCHED
PATHWAY:1148	SLBP Dependent Processing of Replication-Dependent Histone Pre-mRNAs	Pathway::PC7_7288	MATCHED
PATHWAY:1149	Amine ligand-binding receptors	Pathway::PC7_1624	MATCHED
PATHWAY:1150	Heme biosynthesis	Pathway::WP561_r72035	MATCHED
PATHWAY:1155	Membrane binding and targetting of GAG proteins	Pathway::PC7_5308	MATCHED
PATHWAY:1157	Interconversion of 2-oxoglutarate and 2-hydroxyglutarate	Pathway::PC7_4769	MATCHED
PATHWAY:1158	Netrin mediated repulsion signals	Pathway::PC7_5883	MATCHED
PATHWAY:116	Initial triggering of complement	Pathway::PC7_4739	MATCHED
PATHWAY:1160	PKA-mediated phosphorylation of CREB	Pathway::PC7_6173	MATCHED
PATHWAY:1161	CREB phosphorylation	Pathway::PC7_2331	MATCHED
PATHWAY:1162	NCAM signaling for neurite out-growth	Pathway::PC7_5697	MATCHED
PATHWAY:1164	Gastrin-CREB signalling pathway via PKC and MAPK	Pathway::PC7_4107	MATCHED
PATHWAY:1168	Activation of the AP-1 family of transcription factors	Pathway::PC7_1551	MATCHED
PATHWAY:1169	LRR FLII-interacting protein 1 (LRRFIP1) activates type I IFN production	Pathway::PC7_4945	MATCHED
PATHWAY:117	Activation of C3 and C5	Pathway::PC7_1528	MATCHED
PATHWAY:1172	TRAF3-dependent IRF activation pathway	Pathway::PC7_8053	MATCHED
PATHWAY:118	Regulation of Complement cascade	Pathway::PC7_6880	MATCHED
PATHWAY:1184	Synthesis, secretion, and deacylation of Ghrelin	Pathway::PC7_7766	MATCHED
PATHWAY:1186	Synthesis, secretion, and inactivation of Glucose-dependent Insulinotropic Polypeptide (GIP)	Pathway::PC7_7768	MATCHED
PATHWAY:1187	ARMS-mediated activation	Pathway::PC7_1163	MATCHED
PATHWAY:1188	Downstream signal transduction	Pathway::PC7_3325	MATCHED
PATHWAY:1189	p130Cas linkage to MAPK signaling for integrins	Pathway::PC7_12264	MATCHED
PATHWAY:1193	Regulation of signaling by CBL	Pathway::PC7_6919	MATCHED
PATHWAY:1195	Signaling by VEGF	Pathway::PC7_7482	MATCHED
PATHWAY:1197	Classical antibody-mediated complement activation	Pathway::PC7_2629	MATCHED
PATHWAY:1198	Activation of BMF and translocation to mitochondria	Pathway::PC7_1527	MATCHED
PATHWAY:1199	HSF1-dependent transactivation	Pathway::PC7_4417	MATCHED
PATHWAY:120	Antigen processing: Ubiquitination & Proteasome degradation	Pathway::PC7_1672	MATCHED
PATHWAY:1201	Downregulation of SMAD2/3:SMAD4 transcriptional activity	Pathway::PC7_3322	MATCHED
PATHWAY:1203	Beta oxidation of butanoyl-CoA to acetyl-CoA	Pathway::PC7_2065	MATCHED
PATHWAY:1206	p38MAPK events	Pathway::PC7_12268	MATCHED
PATHWAY:1207	ERK/MAPK targets	Pathway::PC7_3434	MATCHED
PATHWAY:1208	DSCAM interactions	Pathway::PC7_2968	MATCHED
PATHWAY:1209	Platelet sensitization by LDL	Pathway::PC7_6516	MATCHED
PATHWAY:1210	FGFR2b ligand binding and activation	Pathway::PC7_3824	MATCHED
PATHWAY:1213	Interleukin receptor SHC signaling	Pathway::PC7_4775	MATCHED
PATHWAY:1218	Prolactin receptor signaling	Pathway::PC7_6616	MATCHED
PATHWAY:1219	MicroRNA (miRNA) biogenesis	Pathway::PC7_5444	MATCHED
PATHWAY:122	Toll Like Receptor 4 (TLR4) Cascade	Pathway::PC7_8288	MATCHED
PATHWAY:1220	GAB1 signalosome	Pathway::PC7_4012	MATCHED
PATHWAY:1221	Phosphorylation of CD3 and TCR zeta chains	Pathway::PC7_6463	MATCHED
PATHWAY:1222	PD-1 signaling	Pathway::PC7_6128	MATCHED
PATHWAY:1225	Signal transduction by L1	Pathway::PC7_7438	MATCHED
PATHWAY:1226	Adrenoceptors	Pathway::PC7_1578	MATCHED
PATHWAY:1228	Organic anion transporters	Pathway::PC7_6059	MATCHED
PATHWAY:1229	Synthesis of PIPs at the plasma membrane	Pathway::PC7_7751	MATCHED
PATHWAY:1230	Release of Hh-Np from the secreting cell	Pathway::PC7_6925	MATCHED
PATHWAY:1232	IRF3 mediated activation of type 1 IFN	Pathway::PC7_4658	MATCHED
PATHWAY:1233	Regulation of innate immune responses to cytosolic DNA	Pathway::PC7_6908	MATCHED
PATHWAY:1237	Deactivation of the beta-catenin transactivating complex	Pathway::PC7_11357	MATCHED
PATHWAY:1238	Repression of WNT target genes	Pathway::PC7_12488	MATCHED
PATHWAY:124	TRIF-mediated programmed cell death	Pathway::PC7_8064	MATCHED
PATHWAY:1255	Binding of TCF/LEF:CTNNB1 to target gene promoters	Pathway::PC7_11039	MATCHED
PATHWAY:1258	Adrenaline signalling through Alpha-2 adrenergic receptor	Pathway::PC7_1576	MATCHED
PATHWAY:1260	Interleukin-1 processing	Pathway::PC7_4777	MATCHED
PATHWAY:1262	Endosomal/Vacuolar pathway	Pathway::PC7_3667	MATCHED
PATHWAY:1264	Pyrimidine catabolism	Pathway::PC7_6661	MATCHED
PATHWAY:1265	Costimulation by the CD28 family	Pathway::PC7_2701	MATCHED
PATHWAY:1266	betaKlotho-mediated ligand binding	Pathway::PC7_11020	MATCHED
PATHWAY:1269	Proton-coupled neutral amino acid transporters	Pathway::PC7_6645	MATCHED
PATHWAY:127	IKK complex recruitment mediated by RIP1	Pathway::PC7_4587	MATCHED
PATHWAY:1271	Cross-presentation of particulate exogenous antigens (phagosomes)	Pathway::PC7_2705	MATCHED
PATHWAY:1272	The activation of arylsulfatases	Pathway::PC7_8227	MATCHED
PATHWAY:1274	Synthesis of epoxy (EET) and dihydroxyeicosatrienoic acids (DHET)	Pathway::PC7_7761	MATCHED
PATHWAY:1279	CYP2E1 reactions	Pathway::PC7_2379	MATCHED
PATHWAY:1282	Early Phase of HIV Life Cycle	Pathway::PC7_3629	MATCHED
PATHWAY:1286	Assembly Of The HIV Virion	Pathway::PC7_1810	MATCHED
PATHWAY:1287	Alpha-defensins	Pathway::PC7_1596	MATCHED
PATHWAY:1290	Late Phase of HIV Life Cycle	Pathway::PC7_4948	MATCHED
PATHWAY:1291	Nef and signal transduction	Pathway::PC7_5871	MATCHED
PATHWAY:1293	Sterols are 12-hydroxylated by CYP8B1	Pathway::PC7_7679	MATCHED
PATHWAY:1294	Glucocorticoid biosynthesis	Pathway::PC7_4160	MATCHED
PATHWAY:1297	Arachidonic acid metabolism	Pathway::PC7_1693	MATCHED
PATHWAY:1299	Estrogen biosynthesis	Pathway::PC7_3752	MATCHED
PATHWAY:13	Activation of BAD and translocation to mitochondria	Pathway::PC7_1523	MATCHED
PATHWAY:1307	Pyruvate metabolism	Pathway::PC7_6669	MATCHED
PATHWAY:1315	Catecholamine biosynthesis	Pathway::PC7_2516	MATCHED
PATHWAY:1316	DCC mediated attractive signaling	Pathway::PC7_2928	MATCHED
PATHWAY:1317	Role of second messengers in netrin-1 signaling	Pathway::PC7_6996	MATCHED
PATHWAY:1318	Regulation of commissural axon pathfinding by SLIT and ROBO	Pathway::PC7_6879	MATCHED
PATHWAY:1319	mitochondrial fatty acid beta-oxidation of unsaturated fatty acids	Pathway::PC7_12150	MATCHED
PATHWAY:132	DNA Damage Recognition in GG-NER	Pathway::PC7_2947	MATCHED
PATHWAY:1320	Lysosphingolipid and LPA receptors	Pathway::PC7_5048	MATCHED
PATHWAY:1323	Advanced glycosylation endproduct receptor signaling	Pathway::PC7_1580	MATCHED
PATHWAY:1324	Eicosanoid ligand-binding receptors	Pathway::PC7_3646	MATCHED
PATHWAY:1326	DEx/H-box helicases activate type I IFN and inflammatory cytokines production	Pathway::PC7_2942	MATCHED
PATHWAY:1329	Propionyl-CoA catabolism	Pathway::PC7_6620	MATCHED
PATHWAY:1331	Striated Muscle Contraction	Pathway::WP383_r80200	MATCHED
PATHWAY:1332	Alternative complement activation	Pathway::PC7_1607	MATCHED
PATHWAY:1334	Release of apoptotic factors from the mitochondria	Pathway::PC7_6926	MATCHED
PATHWAY:1335	Zinc efflux and compartmentalization by the SLC30 family	Pathway::PC7_8833	MATCHED
PATHWAY:1337	Tetrahydrobiopterin (BH4) synthesis, recycling, salvage and regulation	Pathway::PC7_8208	MATCHED
PATHWAY:1338	Pyrimidine biosynthesis	Pathway::PC7_6660	MATCHED
PATHWAY:1340	Regulation of thyroid hormone activity	Pathway::PC7_6922	MATCHED
PATHWAY:1341	Regulation of pyruvate dehydrogenase (PDH) complex	Pathway::PC7_6917	MATCHED
PATHWAY:1345	NrCAM interactions	Pathway::PC7_5984	MATCHED
PATHWAY:1346	Activation of Ca-permeable Kainate Receptor	Pathway::PC7_1529	MATCHED
PATHWAY:135	Pre-NOTCH Transcription and Translation	Pathway::PC7_6564	MATCHED
PATHWAY:1351	Glycogen breakdown (glycogenolysis)	Pathway::PC7_4265	MATCHED
PATHWAY:1354	Degradation of GABA	Pathway::PC7_3059	MATCHED
PATHWAY:1356	Dopamine receptors	Pathway::PC7_3318	MATCHED
PATHWAY:1358	GRB2 events in EGFR signaling	Pathway::PC7_4061	MATCHED
PATHWAY:1359	SHC1 events in EGFR signaling	Pathway::PC7_7266	MATCHED
PATHWAY:136	Regulation of gene expression in late stage (branching morphogenesis) pancreatic bud precursor cells	Pathway::PC7_6907	MATCHED
PATHWAY:1360	EGFR interacts with phospholipase C-gamma	Pathway::PC7_3386	MATCHED
PATHWAY:1361	EGFR Transactivation by Gastrin	Pathway::PC7_3384	MATCHED
PATHWAY:1364	ERKs are inactivated	Pathway::PC7_3437	MATCHED
PATHWAY:1365	PCP/CE pathway	Pathway::PC7_6108	MATCHED
PATHWAY:1366	Negative regulation of TCF-dependent signaling by DVL-interacting proteins	Pathway::PC7_12187	MATCHED
PATHWAY:1367	Activation of NOXA and translocation to mitochondria	Pathway::PC7_1540	MATCHED
PATHWAY:1368	Inhibition of replication initiation of damaged DNA by RB1/E2F1	Pathway::PC7_4736	MATCHED
PATHWAY:1369	Activation of PUMA and translocation to mitochondria	Pathway::PC7_1545	MATCHED
PATHWAY:137	NOTCH2 intracellular domain regulates transcription	Pathway::PC7_5789	MATCHED
PATHWAY:1370	Beta oxidation of lauroyl-CoA to decanoyl-CoA-CoA	Pathway::PC7_2068	MATCHED
PATHWAY:1371	Beta oxidation of decanoyl-CoA to octanoyl-CoA-CoA	Pathway::PC7_2066	MATCHED
PATHWAY:1373	Beta oxidation of hexanoyl-CoA to butanoyl-CoA	Pathway::PC7_2067	MATCHED
PATHWAY:1376	Sulfur amino acid metabolism	Pathway::PC7_7703	MATCHED
PATHWAY:1378	Eukaryotic Translation Elongation	Pathway::PC7_3772	MATCHED
PATHWAY:1380	Small interfering RNA (siRNA) biogenesis	Pathway::PC7_7623	MATCHED
PATHWAY:1381	Post-transcriptional silencing by small RNAs	Pathway::PC7_6538	MATCHED
PATHWAY:1386	EPH-Ephrin signaling	Pathway::PC7_3415	MATCHED
PATHWAY:1387	PLCG1 events in ERBB2 signaling	Pathway::PC7_6180	MATCHED
PATHWAY:1388	PERK regulates gene expression	Pathway::PC7_6143	MATCHED
PATHWAY:1389	Recycling of eIF2:GDP	Pathway::PC7_6867	MATCHED
PATHWAY:1390	PAOs oxidise polyamines to amines	Pathway::PC7_6097	MATCHED
PATHWAY:1391	Interconversion of polyamines	Pathway::PC7_4770	MATCHED
PATHWAY:1393	Activation of the mRNA upon binding of the cap-binding complex and eIFs, and subsequent binding to 43S	Pathway::PC7_1552	MATCHED
PATHWAY:1400	Synthesis of PIPs at the Golgi membrane	Pathway::PC7_7748	MATCHED
PATHWAY:1401	Synthesis of PIPs at the early endosome membrane	Pathway::PC7_7749	MATCHED
PATHWAY:1402	Synthesis of PIPs at the late endosome membrane	Pathway::PC7_7750	MATCHED
PATHWAY:1405	GABA receptor activation	Pathway::PC7_4016	MATCHED
PATHWAY:1406	Nuclear Envelope Breakdown	Pathway::PC7_5985	MATCHED
PATHWAY:1411	Transport of nucleosides and free purine and pyrimidine bases across the plasma membrane	Pathway::PC7_8355	MATCHED
PATHWAY:1415	Cellular response to hypoxia	Pathway::PC7_2531	MATCHED
PATHWAY:1416	Transcriptional regulation of pluripotent stem cells	Pathway::PC7_8327	MATCHED
PATHWAY:1419	POU5F1 (OCT4), SOX2, NANOG activate genes related to proliferation	Pathway::PC7_6200	MATCHED
PATHWAY:142	RAF/MAP kinase cascade	Pathway::PC7_6747	MATCHED
PATHWAY:1421	SUMO is proteolytically processed	Pathway::PC7_7385	MATCHED
PATHWAY:1426	GRB7 events in ERBB2 signaling	Pathway::PC7_4064	MATCHED
PATHWAY:1428	Inhibition of TSC complex formation by PKB	Pathway::PC7_4734	MATCHED
PATHWAY:1429	IRE1alpha activates chaperones	Pathway::PC7_4657	MATCHED
PATHWAY:1434	Scavenging of heme from plasma	Pathway::PC7_7396	MATCHED
PATHWAY:1436	Gamma-carboxylation of protein precursors	Pathway::PC7_4099	MATCHED
PATHWAY:1437	Transport of gamma-carboxylated protein precursors from the endoplasmic reticulum to the Golgi apparatus	Pathway::PC7_8351	MATCHED
PATHWAY:1438	Removal of aminoterminal propeptides from gamma-carboxylated proteins	Pathway::PC7_6929	MATCHED
PATHWAY:144	Regulation of HSF1-mediated heat shock response	Pathway::PC7_6883	MATCHED
PATHWAY:1441	Linoleic acid (LA) metabolism	Pathway::PC7_4968	MATCHED
PATHWAY:1460	Interleukin-2 signaling	Pathway::PC7_4779	MATCHED
PATHWAY:1461	Vitamin B5 (pantothenate) metabolism	Pathway::PC7_8722	MATCHED
PATHWAY:1463	TGF-beta receptor signaling activates SMADs	Pathway::PC7_7796	MATCHED
PATHWAY:1464	Fc epsilon receptor (FCERI) signaling	Pathway::PC7_3884	MATCHED
PATHWAY:1465	Role of LAT2/NTAL/LAB on calcium mobilization	Pathway::PC7_6994	MATCHED
PATHWAY:1466	FCGR activation	Pathway::PC7_3808	MATCHED
PATHWAY:147	Condensation of Prophase Chromosomes	Pathway::PC7_2674	MATCHED
PATHWAY:1470	Class C/3 (Metabotropic glutamate/pheromone receptors)	Pathway::PC7_2622	MATCHED
PATHWAY:1471	Regulation of gene expression in beta cells	Pathway::PC7_6904	MATCHED
PATHWAY:1472	Carnitine synthesis	Pathway::PC7_2505	MATCHED
PATHWAY:1473	GRB2:SOS provides linkage to MAPK signaling for Integrins	Pathway::PC7_4063	MATCHED
PATHWAY:1476	FGFR4 ligand binding and activation	Pathway::PC7_3829	MATCHED
PATHWAY:1477	FGFR1b ligand binding and activation	Pathway::PC7_3820	MATCHED
PATHWAY:1478	FGFR3b ligand binding and activation	Pathway::PC7_3827	MATCHED
PATHWAY:148	Condensation of Prometaphase Chromosomes	Pathway::PC7_2673	MATCHED
PATHWAY:1480	FGFR1c ligand binding and activation	Pathway::PC7_3822	MATCHED
PATHWAY:1481	FGFR2c ligand binding and activation	Pathway::PC7_3825	MATCHED
PATHWAY:1482	Activated point mutants of FGFR2	Pathway::PC7_1518	MATCHED
PATHWAY:149	Electric Transmission Across Gap Junctions	Pathway::PC7_3650	MATCHED
PATHWAY:1492	Regulation of gene expression in early pancreatic precursor cells	Pathway::PC7_6905	MATCHED
PATHWAY:1494	FGFR1c and Klotho ligand binding and activation	Pathway::PC7_3821	MATCHED
PATHWAY:15	Downregulation of ERBB2:ERBB3 signaling	Pathway::PC7_3320	MATCHED
PATHWAY:150	Gap junction assembly	Pathway::PC7_4101	MATCHED
PATHWAY:1502	VEGF binds to VEGFR leading to receptor dimerization	Pathway::PC7_8660	MATCHED
PATHWAY:1504	TGF-beta receptor signaling in EMT (epithelial to mesenchymal transition)	Pathway::PC7_7797	MATCHED
PATHWAY:1506	RAF activation	Pathway::PC7_6745	MATCHED
PATHWAY:1511	The NLRP1 inflammasome	Pathway::PC7_8225	MATCHED
PATHWAY:1513	Formation of apoptosome	Pathway::PC7_3965	MATCHED
PATHWAY:1517	Synthesis of PIPs at the ER membrane	Pathway::PC7_7747	MATCHED
PATHWAY:1518	Abortive elongation of HIV-1 transcript in the absence of Tat	Pathway::PC7_1224	MATCHED
PATHWAY:1524	Pentose phosphate pathway	Pathway::WP134_r82700	MATCHED
PATHWAY:1528	Synthesis of Lipoxins (LX)	Pathway::PC7_7741	MATCHED
PATHWAY:1529	Elevation of cytosolic Ca2+ levels	Pathway::PC7_3652	MATCHED
PATHWAY:153	Separation of Sister Chromatids	Pathway::PC7_7427	MATCHED
PATHWAY:1530	Platelet homeostasis	Pathway::PC7_6515	MATCHED
PATHWAY:1535	Scavenging by Class H Receptors	Pathway::PC7_7395	MATCHED
PATHWAY:1536	Formation of the active cofactor, UDP-glucuronate	Pathway::PC7_3971	MATCHED
PATHWAY:1538	N-glycan trimming in the ER and Calnexin/Calreticulin cycle	Pathway::PC7_5680	MATCHED
PATHWAY:1539	Calnexin/calreticulin cycle	Pathway::PC7_2460	MATCHED
PATHWAY:154	Resolution of Sister Chromatid Cohesion	Pathway::PC7_6941	MATCHED
PATHWAY:1540	Neurophilin interactions with VEGF and VEGFR	Pathway::PC7_5888	MATCHED
PATHWAY:156	Deposition of new CENPA-containing nucleosomes at the centromere	Pathway::PC7_3073	MATCHED
PATHWAY:1560	Fatty Acids bound to GPR40 (FFAR1) regulate insulin secretion	Pathway::PC7_3877	MATCHED
PATHWAY:1561	FMO oxidises nucleophiles	Pathway::PC7_3845	MATCHED
PATHWAY:1565	Bicarbonate transporters	Pathway::PC7_2089	MATCHED
PATHWAY:1566	Regulated proteolysis of p75NTR	Pathway::PC7_6871	MATCHED
PATHWAY:1567	NRIF signals cell death from the nucleus	Pathway::PC7_5835	MATCHED
PATHWAY:157	Fanconi Anemia Pathway	Pathway::PC7_3875	MATCHED
PATHWAY:1572	Pre-NOTCH Processing in the Endoplasmic Reticulum	Pathway::PC7_6563	MATCHED
PATHWAY:1573	Zinc influx into cells by the SLC39 gene family	Pathway::PC7_8834	MATCHED
PATHWAY:1574	Formation of Senescence-Associated Heterochromatin Foci (SAHF)	Pathway::PC7_3962	MATCHED
PATHWAY:1575	Synthesis of glycosylphosphatidylinositol (GPI)	Pathway::PC7_7762	MATCHED
PATHWAY:1576	Formyl peptide receptors bind formyl peptides and many other ligands	Pathway::PC7_3975	MATCHED
PATHWAY:1579	E2F-enabled inhibition of pre-replication complex formation	Pathway::PC7_3363	MATCHED
PATHWAY:158	Mitotic Prometaphase	Pathway::PC7_5533	MATCHED
PATHWAY:1580	CDC6 association with the ORC:origin complex	Pathway::PC7_2264	MATCHED
PATHWAY:1582	DNA replication initiation	Pathway::PC7_2955	MATCHED
PATHWAY:1594	Synthesis of 12-eicosatetraenoic acid derivatives	Pathway::PC7_7727	MATCHED
PATHWAY:1598	Synthesis of 5-eicosatetraenoic acids	Pathway::PC7_7729	MATCHED
PATHWAY:16	AKT phosphorylates targets in the cytosol	Pathway::PC7_1063	MATCHED
PATHWAY:1607	Synthesis of 15-eicosatetraenoic acid derivatives	Pathway::PC7_7728	MATCHED
PATHWAY:1611	Generation of second messenger molecules	Pathway::PC7_4115	MATCHED
PATHWAY:1612	PECAM1 interactions	Pathway::PC7_6142	MATCHED
PATHWAY:1613	CD28 co-stimulation	Pathway::PC7_2251	MATCHED
PATHWAY:1614	CD28 dependent Vav1 pathway	Pathway::PC7_2253	MATCHED
PATHWAY:1617	Synthesis of IPs in the nucleus	Pathway::PC7_7738	MATCHED
PATHWAY:1618	Acyl chain remodeling of CL	Pathway::PC7_1556	MATCHED
PATHWAY:162	Endosomal Sorting Complex Required For Transport (ESCRT)	Pathway::PC7_3666	MATCHED
PATHWAY:1627	GABA synthesis	Pathway::PC7_4018	MATCHED
PATHWAY:1629	Signalling to RAS	Pathway::PC7_7504	MATCHED
PATHWAY:1631	Galactose catabolism	Pathway::PC7_4093	MATCHED
PATHWAY:1641	Signaling by Leptin	Pathway::PC7_7462	MATCHED
PATHWAY:1644	Plasmalogen biosynthesis	Pathway::PC7_6508	MATCHED
PATHWAY:1645	Golgi Cisternae Pericentriolar Stack Reorganization	Pathway::PC7_4301	MATCHED
PATHWAY:1650	Translocation of ZAP-70 to Immunological synapse	Pathway::PC7_8338	MATCHED
PATHWAY:1651	Metabolism of polyamines	Pathway::PC7_5329	MATCHED
PATHWAY:1652	Sodium-coupled sulphate, di- and tri-carboxylate transporters	Pathway::PC7_7643	MATCHED
PATHWAY:1653	Phosphorylation of Emi1	Pathway::PC7_6464	MATCHED
PATHWAY:1654	Mitotic Metaphase/Anaphase Transition	Pathway::PC7_5532	MATCHED
PATHWAY:1655	Glycogen synthesis	Pathway::PC7_4267	MATCHED
PATHWAY:1661	Synthesis of UDP-N-acetyl-glucosamine	Pathway::PC7_7754	MATCHED
PATHWAY:1670	Oligomerization of connexins into connexons	Pathway::PC7_6045	MATCHED
PATHWAY:1672	Regulation of gap junction activity	Pathway::PC7_6902	MATCHED
PATHWAY:1674	NADE modulates death signalling	Pathway::PC7_5689	MATCHED
PATHWAY:1675	Transport of connexons to the plasma membrane	Pathway::PC7_8349	MATCHED
PATHWAY:1676	Pyrophosphate hydrolysis	Pathway::PC7_6666	MATCHED
PATHWAY:1677	Synthesis of IP2, IP, and Ins in the cytosol	Pathway::PC7_7735	MATCHED
PATHWAY:1678	Glycerophospholipid biosynthesis	Pathway::PC7_4262	MATCHED
PATHWAY:1679	Neurotransmitter release cycle	Pathway::PC7_5891	MATCHED
PATHWAY:168	Purine catabolism	Pathway::PC7_6649	MATCHED
PATHWAY:1681	Hydroxycarboxylic acid-binding receptors	Pathway::PC7_4532	MATCHED
PATHWAY:1685	RSK activation	Pathway::PC7_6826	MATCHED
PATHWAY:1688	Astrocytic Glutamate-Glutamine Uptake And Metabolism	Pathway::PC7_1820	MATCHED
PATHWAY:169	O-linked glycosylation of mucins	Pathway::PC7_6001	MATCHED
PATHWAY:1690	Methionine salvage pathway	Pathway::PC7_5360	MATCHED
PATHWAY:1692	Passive transport by Aquaporins	Pathway::PC7_6373	MATCHED
PATHWAY:1694	Peroxisomal lipid metabolism	Pathway::PC7_6403	MATCHED
PATHWAY:1695	Tie2 Signaling	Pathway::PC7_8275	MATCHED
PATHWAY:1697	Scavenging by Class B Receptors	Pathway::PC7_7393	MATCHED
PATHWAY:1698	Regulation of FZD by ubiquitination	Pathway::PC7_12487	MATCHED
PATHWAY:17	AKT phosphorylates targets in the nucleus	Pathway::PC7_1064	MATCHED
PATHWAY:170	DAP12 signaling	Pathway::PC7_2926	MATCHED
PATHWAY:1700	Free fatty acid receptors	Pathway::PC7_3981	MATCHED
PATHWAY:1703	SOS-mediated signalling	Pathway::PC7_7341	MATCHED
PATHWAY:1704	SHC-related events triggered by IGF1R	Pathway::PC7_7265	MATCHED
PATHWAY:1705	Signal attenuation	Pathway::PC7_7436	MATCHED
PATHWAY:1706	Insulin receptor signalling cascade	Pathway::PC7_4749	MATCHED
PATHWAY:171	Inactivation, recovery and regulation of the phototransduction cascade	Pathway::PC7_4693	MATCHED
PATHWAY:1712	IRS activation	Pathway::PC7_4661	MATCHED
PATHWAY:1713	Activation of AMPA receptors	Pathway::PC7_1520	MATCHED
PATHWAY:1714	Activation of Na-permeable kainate receptors	Pathway::PC7_1541	MATCHED
PATHWAY:1716	Vpr-mediated induction of apoptosis by mitochondrial outer membrane permeabilization	Pathway::PC7_8764	MATCHED
PATHWAY:1717	The AIM2 inflammasome	Pathway::PC7_8223	MATCHED
PATHWAY:1718	STAT6-mediated induction of chemokines	Pathway::PC7_7371	MATCHED
PATHWAY:1719	Influenza Virus Induced Apoptosis	Pathway::PC7_4730	MATCHED
PATHWAY:1725	Nitric oxide stimulates guanylate cyclase	Pathway::PC7_5948	MATCHED
PATHWAY:1726	Regulation of cytoskeletal remodeling and cell spreading by IPP complex components	Pathway::PC7_6901	MATCHED
PATHWAY:1733	Synthesis of GDP-mannose	Pathway::PC7_7733	MATCHED
PATHWAY:1738	Dissolution of Fibrin Clot	Pathway::PC7_3284	MATCHED
PATHWAY:174	Nef mediated downregulation of MHC class I complex cell surface expression	Pathway::PC7_5873	MATCHED
PATHWAY:1741	Beta oxidation of myristoyl-CoA to lauroyl-CoA	Pathway::PC7_2069	MATCHED
PATHWAY:1742	Beta oxidation of palmitoyl-CoA to myristoyl-CoA	Pathway::PC7_2071	MATCHED
PATHWAY:1743	Erythrocytes take up carbon dioxide and release oxygen	Pathway::PC7_3701	MATCHED
PATHWAY:175	MHC class II antigen presentation	Pathway::PC7_5157	MATCHED
PATHWAY:1752	Toll Like Receptor 9 (TLR9) Cascade	Pathway::PC7_8291	MATCHED
PATHWAY:1754	Biotin transport and metabolism	Pathway::PC7_2103	MATCHED
PATHWAY:1756	Synthesis of Ketone Bodies	Pathway::PC7_7739	MATCHED
PATHWAY:1757	Vitamins B6 activation to pyridoxal phosphate	Pathway::PC7_8762	MATCHED
PATHWAY:1759	Activation of caspases through apoptosome-mediated cleavage	Pathway::PC7_1549	MATCHED
PATHWAY:176	Lysosome Vesicle Biogenesis	Pathway::PC7_5047	MATCHED
PATHWAY:177	Golgi Associated Vesicle Biogenesis	Pathway::PC7_4300	MATCHED
PATHWAY:1772	Viral RNP Complexes in the Host Cell Nucleus	Pathway::PC7_8711	MATCHED
PATHWAY:1776	vRNP Assembly	Pathway::PC7_13144	MATCHED
PATHWAY:1779	Serotonin receptors	Pathway::PC7_7432	MATCHED
PATHWAY:178	Oxidative Stress Induced Senescence	Pathway::PC7_6072	MATCHED
PATHWAY:1793	Regulation of IFNG signaling	Pathway::PC7_6886	MATCHED
PATHWAY:1796	IRS-related events triggered by IGF1R	Pathway::PC7_4664	MATCHED
PATHWAY:18	Negative regulation of the PI3K/AKT network	Pathway::PC7_5877	MATCHED
PATHWAY:1805	FasL/ CD95L signaling	Pathway::PC7_3876	MATCHED
PATHWAY:1806	p75NTR recruits signalling complexes	Pathway::PC7_12283	MATCHED
PATHWAY:1807	NF-kB is activated and signals survival	Pathway::PC7_5709	MATCHED
PATHWAY:1811	Interleukin-6 signaling	Pathway::PC7_4781	MATCHED
PATHWAY:1815	Localization of the PINCH-ILK-PARVIN complex to focal adhesions	Pathway::PC7_5016	MATCHED
PATHWAY:1816	Signaling by Insulin receptor	Pathway::PC7_7460	MATCHED
PATHWAY:1817	Transport of glycerol from adipocytes to the liver by Aquaporins	Pathway::PC7_8353	MATCHED
PATHWAY:1818	Regulation of gene expression in endocrine-committed (NEUROG3+) progenitor cells	Pathway::PC7_6906	MATCHED
PATHWAY:1819	TRAF6 mediated IRF7 activation in TLR7/8 or 9 signaling	Pathway::PC7_8056	MATCHED
PATHWAY:1820	TRAF6 mediated induction of NFkB and MAP kinases upon TLR7/8 or 9 activation	Pathway::PC7_8058	MATCHED
PATHWAY:1821	MyD88 dependent cascade initiated on endosome	Pathway::PC7_5559	MATCHED
PATHWAY:1822	MyD88 cascade initiated on plasma membrane	Pathway::PC7_5558	MATCHED
PATHWAY:1823	IRS-mediated signalling	Pathway::PC7_4662	MATCHED
PATHWAY:1824	PI3K/AKT activation	Pathway::PC7_6157	MATCHED
PATHWAY:1829	Potassium transport channels	Pathway::PC7_6555	MATCHED
PATHWAY:1830	Classical Kir channels	Pathway::PC7_2628	MATCHED
PATHWAY:1832	TWIK related potassium channel (TREK)	Pathway::PC7_8074	MATCHED
PATHWAY:1833	TWIK-releated acid-sensitive K+ channel (TASK)	Pathway::PC7_8077	MATCHED
PATHWAY:1850	Axonal growth inhibition (RHOA activation)	Pathway::PC7_1867	MATCHED
PATHWAY:1851	Axonal growth stimulation	Pathway::PC7_1868	MATCHED
PATHWAY:1853	Transfer of LPS from LBP carrier to CD14	Pathway::PC7_8329	MATCHED
PATHWAY:1858	Resolution of AP sites via the single-nucleotide replacement pathway	Pathway::PC7_6937	MATCHED
PATHWAY:1859	Transport to the Golgi and subsequent modification	Pathway::PC7_8361	MATCHED
PATHWAY:186	Stimuli-sensing channels	Pathway::PC7_7681	MATCHED
PATHWAY:1860	Breakdown of the nuclear lamina	Pathway::PC7_2118	MATCHED
PATHWAY:1872	Biogenic amines are oxidatively deaminated to aldehydes by MAOA and MAOB	Pathway::PC7_2097	MATCHED
PATHWAY:1877	Unwinding of DNA	Pathway::PC7_8632	MATCHED
PATHWAY:1881	N-glycan trimming and elongation in the cis-Golgi	Pathway::PC7_5679	MATCHED
PATHWAY:19	AKT-mediated inactivation of FOXO1A	Pathway::PC7_1065	MATCHED
PATHWAY:1915	PLC-gamma1 signalling	Pathway::PC7_6178	MATCHED
PATHWAY:1916	NGF processing	Pathway::PC7_5769	MATCHED
PATHWAY:1917	TRKA activation by NGF	Pathway::PC7_8065	MATCHED
PATHWAY:1918	Signalling to p38 via RIT and RIN	Pathway::PC7_7506	MATCHED
PATHWAY:1919	Ceramide signalling	Pathway::PC7_2536	MATCHED
PATHWAY:192	SUMO is conjugated to E1 (UBA2:SAE1)	Pathway::PC7_7384	MATCHED
PATHWAY:1920	Signalling to STAT3	Pathway::PC7_7505	MATCHED
PATHWAY:1921	NFG and proNGF binds to p75NTR	Pathway::PC7_5749	MATCHED
PATHWAY:1922	NOSIP mediated eNOS trafficking	Pathway::PC7_5781	MATCHED
PATHWAY:1923	Loss of Function of FBXW7 in Cancer and NOTCH1 Signaling	Pathway::PC7_5024	MATCHED
PATHWAY:1925	Reduction of cytosolic Ca++ levels	Pathway::PC7_6869	MATCHED
PATHWAY:193	SUMO is transferred from E1 to E2 (UBE2I, UBC9)	Pathway::PC7_7386	MATCHED
PATHWAY:1936	Mitotic Prophase	Pathway::PC7_5534	MATCHED
PATHWAY:194	Cytosolic tRNA aminoacylation	Pathway::PC7_2912	MATCHED
PATHWAY:1940	Opioid Signalling	Pathway::PC7_6050	MATCHED
PATHWAY:1941	Organic cation transport	Pathway::PC7_6060	MATCHED
PATHWAY:1943	Vasopressin-like receptors	Pathway::PC7_8703	MATCHED
PATHWAY:1946	Stimulation of the cell death response by PAK-2p34	Pathway::PC7_7680	MATCHED
PATHWAY:1947	WNT ligand biogenesis and trafficking	Pathway::PC7_8771	MATCHED
PATHWAY:1948	PKA-mediated phosphorylation of key metabolic factors	Pathway::PC7_6174	MATCHED
PATHWAY:1949	AMPK inhibits chREBP transcriptional activation activity	Pathway::PC7_1119	MATCHED
PATHWAY:195	Hyaluronan biosynthesis and export	Pathway::PC7_4496	MATCHED
PATHWAY:1950	PP2A-mediated dephosphorylation of key metabolic factors	Pathway::PC7_6202	MATCHED
PATHWAY:1952	Peptide hormone biosynthesis	Pathway::PC7_6394	MATCHED
PATHWAY:1953	Transport of vitamins, nucleosides, and related molecules	Pathway::PC7_8360	MATCHED
PATHWAY:1956	Cam-PDE 1 activation	Pathway::PC7_2461	MATCHED
PATHWAY:1957	Rhesus glycoproteins mediate ammonium transport.	Pathway::PC7_6956	MATCHED
PATHWAY:196	ABC-family proteins mediated transport	Pathway::PC7_967	MATCHED
PATHWAY:1966	Abacavir transmembrane transport	Pathway::PC7_1220	MATCHED
PATHWAY:1969	phospho-PLA2 pathway	Pathway::PC7_12320	MATCHED
PATHWAY:1970	Coenzyme A biosynthesis	Pathway::PC7_2659	MATCHED
PATHWAY:1972	Synthesis of dolichyl-phosphate mannose	Pathway::PC7_7759	MATCHED
PATHWAY:1976	Mitochondrial transcription initiation	Pathway::PC7_5519	MATCHED
PATHWAY:1977	Cytochrome P450 - arranged by substrate type	Pathway::PC7_2905	MATCHED
PATHWAY:1978	POU5F1 (OCT4), SOX2, NANOG repress genes related to differentiation	Pathway::PC7_6201	MATCHED
PATHWAY:198	Mitochondrial ABC transporters	Pathway::PC7_5512	MATCHED
PATHWAY:1984	Reversal of alkylation damage by DNA dioxygenases	Pathway::PC7_6953	MATCHED
PATHWAY:1987	Integration of energy metabolism	Pathway::PC7_4754	MATCHED
PATHWAY:1995	Disinhibition of SNARE formation	Pathway::PC7_3282	MATCHED
PATHWAY:1996	Response to elevated platelet cytosolic Ca2+	Pathway::PC7_6945	MATCHED
PATHWAY:2	Platelet degranulation	Pathway::PC7_6514	MATCHED
PATHWAY:20	CD28 dependent PI3K/Akt signaling	Pathway::PC7_2252	MATCHED
PATHWAY:200	Apoptotic execution phase	Pathway::PC7_1689	MATCHED
PATHWAY:2000	Signalling to ERK5	Pathway::PC7_7502	MATCHED
PATHWAY:2003	Proline catabolism	Pathway::PC7_6617	MATCHED
PATHWAY:2004	Hydrolysis of LPE	Pathway::PC7_4531	MATCHED
PATHWAY:2015	Activation and oligomerization of BAK protein	Pathway::PC7_1519	MATCHED
PATHWAY:2018	Activation, translocation and oligomerization of BAX	Pathway::PC7_1555	MATCHED
PATHWAY:202	ATP sensitive Potassium channels	Pathway::PC7_1210	MATCHED
PATHWAY:2045	Reuptake of GABA	Pathway::PC7_6951	MATCHED
PATHWAY:2054	Sodium-coupled phosphate cotransporters	Pathway::PC7_7642	MATCHED
PATHWAY:2063	Tachykinin receptors bind tachykinins	Pathway::PC7_8093	MATCHED
PATHWAY:2064	TNF signaling	Pathway::PC7_7852	MATCHED
PATHWAY:2065	Insulin effects increased synthesis of Xylulose-5-Phosphate	Pathway::PC7_4746	MATCHED
PATHWAY:2084	G2/M DNA replication checkpoint	Pathway::PC7_4010	MATCHED
PATHWAY:2093	CaM pathway	Pathway::PC7_2394	MATCHED
PATHWAY:2096	ZBP1(DAI) mediated induction of type I IFNs	Pathway::PC7_8803	MATCHED
PATHWAY:2098	Assembly of Viral Components at the Budding Site	Pathway::PC7_1811	MATCHED
PATHWAY:2099	Synthesis of PS	Pathway::PC7_7752	MATCHED
PATHWAY:21	CTLA4 inhibitory signaling	Pathway::PC7_2360	MATCHED
PATHWAY:2101	TWIK-related alkaline pH activated K+ channel (TALK)	Pathway::PC7_8075	MATCHED
PATHWAY:2109	Phosphorylation of proteins involved in the G2/M transition by Cyclin A:Cdc2 complexes	Pathway::PC7_6466	MATCHED
PATHWAY:2120	Influenza Infection	Pathway::PC7_4727	MATCHED
PATHWAY:22	G beta:gamma signalling through PI3Kgamma	Pathway::PC7_3996	MATCHED
PATHWAY:220	Termination of O-glycan biosynthesis	Pathway::PC7_8155	MATCHED
PATHWAY:222	Signaling by SCF-KIT	Pathway::PC7_7478	MATCHED
PATHWAY:223	Ion transport by P-type ATPases	Pathway::PC7_4792	MATCHED
PATHWAY:225	A tetrasaccharide linker sequence is required for GAG synthesis	Pathway::PC7_965	MATCHED
PATHWAY:226	HS-GAG biosynthesis	Pathway::PC7_4414	MATCHED
PATHWAY:227	HS-GAG degradation	Pathway::PC7_4415	MATCHED
PATHWAY:229	Defective B3GAT3 causes JDSSDHD	Pathway::PC7_3018	MATCHED
PATHWAY:23	VEGFR2 mediated vascular permeability	Pathway::PC7_8667	MATCHED
PATHWAY:234	Retinoid metabolism and transport	Pathway::PC7_6948	MATCHED
PATHWAY:237	NoRC negatively regulates rRNA expression	Pathway::PC7_5966	MATCHED
PATHWAY:240	RNA Polymerase I Transcription Termination	Pathway::PC7_6796	MATCHED
PATHWAY:241	Xenobiotics	Pathway::PC7_8790	MATCHED
PATHWAY:242	Sphingolipid de novo biosynthesis	Pathway::PC7_7649	MATCHED
PATHWAY:243	Tandem of pore domain in a weak inwardly rectifying K+ channels (TWIK)	Pathway::PC7_8130	MATCHED
PATHWAY:247	Dermatan sulfate biosynthesis	Pathway::PC7_3077	MATCHED
PATHWAY:249	Formation of the Editosome	Pathway::PC7_3969	MATCHED
PATHWAY:250	EPHB-mediated forward signaling	Pathway::PC7_3421	MATCHED
PATHWAY:253	Peptide ligand-binding receptors	Pathway::PC7_6396	MATCHED
PATHWAY:254	Degradation of the extracellular matrix	Pathway::PC7_3065	MATCHED
PATHWAY:255	Cytosolic iron-sulfur cluster assembly	Pathway::PC7_2909	MATCHED
PATHWAY:256	Mitochondrial translation elongation	Pathway::PC7_5522	MATCHED
PATHWAY:259	The retinoid cycle in cones (daylight vision)	Pathway::PC7_8233	MATCHED
PATHWAY:260	Retinoid cycle disease events	Pathway::PC7_6947	MATCHED
PATHWAY:261	Opsins	Pathway::PC7_6053	MATCHED
PATHWAY:262	Interferon gamma signaling	Pathway::PC7_4773	MATCHED
PATHWAY:263	DNA Damage/Telomere Stress Induced Senescence	Pathway::PC7_2949	MATCHED
PATHWAY:270	Nonhomologous End-Joining (NHEJ)	Pathway::PC7_5971	MATCHED
PATHWAY:271	Homologous DNA Pairing and Strand Exchange	Pathway::PC7_4487	MATCHED
PATHWAY:272	Processing of DNA double-strand break ends	Pathway::PC7_6591	MATCHED
PATHWAY:273	Presynaptic phase of homologous DNA pairing and strand exchange	Pathway::PC7_6572	MATCHED
PATHWAY:275	G2/M DNA damage checkpoint	Pathway::PC7_4009	MATCHED
PATHWAY:276	Meiotic recombination	Pathway::PC7_5272	MATCHED
PATHWAY:283	Kinesins	Pathway::PC7_4887	MATCHED
PATHWAY:286	Regulation of PLK1 Activity at G2/M Transition	Pathway::PC7_6890	MATCHED
PATHWAY:288	Loss of Nlp from mitotic centrosomes	Pathway::PC7_5029	MATCHED
PATHWAY:29	Cyclin E associated events during G1/S transition	Pathway::PC7_2833	MATCHED
PATHWAY:291	Recruitment of NuMA to mitotic centrosomes	Pathway::PC7_6863	MATCHED
PATHWAY:295	Effects of PIP2 hydrolysis	Pathway::PC7_3633	MATCHED
PATHWAY:296	Activation of RAS in B cells	Pathway::PC7_1546	MATCHED
PATHWAY:297	FCERI mediated NF-kB activation	Pathway::PC7_3807	MATCHED
PATHWAY:299	Rap1 signalling	Pathway::PC7_6848	MATCHED
PATHWAY:30	Cyclin A:Cdk2-associated events at S phase entry	Pathway::PC7_2830	MATCHED
PATHWAY:300	Retrograde neurotrophin signalling	Pathway::PC7_6950	MATCHED
PATHWAY:301	Respiratory electron transport	Pathway::PC7_6942	MATCHED
PATHWAY:307	Apoptotic cleavage of cellular proteins	Pathway::PC7_1688	MATCHED
PATHWAY:309	Antigen Presentation: Folding, assembly and peptide loading of class I MHC	Pathway::PC7_1669	MATCHED
PATHWAY:310	BMAL1:CLOCK,NPAS2 activates circadian gene expression	Pathway::PC7_2008	MATCHED
PATHWAY:311	Nicotinamide salvaging	Pathway::PC7_5907	MATCHED
PATHWAY:317	Other semaphorin interactions	Pathway::PC7_6067	MATCHED
PATHWAY:320	Lysine catabolism	Pathway::PC7_5045	MATCHED
PATHWAY:321	Metabolism of Angiotensinogen to Angiotensins	Pathway::PC7_5323	MATCHED
PATHWAY:323	G alpha (q) signalling events	Pathway::PC7_3993	MATCHED
PATHWAY:324	P2Y receptors	Pathway::PC7_6094	MATCHED
PATHWAY:325	Gluconeogenesis	Pathway::PC7_4162	MATCHED
PATHWAY:326	Urea cycle	Pathway::PC7_8635	MATCHED
PATHWAY:327	G0 and Early G1	Pathway::PC7_4002	MATCHED
PATHWAY:328	Telomere Extension By Telomerase	Pathway::PC7_8140	MATCHED
PATHWAY:329	Activation of ATR in response to replication stress	Pathway::PC7_1522	MATCHED
PATHWAY:330	Regulation of APC/C activators between G1/S and early anaphase	Pathway::PC7_6875	MATCHED
PATHWAY:331	SCF(Skp2)-mediated degradation of p27/p21	Pathway::PC7_7230	MATCHED
PATHWAY:332	Senescence-Associated Secretory Phenotype (SASP)	Pathway::PC7_7426	MATCHED
PATHWAY:334	G2 Phase	Pathway::PC7_4007	MATCHED
PATHWAY:335	Orc1 removal from chromatin	Pathway::PC7_6054	MATCHED
PATHWAY:336	Activation of the pre-replicative complex	Pathway::PC7_1554	MATCHED
PATHWAY:337	CDK-mediated phosphorylation and removal of Cdc6	Pathway::PC7_2265	MATCHED
PATHWAY:338	Phosphorylation of proteins involved in G1/S transition by active Cyclin E:Cdk2 complexes	Pathway::PC7_6465	MATCHED
PATHWAY:339	Cyclin D associated events in G1	Pathway::PC7_2832	MATCHED
PATHWAY:341	p53-Dependent G1 DNA Damage Response	Pathway::PC7_12274	MATCHED
PATHWAY:345	The canonical retinoid cycle in rods (twilight vision)	Pathway::PC7_8228	MATCHED
PATHWAY:347	Smooth Muscle Contraction	Pathway::PC7_7625	MATCHED
PATHWAY:348	Transport of the SLBP independent Mature mRNA	Pathway::PC7_8359	MATCHED
PATHWAY:349	Transport of the SLBP Dependant Mature mRNA	Pathway::PC7_8358	MATCHED
PATHWAY:350	Transport of Mature mRNA Derived from an Intronless Transcript	Pathway::PC7_8344	MATCHED
PATHWAY:351	Transport of Mature mRNA derived from an Intron-Containing Transcript	Pathway::PC7_8345	MATCHED
PATHWAY:354	Oncogene Induced Senescence	Pathway::PC7_6047	MATCHED
PATHWAY:355	RMTs methylate histone arginines	Pathway::PC7_6788	MATCHED
PATHWAY:356	Ubiquitin-dependent degradation of Cyclin D	Pathway::PC7_8627	MATCHED
PATHWAY:362	Biosynthesis of the N-glycan precursor (dolichol lipid-linked oligosaccharide, LLO) and transfer to a nascent protein	Pathway::PC7_2100	MATCHED
PATHWAY:365	Activation of NF-kappaB in B cells	Pathway::PC7_1537	MATCHED
PATHWAY:366	Oxygen-dependent proline hydroxylation of Hypoxia-inducible Factor Alpha	Pathway::PC7_6086	MATCHED
PATHWAY:367	ER-Phagosome pathway	Pathway::PC7_3427	MATCHED
PATHWAY:368	Cross-presentation of soluble exogenous antigens (endosomes)	Pathway::PC7_2706	MATCHED
PATHWAY:369	Autodegradation of Cdh1 by Cdh1:APC/C	Pathway::PC7_1858	MATCHED
PATHWAY:370	SCF-beta-TrCP mediated degradation of Emi1	Pathway::PC7_7231	MATCHED
PATHWAY:371	APC/C:Cdc20 mediated degradation of Securin	Pathway::PC7_1130	MATCHED
PATHWAY:372	APC/C:Cdh1 mediated degradation of Cdc20 and other APC/C:Cdh1 targeted proteins in late mitosis/early G1	Pathway::PC7_1132	MATCHED
PATHWAY:373	Cdc20:Phospho-APC/C mediated degradation of Cyclin A	Pathway::PC7_2518	MATCHED
PATHWAY:374	Vpu mediated degradation of CD4	Pathway::PC7_8766	MATCHED
PATHWAY:375	Vif-mediated degradation of APOBEC3G	Pathway::PC7_8709	MATCHED
PATHWAY:377	Downstream TCR signaling	Pathway::PC7_3324	MATCHED
PATHWAY:378	Regulation of activated PAK-2p34 by proteasome mediated degradation	Pathway::PC7_6897	MATCHED
PATHWAY:379	Autodegradation of the E3 ubiquitin ligase COP1	Pathway::PC7_1859	MATCHED
PATHWAY:380	Regulation of ornithine decarboxylase (ODC)	Pathway::PC7_6915	MATCHED
PATHWAY:382	Asymmetric localization of PCP proteins	Pathway::PC7_1821	MATCHED
PATHWAY:383	Degradation of AXIN	Pathway::PC7_11384	MATCHED
PATHWAY:384	Degradation of DVL	Pathway::PC7_11385	MATCHED
PATHWAY:385	Hedgehog ligand biogenesis	Pathway::PC7_4439	MATCHED
PATHWAY:389	Degradation of GLI1 by the proteasome	Pathway::PC7_3060	MATCHED
PATHWAY:39	PPARA activates gene expression	Pathway::PC7_6203	MATCHED
PATHWAY:390	Degradation of GLI2 by the proteasome	Pathway::PC7_3061	MATCHED
PATHWAY:391	GLI3 is processed to GLI3R by the proteasome	Pathway::PC7_4037	MATCHED
PATHWAY:398	Assembly of the pre-replicative complex	Pathway::PC7_1816	MATCHED
PATHWAY:399	G2/M Checkpoints	Pathway::PC7_4008	MATCHED
PATHWAY:4	Acetylation	Pathway::PC7_1230	MATCHED
PATHWAY:40	Generic Transcription Pathway	Pathway::PC7_4116	MATCHED
PATHWAY:400	Ubiquitin Mediated Degradation of Phosphorylated Cdc25A	Pathway::PC7_8625	MATCHED
PATHWAY:407	Interleukin-1 signaling	Pathway::PC7_4778	MATCHED
PATHWAY:41	Transcriptional regulation of white adipocyte differentiation	Pathway::PC7_8328	MATCHED
PATHWAY:411	Collagen degradation	Pathway::PC7_2669	MATCHED
PATHWAY:412	Signaling by EGFR	Pathway::PC7_7443	MATCHED
PATHWAY:413	Activated NOTCH1 Transmits Signal to the Nucleus	Pathway::PC7_1516	MATCHED
PATHWAY:414	Constitutive Signaling by NOTCH1 t(7;9)(NOTCH1:M1580_K2555) Translocation Mutant	Pathway::PC7_2683	MATCHED
PATHWAY:415	Constitutive Signaling by NOTCH1 HD Domain Mutants	Pathway::PC7_2680	MATCHED
PATHWAY:416	NOTCH2 Activation and Transmission of Signal to the Nucleus	Pathway::PC7_5788	MATCHED
PATHWAY:417	EPH-ephrin mediated repulsion of cells	Pathway::PC7_3416	MATCHED
PATHWAY:42	Nuclear Receptor transcription pathway	Pathway::PC7_5989	MATCHED
PATHWAY:420	DARPP-32 events	Pathway::PC7_2927	MATCHED
PATHWAY:421	CRMPs in Sema3A signaling	Pathway::PC7_2347	MATCHED
PATHWAY:424	G alpha (s) signalling events	Pathway::PC7_3994	MATCHED
PATHWAY:425	Calcitonin-like ligand receptors	Pathway::PC7_2441	MATCHED
PATHWAY:426	ER Quality Control Compartment (ERQC)	Pathway::PC7_3425	MATCHED
PATHWAY:436	Formation of the Early Elongation Complex	Pathway::PC7_3968	MATCHED
PATHWAY:437	Formation of HIV elongation complex in the absence of HIV Tat	Pathway::PC7_3959	MATCHED
PATHWAY:44	DAP12 interactions	Pathway::PC7_2925	MATCHED
PATHWAY:440	HIV Transcription Initiation	Pathway::PC7_4368	MATCHED
PATHWAY:442	Transcription of the HIV genome	Pathway::PC7_8319	MATCHED
PATHWAY:443	Formation of HIV-1 elongation complex containing HIV-1 Tat	Pathway::PC7_3960	MATCHED
PATHWAY:445	RNA Polymerase II Pre-transcription Events	Pathway::PC7_6799	MATCHED
PATHWAY:448	mRNA Capping	Pathway::PC7_12069	MATCHED
PATHWAY:449	RNA Polymerase I Transcription Initiation	Pathway::PC7_6795	MATCHED
PATHWAY:45	Synthesis of bile acids and bile salts via 7alpha-hydroxycholesterol	Pathway::PC7_7758	MATCHED
PATHWAY:450	RNA Polymerase I Promoter Escape	Pathway::PC7_6792	MATCHED
PATHWAY:456	RNA Pol II CTD phosphorylation and interaction with CE	Pathway::PC7_6789	MATCHED
PATHWAY:461	Ubiquinol biosynthesis	Pathway::PC7_8621	MATCHED
PATHWAY:462	Post-translational modification: synthesis of GPI-anchored proteins	Pathway::PC7_6539	MATCHED
PATHWAY:463	Processing of Capped Intron-Containing Pre-mRNA	Pathway::PC7_6589	MATCHED
PATHWAY:464	Association of TriC/CCT with target proteins during biosynthesis	Pathway::PC7_1817	MATCHED
PATHWAY:465	SMAD2/SMAD3:SMAD4 heterotrimer regulates transcription	Pathway::PC7_7313	MATCHED
PATHWAY:466	Mitochondrial translation initiation	Pathway::PC7_5523	MATCHED
PATHWAY:467	Mitochondrial translation termination	Pathway::PC7_5524	MATCHED
PATHWAY:469	cGMP effects	Pathway::PC7_11143	MATCHED
PATHWAY:47	Beta-oxidation of pristanoyl-CoA	Pathway::PC7_2073	MATCHED
PATHWAY:470	Molybdenum cofactor biosynthesis	Pathway::PC7_5538	MATCHED
PATHWAY:473	Conjugation of salicylate with glycine	Pathway::PC7_2678	MATCHED
PATHWAY:474	Conjugation of benzoate with glycine	Pathway::PC7_2675	MATCHED
PATHWAY:476	Pausing and recovery of Tat-mediated HIV elongation	Pathway::PC7_6375	MATCHED
PATHWAY:48	Beta-oxidation of very long chain fatty acids	Pathway::PC7_2074	MATCHED
PATHWAY:480	Interactions of Tat with host cellular proteins	Pathway::PC7_4767	MATCHED
PATHWAY:484	EGFR downregulation	Pathway::PC7_3385	MATCHED
PATHWAY:485	Spry regulation of FGF signaling	Pathway::PC7_7659	MATCHED
PATHWAY:50	Regulation of actin dynamics for phagocytic cup formation	Pathway::PC7_6896	MATCHED
PATHWAY:504	Antagonism of Activin by Follistatin	Pathway::PC7_1667	MATCHED
PATHWAY:507	Cleavage of the damaged pyrimidine	Pathway::PC7_2636	MATCHED
PATHWAY:509	Cleavage of the damaged purine	Pathway::PC7_2635	MATCHED
PATHWAY:51	VEGFA-VEGFR2 Pathway	Pathway::PC7_8664	MATCHED
PATHWAY:510	Meiotic synapsis	Pathway::PC7_5273	MATCHED
PATHWAY:511	Packaging Of Telomere Ends	Pathway::PC7_6315	MATCHED
PATHWAY:512	Formation of the beta-catenin:TCF transactivating complex	Pathway::PC7_11610	MATCHED
PATHWAY:513	PRC2 methylates histones and DNA	Pathway::PC7_6233	MATCHED
PATHWAY:514	SIRT1 negatively regulates rRNA expression	Pathway::PC7_7272	MATCHED
PATHWAY:517	DNA methylation	Pathway::PC7_2953	MATCHED
PATHWAY:518	Transcriptional regulation by small RNAs	Pathway::PC7_8326	MATCHED
PATHWAY:521	Assembly of the ORC complex at the origin of replication	Pathway::PC7_1813	MATCHED
PATHWAY:522	RNA Polymerase I Promoter Opening	Pathway::PC7_6793	MATCHED
PATHWAY:526	Circadian Clock	Pathway::PC7_2582	MATCHED
PATHWAY:527	Cysteine formation from homocysteine	Pathway::PC7_2890	MATCHED
PATHWAY:529	Downregulation of TGF-beta receptor signaling	Pathway::PC7_3323	MATCHED
PATHWAY:531	Establishment of Sister Chromatid Cohesion	Pathway::PC7_3703	MATCHED
PATHWAY:532	Cohesin Loading onto Chromatin	Pathway::PC7_2661	MATCHED
PATHWAY:533	WNT mediated activation of DVL	Pathway::PC7_8773	MATCHED
PATHWAY:534	HDACs deacetylate histones	Pathway::PC7_4334	MATCHED
PATHWAY:535	G alpha (z) signalling events	Pathway::PC7_3995	MATCHED
PATHWAY:536	Apoptotic factor-mediated response	Pathway::PC7_1690	MATCHED
PATHWAY:538	Stabilization of p53	Pathway::PC7_7661	MATCHED
PATHWAY:544	Branched-chain amino acid catabolism	Pathway::PC7_2117	MATCHED
PATHWAY:551	C6 deamination of adenosine	Pathway::PC7_2173	MATCHED
PATHWAY:553	Interferon alpha/beta signaling	Pathway::PC7_4772	MATCHED
PATHWAY:554	RNA Polymerase III Abortive And Retractive Initiation	Pathway::PC7_6807	MATCHED
PATHWAY:555	RNA Polymerase III Transcription Initiation From Type 3 Promoter	Pathway::PC7_6813	MATCHED
PATHWAY:557	Insulin receptor recycling	Pathway::PC7_4748	MATCHED
PATHWAY:558	Transferrin endocytosis and recycling	Pathway::PC7_8330	MATCHED
PATHWAY:560	Ion channel transport	Pathway::PC7_4791	MATCHED
PATHWAY:563	Laminin interactions	Pathway::PC7_4947	MATCHED
PATHWAY:564	Non-integrin membrane-ECM interactions	Pathway::PC7_5968	MATCHED
PATHWAY:566	MTOR signalling	Pathway::PC7_12079	MATCHED
PATHWAY:567	mTORC1-mediated signalling	Pathway::PC7_12080	MATCHED
PATHWAY:568	Energy dependent regulation of mTOR by LKB1-AMPK	Pathway::PC7_3671	MATCHED
PATHWAY:57	Glycolysis	Pathway::PC7_4269	MATCHED
PATHWAY:570	Glutathione conjugation	Pathway::PC7_4219	MATCHED
PATHWAY:572	Keratan sulfate biosynthesis	Pathway::PC7_4874	MATCHED
PATHWAY:580	Mitochondrial tRNA aminoacylation	Pathway::PC7_5518	MATCHED
PATHWAY:581	Degradation of cysteine and homocysteine	Pathway::PC7_3064	MATCHED
PATHWAY:587	Regulation of gene expression by Hypoxia-inducible Factor	Pathway::PC7_6903	MATCHED
PATHWAY:590	Sema3A PAK dependent Axon repulsion	Pathway::PC7_7421	MATCHED
PATHWAY:591	SEMA3A-Plexin repulsion signaling by inhibiting Integrin adhesion	Pathway::PC7_7249	MATCHED
PATHWAY:594	Formation of tubulin folding intermediates by CCT/TriC	Pathway::PC7_3974	MATCHED
PATHWAY:595	Post-chaperonin tubulin folding pathway	Pathway::PC7_6537	MATCHED
PATHWAY:596	Recycling pathway of L1	Pathway::PC7_6868	MATCHED
PATHWAY:597	Hedgehog 'off' state	Pathway::PC7_4438	MATCHED
PATHWAY:6	Purine salvage	Pathway::PC7_6654	MATCHED
PATHWAY:603	Cytosolic sulfonation of small molecules	Pathway::PC7_2911	MATCHED
PATHWAY:606	Synthesis of PC	Pathway::PC7_7743	MATCHED
PATHWAY:607	Synthesis of PE	Pathway::PC7_7744	MATCHED
PATHWAY:608	EPHA-mediated growth cone collapse	Pathway::PC7_3418	MATCHED
PATHWAY:609	Sema4D induced cell migration and growth-cone collapse	Pathway::PC7_7423	MATCHED
PATHWAY:61	TRAF6 mediated IRF7 activation	Pathway::PC7_8055	MATCHED
PATHWAY:613	NOD1/2 Signaling Pathway	Pathway::PC7_5779	MATCHED
PATHWAY:615	activated TAK1 mediates p38 MAPK activation	Pathway::PC7_10442	MATCHED
PATHWAY:617	Inactivation of APC/C via direct inhibition of the APC/C complex	Pathway::PC7_4691	MATCHED
PATHWAY:618	APC/C:Cdc20 mediated degradation of Cyclin B	Pathway::PC7_1129	MATCHED
PATHWAY:619	Conversion from APC/C:Cdc20 to APC/C:Cdh1 in late anaphase	Pathway::PC7_2684	MATCHED
PATHWAY:620	APC/C:Cdc20 mediated degradation of mitotic proteins	Pathway::PC7_1131	MATCHED
PATHWAY:621	Phosphorylation of the APC/C	Pathway::PC7_6467	MATCHED
PATHWAY:622	APC-Cdc20 mediated degradation of Nek2A	Pathway::PC7_1127	MATCHED
PATHWAY:626	Synthesis of PI	Pathway::PC7_7746	MATCHED
PATHWAY:628	Pre-NOTCH Processing in Golgi	Pathway::PC7_6562	MATCHED
PATHWAY:629	Glucagon-like Peptide-1 (GLP1) regulates insulin secretion	Pathway::PC7_4158	MATCHED
PATHWAY:63	NOTCH1 Intracellular Domain Regulates Transcription	Pathway::PC7_5783	MATCHED
PATHWAY:630	Regulation of insulin secretion	Pathway::PC7_6909	MATCHED
PATHWAY:631	Nuclear signaling by ERBB4	Pathway::PC7_5991	MATCHED
PATHWAY:632	Signaling by Hippo	Pathway::PC7_7459	MATCHED
PATHWAY:633	YAP1- and WWTR1 (TAZ)-stimulated gene expression	Pathway::PC7_8798	MATCHED
PATHWAY:638	O-glycosylation of TSR domain-containing proteins	Pathway::PC7_5999	MATCHED
PATHWAY:640	Regulation of cholesterol biosynthesis by SREBP (SREBF)	Pathway::PC7_6899	MATCHED
PATHWAY:641	eNOS activation	Pathway::PC7_11470	MATCHED
PATHWAY:642	HATs acetylate histones	Pathway::PC7_4308	MATCHED
PATHWAY:644	Mitochondrial Fatty Acid Beta-Oxidation	Pathway::PC7_5513	MATCHED
PATHWAY:645	Synthesis, secretion, and inactivation of Glucagon-like Peptide-1 (GLP-1)	Pathway::PC7_7767	MATCHED
PATHWAY:646	GPVI-mediated activation cascade	Pathway::PC7_4053	MATCHED
PATHWAY:647	FCERI mediated MAPK activation	Pathway::PC7_3806	MATCHED
PATHWAY:648	FCERI mediated Ca+2 mobilization	Pathway::PC7_3805	MATCHED
PATHWAY:65	Constitutive Signaling by NOTCH1 HD+PEST Domain Mutants	Pathway::PC7_2681	MATCHED
PATHWAY:650	IRAK2 mediated activation of TAK1 complex	Pathway::PC7_4655	MATCHED
PATHWAY:656	Cell surface interactions at the vascular wall	Pathway::PC7_2525	MATCHED
PATHWAY:658	Formation of ATP by chemiosmotic coupling	Pathway::PC7_3957	MATCHED
PATHWAY:66	HSF1 activation	Pathway::PC7_4416	MATCHED
PATHWAY:661	Alpha-oxidation of phytanate	Pathway::PC7_1597	MATCHED
PATHWAY:663	Sodium/Proton exchangers	Pathway::PC7_7645	MATCHED
PATHWAY:666	Translation initiation complex formation	Pathway::PC7_8332	MATCHED
PATHWAY:667	Formation of a pool of free 40S subunits	Pathway::PC7_3963	MATCHED
PATHWAY:668	Formation of the ternary complex, and subsequently, the 43S complex	Pathway::PC7_3972	MATCHED
PATHWAY:669	Ribosomal scanning and start codon recognition	Pathway::PC7_6966	MATCHED
PATHWAY:670	GTP hydrolysis and joining of the 60S ribosomal subunit	Pathway::PC7_4085	MATCHED
PATHWAY:671	Role of ABL in ROBO-SLIT signaling	Pathway::PC7_6991	MATCHED
PATHWAY:673	Class B/2 (Secretin family receptors)	Pathway::PC7_2621	MATCHED
PATHWAY:674	Collagen biosynthesis and modifying enzymes	Pathway::PC7_2668	MATCHED
PATHWAY:676	Norepinephrine Neurotransmitter Release Cycle	Pathway::PC7_5975	MATCHED
PATHWAY:677	Glutamate Neurotransmitter Release Cycle	Pathway::PC7_4216	MATCHED
PATHWAY:678	Dopamine Neurotransmitter Release Cycle	Pathway::PC7_3315	MATCHED
PATHWAY:679	Acetylcholine Neurotransmitter Release Cycle	Pathway::PC7_1232	MATCHED
PATHWAY:681	Transcriptional activation of mitochondrial biogenesis	Pathway::PC7_8323	MATCHED
PATHWAY:682	Activation of gene expression by SREBF (SREBP)	Pathway::PC7_1550	MATCHED
PATHWAY:686	Recycling of bile acids and salts	Pathway::PC7_6866	MATCHED
PATHWAY:687	Synthesis of bile acids and bile salts	Pathway::PC7_7755	MATCHED
PATHWAY:688	Synthesis of bile acids and bile salts via 27-hydroxycholesterol	Pathway::PC7_7757	MATCHED
PATHWAY:689	Endogenous sterols	Pathway::PC7_3664	MATCHED
PATHWAY:691	Sema4D mediated inhibition of cell attachment and migration	Pathway::PC7_7424	MATCHED
PATHWAY:696	Elastic fibre formation	Pathway::PC7_3649	MATCHED
PATHWAY:697	Molecules associated with elastic fibres	Pathway::PC7_5537	MATCHED
PATHWAY:699	Scavenging by Class F Receptors	Pathway::PC7_7394	MATCHED
PATHWAY:700	Iron uptake and transport	Pathway::PC7_4806	MATCHED
PATHWAY:702	ChREBP activates metabolic gene expression	Pathway::PC7_2539	MATCHED
PATHWAY:705	Transport of nucleotide sugars	Pathway::PC7_8356	MATCHED
PATHWAY:706	Vitamin B1 (thiamin) metabolism	Pathway::PC7_8720	MATCHED
PATHWAY:707	Chemokine receptors bind chemokines	Pathway::PC7_2543	MATCHED
PATHWAY:708	Type II Na+/Pi cotransporters	Pathway::PC7_8445	MATCHED
PATHWAY:712	Folding of actin by CCT/TriC	Pathway::PC7_3953	MATCHED
PATHWAY:716	Lectin pathway of complement activation	Pathway::PC7_4952	MATCHED
PATHWAY:719	O-linked glycosylation	Pathway::PC7_6000	MATCHED
PATHWAY:720	Detoxification of Reactive Oxygen Species	Pathway::PC7_3083	MATCHED
PATHWAY:721	Metabolism of folate and pterines	Pathway::PC7_5325	MATCHED
PATHWAY:722	Signaling by NODAL	Pathway::PC7_7464	MATCHED
PATHWAY:723	Signaling by Activin	Pathway::PC7_7440	MATCHED
PATHWAY:724	Heme degradation	Pathway::PC7_4444	MATCHED
PATHWAY:726	Transport of organic anions	Pathway::PC7_8357	MATCHED
PATHWAY:728	Deadenylation of mRNA	Pathway::PC7_3014	MATCHED
PATHWAY:729	Purine ribonucleoside monophosphate biosynthesis	Pathway::PC7_6653	MATCHED
PATHWAY:734	Cytosolic sensors of pathogen-associated DNA	Pathway::PC7_2910	MATCHED
PATHWAY:735	RNA Polymerase III Chain Elongation	Pathway::PC7_6808	MATCHED
PATHWAY:736	RNA Polymerase III Transcription Termination	Pathway::PC7_6814	MATCHED
PATHWAY:737	RNA Polymerase III Transcription Initiation From Type 1 Promoter	Pathway::PC7_6811	MATCHED
PATHWAY:738	RNA Polymerase III Transcription Initiation From Type 2 Promoter	Pathway::PC7_6812	MATCHED
PATHWAY:739	Ephrin signaling	Pathway::PC7_3679	MATCHED
PATHWAY:74	Sulfide oxidation to sulfate	Pathway::PC7_7701	MATCHED
PATHWAY:740	The NLRP3 inflammasome	Pathway::PC7_8226	MATCHED
PATHWAY:743	Polo-like kinase mediated events	Pathway::PC7_6519	MATCHED
PATHWAY:745	Regulation of signaling by NODAL	Pathway::PC7_6920	MATCHED
PATHWAY:746	Insulin processing	Pathway::PC7_4747	MATCHED
PATHWAY:748	Insulin-like Growth Factor-2 mRNA Binding Proteins (IGF2BPs/IMPs/VICKZs) bind RNA	Pathway::PC7_4750	MATCHED
PATHWAY:749	CaMK IV-mediated phosphorylation of CREB	Pathway::PC7_2395	MATCHED
PATHWAY:75	Immunoregulatory interactions between a Lymphoid and a non-Lymphoid cell	Pathway::PC7_4689	MATCHED
PATHWAY:755	Cholesterol biosynthesis	Pathway::WP197_r81059	MATCHED
PATHWAY:760	Thromboxane signalling through TP receptor	Pathway::PC7_8267	MATCHED
PATHWAY:761	Thrombin signalling through proteinase activated receptors (PARs)	Pathway::PC7_8264	MATCHED
PATHWAY:764	Chondroitin sulfate biosynthesis	Pathway::PC7_2568	MATCHED
PATHWAY:765	CS/DS degradation	Pathway::PC7_2348	MATCHED
PATHWAY:769	Activation of G protein gated Potassium channels	Pathway::PC7_1532	MATCHED
PATHWAY:77	Beta defensins	Pathway::PC7_2064	MATCHED
PATHWAY:770	G-protein activation	Pathway::PC7_3999	MATCHED
PATHWAY:771	ADP signalling through P2Y purinoceptor 12	Pathway::PC7_984	MATCHED
PATHWAY:772	Prostacyclin signalling through prostacyclin receptor	Pathway::PC7_6638	MATCHED
PATHWAY:773	Adrenaline,noradrenaline inhibits insulin secretion	Pathway::PC7_1577	MATCHED
PATHWAY:774	Ca2+ pathway	Pathway::PC7_2393	MATCHED
PATHWAY:775	G beta:gamma signalling through PLC beta	Pathway::PC7_3997	MATCHED
PATHWAY:776	ADP signalling through P2Y purinoceptor 1	Pathway::PC7_983	MATCHED
PATHWAY:777	Glucagon-type ligand receptors	Pathway::PC7_4159	MATCHED
PATHWAY:778	Vasopressin regulates renal water homeostasis via Aquaporins	Pathway::PC7_8701	MATCHED
PATHWAY:779	Presynaptic function of Kainate receptors	Pathway::PC7_6570	MATCHED
PATHWAY:78	Defensins	Pathway::PC7_3046	MATCHED
PATHWAY:788	Tight junction interactions	Pathway::PC7_8276	MATCHED
PATHWAY:789	Trafficking and processing of endosomal TLR	Pathway::PC7_8310	MATCHED
PATHWAY:79	L1CAM interactions	Pathway::PC7_4917	MATCHED
PATHWAY:790	Glucagon signaling in metabolic regulation	Pathway::PC7_4157	MATCHED
PATHWAY:791	PKA activation	Pathway::PC7_6171	MATCHED
PATHWAY:792	PKA activation in glucagon signalling	Pathway::PC7_6172	MATCHED
PATHWAY:793	Adenylate cyclase activating pathway	Pathway::PC7_1571	MATCHED
PATHWAY:794	Adenylate cyclase inhibitory pathway	Pathway::PC7_1572	MATCHED
PATHWAY:800	Processive synthesis on the C-strand of the telomere	Pathway::PC7_6595	MATCHED
PATHWAY:801	Telomere C-strand (Lagging Strand) Synthesis	Pathway::PC7_8138	MATCHED
PATHWAY:802	Removal of the Flap Intermediate from the C-strand	Pathway::PC7_6932	MATCHED
PATHWAY:803	Mismatch repair (MMR) directed by MSH2:MSH6 (MutSalpha)	Pathway::PC7_5510	MATCHED
PATHWAY:804	Mismatch repair (MMR) directed by MSH2:MSH3 (MutSbeta)	Pathway::PC7_5509	MATCHED
PATHWAY:807	Gap-filling DNA repair synthesis and ligation in GG-NER	Pathway::PC7_4105	MATCHED
PATHWAY:809	Removal of the Flap Intermediate	Pathway::PC7_6931	MATCHED
PATHWAY:810	Processive synthesis on the lagging strand	Pathway::PC7_6596	MATCHED
PATHWAY:811	Signaling by ERBB2	Pathway::PC7_7445	MATCHED
PATHWAY:812	Signaling by ERBB4	Pathway::PC7_7446	MATCHED
PATHWAY:813	SHC1 events in ERBB2 signaling	Pathway::PC7_7267	MATCHED
PATHWAY:815	SHC1 events in ERBB4 signaling	Pathway::PC7_7268	MATCHED
PATHWAY:816	GRB2 events in ERBB2 signaling	Pathway::PC7_4062	MATCHED
PATHWAY:82	Acyl chain remodelling of PC	Pathway::PC7_1558	MATCHED
PATHWAY:825	Glucuronidation	Pathway::WP698_r79224	MATCHED
PATHWAY:826	Cation-coupled Chloride cotransporters	Pathway::PC7_2517	MATCHED
PATHWAY:828	Synthesis of Prostaglandins (PG) and Thromboxanes (TX)	Pathway::PC7_7753	MATCHED
PATHWAY:829	Attenuation phase	Pathway::PC7_1850	MATCHED
PATHWAY:83	Acyl chain remodelling of PS	Pathway::PC7_1562	MATCHED
PATHWAY:832	Ficolins bind to repetitive carbohydrate structures on the target cell surface	Pathway::PC7_3903	MATCHED
PATHWAY:833	CHL1 interactions	Pathway::PC7_2301	MATCHED
PATHWAY:835	Rev-mediated nuclear export of HIV RNA	Pathway::PC7_6952	MATCHED
PATHWAY:836	Transport of Ribonucleoproteins into the Host Nucleus	Pathway::PC7_8347	MATCHED
PATHWAY:837	NS1 Mediated Effects on Host Pathways	Pathway::PC7_5837	MATCHED
PATHWAY:838	Viral Messenger RNA Synthesis	Pathway::PC7_8710	MATCHED
PATHWAY:839	NEP/NS2 Interacts with the Cellular Export Machinery	Pathway::PC7_5707	MATCHED
PATHWAY:84	Acyl chain remodelling of PE	Pathway::PC7_1559	MATCHED
PATHWAY:840	Regulation of Glucokinase by Glucokinase Regulatory Protein	Pathway::PC7_6882	MATCHED
PATHWAY:841	Nuclear import of Rev protein	Pathway::PC7_5990	MATCHED
PATHWAY:842	Vpr-mediated nuclear import of PICs	Pathway::PC7_8765	MATCHED
PATHWAY:844	Nuclear Pore Complex (NPC) Disassembly	Pathway::PC7_5988	MATCHED
PATHWAY:846	HDMs demethylate histones	Pathway::PC7_4336	MATCHED
PATHWAY:847	mRNA decay by 3' to 5' exoribonuclease	Pathway::PC7_12075	MATCHED
PATHWAY:848	PLC beta mediated events	Pathway::PC7_6177	MATCHED
PATHWAY:849	DAG and IP3 signaling	Pathway::PC7_2924	MATCHED
PATHWAY:85	Acyl chain remodelling of PG	Pathway::PC7_1560	MATCHED
PATHWAY:850	Role of phospholipids in phagocytosis	Pathway::PC7_6995	MATCHED
PATHWAY:851	VEGFR2 mediated cell proliferation	Pathway::PC7_8666	MATCHED
PATHWAY:853	Antigen activates B Cell Receptor (BCR) leading to generation of second messengers	Pathway::PC7_1670	MATCHED
PATHWAY:856	MASTL Facilitates Mitotic Progression	Pathway::PC7_5124	MATCHED
PATHWAY:857	Activation of NIMA Kinases NEK9, NEK6, NEK7	Pathway::PC7_1538	MATCHED
PATHWAY:86	Hydrolysis of LPC	Pathway::PC7_4530	MATCHED
PATHWAY:860	Leukotriene receptors	Pathway::PC7_4961	MATCHED
PATHWAY:862	Androgen biosynthesis	Pathway::PC7_1658	MATCHED
PATHWAY:863	Mineralocorticoid biosynthesis	Pathway::PC7_5504	MATCHED
PATHWAY:864	Glycoprotein hormones	Pathway::PC7_4271	MATCHED
PATHWAY:865	Thyroxine biosynthesis	Pathway::PC7_8274	MATCHED
PATHWAY:866	Hormone ligand-binding receptors	Pathway::PC7_4490	MATCHED
PATHWAY:868	Reactions specific to the complex N-glycan synthesis pathway	Pathway::PC7_6855	MATCHED
PATHWAY:87	Synthesis of PA	Pathway::PC7_7742	MATCHED
PATHWAY:871	GABA synthesis, release, reuptake and degradation	Pathway::PC7_4019	MATCHED
PATHWAY:878	PI3K Cascade	Pathway::PC7_6153	MATCHED
PATHWAY:879	Frs2-mediated activation	Pathway::PC7_3983	MATCHED
PATHWAY:88	XBP1(S) activates chaperone genes	Pathway::PC7_8786	MATCHED
PATHWAY:894	Glycosphingolipid metabolism	Pathway::PC7_4276	MATCHED
PATHWAY:895	Histidine catabolism	Pathway::PC7_4482	MATCHED
PATHWAY:896	Synthesis of bile acids and bile salts via 24-hydroxycholesterol	Pathway::PC7_7756	MATCHED
PATHWAY:897	Transport and synthesis of PAPS	Pathway::PC7_8342	MATCHED
PATHWAY:898	Multifunctional anion exchangers	Pathway::PC7_5546	MATCHED
PATHWAY:899	Organic anion transport	Pathway::PC7_6058	MATCHED
PATHWAY:90	Budding and maturation of HIV virion	Pathway::PC7_2124	MATCHED
PATHWAY:900	Citric acid cycle (TCA cycle)	Pathway::PC7_2610	MATCHED
PATHWAY:901	Fibronectin matrix formation	Pathway::PC7_3902	MATCHED
PATHWAY:902	Orexin and neuropeptides FF and QRFP bind to their respective receptors	Pathway::PC7_6055	MATCHED
PATHWAY:904	Activation of PPARGC1A (PGC-1alpha) by phosphorylation	Pathway::PC7_1544	MATCHED
PATHWAY:907	Activation of Matrix Metalloproteinases	Pathway::PC7_1536	MATCHED
PATHWAY:908	Hyaluronan uptake and degradation	Pathway::PC7_4498	MATCHED
PATHWAY:909	Inhibition of Host mRNA Processing and RNA Silencing	Pathway::PC7_4732	MATCHED
PATHWAY:91	Uptake and function of anthrax toxins	Pathway::PC7_8634	MATCHED
PATHWAY:910	Processing of Intronless Pre-mRNAs	Pathway::PC7_6593	MATCHED
PATHWAY:911	Olfactory Signaling Pathway	Pathway::PC7_6044	MATCHED
PATHWAY:912	Progressive trimming of alpha-1,2-linked mannose residues from Man9/8/7GlcNAc2 to produce Man5GlcNAc2	Pathway::PC7_6615	MATCHED
PATHWAY:915	Nonsense Mediated Decay (NMD) enhanced by the Exon Junction Complex (EJC)	Pathway::PC7_5972	MATCHED
PATHWAY:916	Pregnenolone biosynthesis	Pathway::PC7_6567	MATCHED
PATHWAY:917	SRP-dependent cotranslational protein targeting to membrane	Pathway::PC7_7357	MATCHED
PATHWAY:919	Serine biosynthesis	Pathway::PC7_7428	MATCHED
PATHWAY:920	Fatty acyl-CoA biosynthesis	Pathway::PC7_3878	MATCHED
PATHWAY:921	Chk1/Chk2(Cds1) mediated inactivation of Cyclin B:Cdk1 complex	Pathway::PC7_2544	MATCHED
PATHWAY:924	Cell-extracellular matrix interactions	Pathway::PC7_2528	MATCHED
PATHWAY:925	Amino acid transport across the plasma membrane	Pathway::PC7_1632	MATCHED
PATHWAY:927	Transport of fatty acids	Pathway::PC7_8350	MATCHED
PATHWAY:928	Synthesis of very long-chain fatty acyl-CoAs	Pathway::PC7_7765	MATCHED
PATHWAY:933	RIP-mediated NFkB activation via ZBP1	Pathway::PC7_6787	MATCHED
PATHWAY:934	TRP channels	Pathway::PC7_8066	MATCHED
PATHWAY:94	Activation of BIM and translocation to mitochondria	Pathway::PC7_1526	MATCHED
PATHWAY:941	Downregulation of ERBB4 signaling	Pathway::PC7_3321	MATCHED
PATHWAY:942	Keratan sulfate degradation	Pathway::PC7_4875	MATCHED
PATHWAY:947	p75NTR negatively regulates cell cycle via SC1	Pathway::PC7_12282	MATCHED
PATHWAY:949	Basigin interactions	Pathway::PC7_2035	MATCHED
PATHWAY:95	BH3-only proteins associate with and inactivate anti-apoptotic BCL-2 members	Pathway::PC7_1994	MATCHED
PATHWAY:96	NRAGE signals death through JNK	Pathway::PC7_5825	MATCHED
PATHWAY:968	Acyl chain remodelling of PI	Pathway::PC7_1561	MATCHED
PATHWAY:970	mRNA decay by 5' to 3' exoribonuclease	Pathway::PC7_12076	MATCHED
PATHWAY:972	Synthesis of pyrophosphates in the cytosol	Pathway::PC7_7763	MATCHED
PATHWAY:973	Phosphate bond hydrolysis by NUDT proteins	Pathway::PC7_6455	MATCHED
PATHWAY:974	Signaling by BMP	Pathway::PC7_7442	MATCHED
PATHWAY:975	Integration of provirus	Pathway::PC7_4755	MATCHED
PATHWAY:976	2-LTR circle formation	Pathway::PC7_610	MATCHED
PATHWAY:978	Autointegration results in viral DNA circles	Pathway::PC7_1860	MATCHED
PATHWAY:979	APOBEC3G mediated resistance to HIV-1 infection	Pathway::PC7_1135	MATCHED
PATHWAY:980	Digestion of dietary carbohydrate	Pathway::PC7_3166	MATCHED
PATHWAY:983	TCF dependent signaling in response to WNT	Pathway::PC7_7784	MATCHED
PATHWAY:984	Negative regulation of TCF-dependent signaling by WNT ligand antagonists	Pathway::PC7_12188	MATCHED
PATHWAY:989	Peptide chain elongation	Pathway::PC7_6393	MATCHED
PATHWAY:990	Viral mRNA Translation	Pathway::PC7_8712	MATCHED
PATHWAY:992	Eukaryotic Translation Termination	Pathway::PC7_3774	MATCHED
PATHWAY:993	Nonsense Mediated Decay (NMD) independent of the Exon Junction Complex (EJC)	Pathway::PC7_5973	MATCHED
PATHWAY:994	Reversible hydration of carbon dioxide	Pathway::PC7_6955	MATCHED
PATHWAY:995	Chromatin modifying enzymes	Pathway::PC7_2570	MATCHED
PATHWAY:996	Prostanoid ligand receptors	Pathway::PC7_6640	MATCHED
PATHWAY:998	Na+/Cl- dependent neurotransmitter transporters	Pathway::PC7_5848	MATCHED
SIDE_EFFECT:1	Abdominal cramps	Side_Effect::C0000729	MATCHED
SIDE_EFFECT:10	Asthenia	Side_Effect::C0004093	MATCHED
SIDE_EFFECT:100	Nervousness	Side_Effect::C0027769	MATCHED
SIDE_EFFECT:1000	Contact lens intolerance	Side_Effect::C0221717	MATCHED
SIDE_EFFECT:1001	Ache	Side_Effect::C0234238	MATCHED
SIDE_EFFECT:1002	Dry throat	Side_Effect::C0235234	MATCHED
SIDE_EFFECT:1003	Superficial phlebothrombosis	Side_Effect::C0235511	MATCHED
SIDE_EFFECT:1004	Thrombophlebitis superficial	Side_Effect::C1510431	MATCHED
SIDE_EFFECT:1005	Vein pain	Side_Effect::C0235524	MATCHED
SIDE_EFFECT:1006	Vascular pain	Side_Effect::C0858765	MATCHED
SIDE_EFFECT:1007	Breast oedema	Side_Effect::C0235649	MATCHED
SIDE_EFFECT:1008	Galactorrhoea	Side_Effect::C0235660	MATCHED
SIDE_EFFECT:1009	Vaginitis ulcerative	Side_Effect::C0235680	MATCHED
SIDE_EFFECT:101	Tension	Side_Effect::C0233494	MATCHED
SIDE_EFFECT:1010	Vaginal ulceration	Side_Effect::C0566951	MATCHED
SIDE_EFFECT:1011	Leg edema	Side_Effect::C0235886	MATCHED
SIDE_EFFECT:1012	Arthritis aggravated	Side_Effect::C0235889	MATCHED
SIDE_EFFECT:1013	Migraine aggravated	Side_Effect::C0235890	MATCHED
SIDE_EFFECT:1014	Dermatitis hemorrhagic	Side_Effect::C0235955	MATCHED
SIDE_EFFECT:1015	Vaginal discomfort	Side_Effect::C0236080	MATCHED
SIDE_EFFECT:1016	Facial rash	Side_Effect::C0239521	MATCHED
SIDE_EFFECT:1017	Skin tenderness	Side_Effect::C0241164	MATCHED
SIDE_EFFECT:1018	Pain of skin	Side_Effect::C0241136	MATCHED
SIDE_EFFECT:1019	Weight fluctuation	Side_Effect::C0241729	MATCHED
SIDE_EFFECT:102	Petechiae	Side_Effect::C0031256	MATCHED
SIDE_EFFECT:1020	Superficial thrombophlebitis of leg	Side_Effect::C0265057	MATCHED
SIDE_EFFECT:1021	Breast malformation	Side_Effect::C0266008	MATCHED
SIDE_EFFECT:1022	Hepatitis acute	Side_Effect::C0267797	MATCHED
SIDE_EFFECT:1023	Ectropion of cervix	Side_Effect::C0269189	MATCHED
SIDE_EFFECT:1024	Glucose tolerance impaired	Side_Effect::C0271650	MATCHED
SIDE_EFFECT:1025	Eruption	Side_Effect::C0302295	MATCHED
SIDE_EFFECT:1026	Papule	Side_Effect::C0332563	MATCHED
SIDE_EFFECT:1027	Malignant mesenchymoma	Side_Effect::C0334492	MATCHED
SIDE_EFFECT:1028	Genital candidiasis	Side_Effect::C0343863	MATCHED
SIDE_EFFECT:1029	Exacerbation of asthma	Side_Effect::C0349790	MATCHED
SIDE_EFFECT:103	Respiratory insufficiency	Side_Effect::C0035229	MATCHED
SIDE_EFFECT:1030	Pulse irregular	Side_Effect::C0392684	MATCHED
SIDE_EFFECT:1031	Jerky movement NOS	Side_Effect::C0427085	MATCHED
SIDE_EFFECT:1032	Blindness	Side_Effect::C0456909	MATCHED
SIDE_EFFECT:1033	Endometrial cancer	Side_Effect::C0476089	MATCHED
SIDE_EFFECT:1034	Dementia	Side_Effect::C0497327	MATCHED
SIDE_EFFECT:1035	Rash generalised	Side_Effect::C0497365	MATCHED
SIDE_EFFECT:1036	Pre-existing disease	Side_Effect::C0521987	MATCHED
SIDE_EFFECT:1037	Carbohydrate tolerance decreased	Side_Effect::C0541820	MATCHED
SIDE_EFFECT:1038	Speech loss	Side_Effect::C0542223	MATCHED
SIDE_EFFECT:1039	Toxic reaction (NOS)	Side_Effect::C0542243	MATCHED
SIDE_EFFECT:104	Respiratory failure	Side_Effect::C1145670	MATCHED
SIDE_EFFECT:1040	Toxicity to various agents	Side_Effect::C3160741	MATCHED
SIDE_EFFECT:1041	Pelvic venous thrombosis	Side_Effect::C0549288	MATCHED
SIDE_EFFECT:1042	Breast pain female	Side_Effect::C0553713	MATCHED
SIDE_EFFECT:1043	Cervical discharge	Side_Effect::C0553737	MATCHED
SIDE_EFFECT:1044	Bradyphrenia	Side_Effect::C0554976	MATCHED
SIDE_EFFECT:1045	Uterine pain	Side_Effect::C0567085	MATCHED
SIDE_EFFECT:1046	Gait disturbance	Side_Effect::C0575081	MATCHED
SIDE_EFFECT:1047	Mass	Side_Effect::C0577559	MATCHED
SIDE_EFFECT:1048	Family stress	Side_Effect::C0577730	MATCHED
SIDE_EFFECT:1049	Bladder infection	Side_Effect::C0600041	MATCHED
SIDE_EFFECT:105	Seborrhoeic dermatitis	Side_Effect::C0036508	MATCHED
SIDE_EFFECT:1050	Toxic shock syndrome	Side_Effect::C0600327	MATCHED
SIDE_EFFECT:1051	Generalised erythema	Side_Effect::C0849916	MATCHED
SIDE_EFFECT:1052	Blood oestrogen increased	Side_Effect::C0853020	MATCHED
SIDE_EFFECT:1053	Anxiety NEC	Side_Effect::C0853074	MATCHED
SIDE_EFFECT:1054	Application site erythema	Side_Effect::C0853700	MATCHED
SIDE_EFFECT:1055	Breast cancer invasive NOS	Side_Effect::C0853879	MATCHED
SIDE_EFFECT:1056	Peripheral swelling	Side_Effect::C0877232	MATCHED
SIDE_EFFECT:1057	Local swelling	Side_Effect::C0853619	MATCHED
SIDE_EFFECT:1058	Breast discomfort	Side_Effect::C0877338	MATCHED
SIDE_EFFECT:1059	Raised liver function tests	Side_Effect::C0877359	MATCHED
SIDE_EFFECT:106	Skin disorder	Side_Effect::C0037274	MATCHED
SIDE_EFFECT:1060	Retinal vascular thrombosis	Side_Effect::C0919714	MATCHED
SIDE_EFFECT:1061	Pleural infection	Side_Effect::C0919907	MATCHED
SIDE_EFFECT:1062	Medical device complication	Side_Effect::C1112353	MATCHED
SIDE_EFFECT:1063	Ovarian cancer	Side_Effect::C1140680	MATCHED
SIDE_EFFECT:1064	Change in blood pressure	Side_Effect::C1268766	MATCHED
SIDE_EFFECT:1065	Blood pressure fluctuation	Side_Effect::C0549405	MATCHED
SIDE_EFFECT:1066	Abdominal bloating	Side_Effect::C1291077	MATCHED
SIDE_EFFECT:1067	Breast neoplasm	Side_Effect::C1458155	MATCHED
SIDE_EFFECT:1068	Vulva discomfort	Side_Effect::C2607896	MATCHED
SIDE_EFFECT:1069	Abnormal withdrawal bleeding	Side_Effect::C2609183	MATCHED
SIDE_EFFECT:107	Sunburn	Side_Effect::C0038814	MATCHED
SIDE_EFFECT:1070	Mood alteration NOS	Side_Effect::C2939186	MATCHED
SIDE_EFFECT:1071	Loss of libido	Side_Effect::C2981158	MATCHED
SIDE_EFFECT:1072	Bleeding breakthrough	Side_Effect::C3495440	MATCHED
SIDE_EFFECT:1073	Angina pectoris	Side_Effect::C0002962	MATCHED
SIDE_EFFECT:1074	Diuresis	Side_Effect::C0012797	MATCHED
SIDE_EFFECT:1075	Lung disorder	Side_Effect::C0024115	MATCHED
SIDE_EFFECT:1076	Bronchopneumonia	Side_Effect::C0006285	MATCHED
SIDE_EFFECT:1077	Oral candidiasis	Side_Effect::C0006849	MATCHED
SIDE_EFFECT:1078	Gagging	Side_Effect::C0016927	MATCHED
SIDE_EFFECT:1079	Retching	Side_Effect::C0232602	MATCHED
SIDE_EFFECT:108	Photosensitivity reaction	Side_Effect::C0162830	MATCHED
SIDE_EFFECT:1080	Glossodynia	Side_Effect::C0017672	MATCHED
SIDE_EFFECT:1081	Nephrosis	Side_Effect::C0027720	MATCHED
SIDE_EFFECT:1082	Nephrotic syndrome	Side_Effect::C0027726	MATCHED
SIDE_EFFECT:1083	Staphylococcal infection	Side_Effect::C0038160	MATCHED
SIDE_EFFECT:1084	Odynophagia	Side_Effect::C0221150	MATCHED
SIDE_EFFECT:1085	Condition aggravated	Side_Effect::C0235874	MATCHED
SIDE_EFFECT:1086	Productive cough	Side_Effect::C0239134	MATCHED
SIDE_EFFECT:1087	Pain in arm	Side_Effect::C0239377	MATCHED
SIDE_EFFECT:1088	Throat sore	Side_Effect::C0242429	MATCHED
SIDE_EFFECT:1089	Oropharyngeal discomfort	Side_Effect::C2363730	MATCHED
SIDE_EFFECT:109	Thrombocytopenia	Side_Effect::C0040034	MATCHED
SIDE_EFFECT:1090	Oropharyngeal pain	Side_Effect::C2363731	MATCHED
SIDE_EFFECT:1091	Forced expiratory volume decreased	Side_Effect::C0520837	MATCHED
SIDE_EFFECT:1092	Hypovolaemia	Side_Effect::C0546884	MATCHED
SIDE_EFFECT:1093	Morbid thoughts	Side_Effect::C0555358	MATCHED
SIDE_EFFECT:1094	Bacterial disease carrier	Side_Effect::C0853960	MATCHED
SIDE_EFFECT:1095	Sputum discoloured	Side_Effect::C0854425	MATCHED
SIDE_EFFECT:1096	Fluid and electrolyte imbalance	Side_Effect::C0860434	MATCHED
SIDE_EFFECT:1097	Electrolyte imbalance	Side_Effect::C0342579	MATCHED
SIDE_EFFECT:1098	Lung infection	Side_Effect::C0876973	MATCHED
SIDE_EFFECT:1099	Hernia pain	Side_Effect::C0877134	MATCHED
SIDE_EFFECT:11	Atrial fibrillation	Side_Effect::C0004238	MATCHED
SIDE_EFFECT:110	Thromboembolism	Side_Effect::C0040038	MATCHED
SIDE_EFFECT:1100	Fungus sputum test positive	Side_Effect::C1096732	MATCHED
SIDE_EFFECT:1101	Fungal test positive	Side_Effect::C1167761	MATCHED
SIDE_EFFECT:1102	Dysphonia	Side_Effect::C1527344	MATCHED
SIDE_EFFECT:1103	Post-tussive vomiting	Side_Effect::C1740793	MATCHED
SIDE_EFFECT:1104	Decompensation cardiac	Side_Effect::C1961112	MATCHED
SIDE_EFFECT:1105	Myopathy	Side_Effect::C0026848	MATCHED
SIDE_EFFECT:1106	Myositis	Side_Effect::C0027121	MATCHED
SIDE_EFFECT:1107	Blood urea increased	Side_Effect::C0151539	MATCHED
SIDE_EFFECT:1108	Creatine phosphokinase increased	Side_Effect::C0151576	MATCHED
SIDE_EFFECT:1109	Blood creatine phosphokinase increased	Side_Effect::C0853034	MATCHED
SIDE_EFFECT:111	Embolism	Side_Effect::C0013922	MATCHED
SIDE_EFFECT:1110	Peripheral ischaemia	Side_Effect::C0235490	MATCHED
SIDE_EFFECT:1111	Tearing eyes	Side_Effect::C3257803	MATCHED
SIDE_EFFECT:1112	Palmar erythema	Side_Effect::C0014745	MATCHED
SIDE_EFFECT:1113	Rhonchi	Side_Effect::C0035508	MATCHED
SIDE_EFFECT:1114	Stridor	Side_Effect::C0038450	MATCHED
SIDE_EFFECT:1115	Erythema facial	Side_Effect::C0239488	MATCHED
SIDE_EFFECT:1116	Sticky skin	Side_Effect::C0392162	MATCHED
SIDE_EFFECT:1117	Anaemia megaloblastic	Side_Effect::C0002888	MATCHED
SIDE_EFFECT:1118	Arachnoiditis	Side_Effect::C0003708	MATCHED
SIDE_EFFECT:1119	Cerebellar syndrome	Side_Effect::C0007760	MATCHED
SIDE_EFFECT:112	Embolism venous	Side_Effect::C0340726	MATCHED
SIDE_EFFECT:1120	Ephelides	Side_Effect::C0016689	MATCHED
SIDE_EFFECT:1121	Solar lentigo	Side_Effect::C0036651	MATCHED
SIDE_EFFECT:1122	Guillain-Barre syndrome	Side_Effect::C0018378	MATCHED
SIDE_EFFECT:1123	Cardiomegaly	Side_Effect::C0018800	MATCHED
SIDE_EFFECT:1124	Hemiplegia	Side_Effect::C0018991	MATCHED
SIDE_EFFECT:1125	Hydrocephalus	Side_Effect::C0020255	MATCHED
SIDE_EFFECT:1126	Immune status	Side_Effect::C0020964	MATCHED
SIDE_EFFECT:1127	Immunology test	Side_Effect::C0021061	MATCHED
SIDE_EFFECT:1128	Unspecified disorder of intestine	Side_Effect::C0021831	MATCHED
SIDE_EFFECT:1129	Keratitis	Side_Effect::C0022568	MATCHED
SIDE_EFFECT:113	Ulcer	Side_Effect::C0041582	MATCHED
SIDE_EFFECT:1130	Liver abscess	Side_Effect::C0023885	MATCHED
SIDE_EFFECT:1131	Meningism	Side_Effect::C0025287	MATCHED
SIDE_EFFECT:1132	Meningitis	Side_Effect::C0025289	MATCHED
SIDE_EFFECT:1133	Neutropenia	Side_Effect::C0027947	MATCHED
SIDE_EFFECT:1134	Paraplegia	Side_Effect::C0030486	MATCHED
SIDE_EFFECT:1135	Diplegia	Side_Effect::C0221165	MATCHED
SIDE_EFFECT:1136	Monoplegia	Side_Effect::C0085622	MATCHED
SIDE_EFFECT:1137	Pericarditis	Side_Effect::C0031046	MATCHED
SIDE_EFFECT:1138	Pneumatosis cystoides intestinalis	Side_Effect::C0032266	MATCHED
SIDE_EFFECT:1139	Pneumatosis intestinalis	Side_Effect::C1112565	MATCHED
SIDE_EFFECT:114	Erythema	Side_Effect::C0041834	MATCHED
SIDE_EFFECT:1140	Reflexes abnormal	Side_Effect::C0034933	MATCHED
SIDE_EFFECT:1141	Acute respiratory distress syndrome	Side_Effect::C0035222	MATCHED
SIDE_EFFECT:1143	Paraparesis	Side_Effect::C0221166	MATCHED
SIDE_EFFECT:1144	Spinal cord disorder	Side_Effect::C0037928	MATCHED
SIDE_EFFECT:1145	Tumour lysis syndrome	Side_Effect::C0041364	MATCHED
SIDE_EFFECT:1146	Ureteric obstruction	Side_Effect::C0041956	MATCHED
SIDE_EFFECT:1147	Diffuse large B-cell lymphoma	Side_Effect::C0079744	MATCHED
SIDE_EFFECT:1148	Hypoalgesia	Side_Effect::C0085625	MATCHED
SIDE_EFFECT:1149	Cranial nerve paralysis	Side_Effect::C0151311	MATCHED
SIDE_EFFECT:115	Chills	Side_Effect::C0085593	MATCHED
SIDE_EFFECT:1150	Peripheral sensory neuropathy	Side_Effect::C0151313	MATCHED
SIDE_EFFECT:1151	Oesophageal ulcer	Side_Effect::C0151970	MATCHED
SIDE_EFFECT:1152	Traumatic liver injury	Side_Effect::C2242588	MATCHED
SIDE_EFFECT:1153	Interstitial pneumonia	Side_Effect::C0206061	MATCHED
SIDE_EFFECT:1154	Interstitial lung disease	Side_Effect::C0206062	MATCHED
SIDE_EFFECT:1155	Neurotoxicity	Side_Effect::C0235032	MATCHED
SIDE_EFFECT:1157	Personality change	Side_Effect::C0240735	MATCHED
SIDE_EFFECT:1159	Leukoencephalopathy	Side_Effect::C0270612	MATCHED
SIDE_EFFECT:116	Rash pustular	Side_Effect::C0085641	MATCHED
SIDE_EFFECT:1161	Mucosal inflammation	Side_Effect::C0333355	MATCHED
SIDE_EFFECT:1162	Cognitive impairment	Side_Effect::C0338656	MATCHED
SIDE_EFFECT:1163	Cognitive disorder	Side_Effect::C0009241	MATCHED
SIDE_EFFECT:1164	Capillary leak syndrome	Side_Effect::C0343084	MATCHED
SIDE_EFFECT:1165	Cauda equina syndrome	Side_Effect::C0392548	MATCHED
SIDE_EFFECT:1166	Sensation of foreign body	Side_Effect::C0423602	MATCHED
SIDE_EFFECT:1167	Neurological impairment	Side_Effect::C0521654	MATCHED
SIDE_EFFECT:1168	Lipase increased	Side_Effect::C0549475	MATCHED
SIDE_EFFECT:1169	Cardio-respiratory arrest	Side_Effect::C0600228	MATCHED
SIDE_EFFECT:117	Application site reaction	Side_Effect::C0151505	MATCHED
SIDE_EFFECT:1170	Hypoxemia	Side_Effect::C0700292	MATCHED
SIDE_EFFECT:1172	Hyperuricaemia	Side_Effect::C0740394	MATCHED
SIDE_EFFECT:1173	Blood uric acid increased	Side_Effect::C0235416	MATCHED
SIDE_EFFECT:1174	Memory loss	Side_Effect::C0751295	MATCHED
SIDE_EFFECT:1175	Allergic oedema	Side_Effect::C0847033	MATCHED
SIDE_EFFECT:1176	Myelosuppression	Side_Effect::C0854467	MATCHED
SIDE_EFFECT:1177	Cardiotoxicity	Side_Effect::C0876994	MATCHED
SIDE_EFFECT:1178	Cardiomyopathy	Side_Effect::C0878544	MATCHED
SIDE_EFFECT:1179	Pulmonary toxicity	Side_Effect::C0919924	MATCHED
SIDE_EFFECT:118	Gamma-glutamyltransferase increased	Side_Effect::C0151662	MATCHED
SIDE_EFFECT:1180	Venoocclusive disease	Side_Effect::C0948441	MATCHED
SIDE_EFFECT:1181	Necrotising colitis	Side_Effect::C0948692	MATCHED
SIDE_EFFECT:1182	Ileus	Side_Effect::C1258215	MATCHED
SIDE_EFFECT:1183	Ocular toxicity	Side_Effect::C1262036	MATCHED
SIDE_EFFECT:1184	Urine output	Side_Effect::C1287298	MATCHED
SIDE_EFFECT:1185	Vasculitis necrotising	Side_Effect::C1318520	MATCHED
SIDE_EFFECT:1187	Intestinal necrosis	Side_Effect::C2243080	MATCHED
SIDE_EFFECT:1188	Gastrointestinal necrosis	Side_Effect::C0852925	MATCHED
SIDE_EFFECT:1189	CNS toxicity	Side_Effect::C3160947	MATCHED
SIDE_EFFECT:119	Skin hypertrophy	Side_Effect::C0151717	MATCHED
SIDE_EFFECT:1190	Non-cardiogenic pulmonary oedema	Side_Effect::C3241936	MATCHED
SIDE_EFFECT:1191	Soft stools	Side_Effect::C0577115	MATCHED
SIDE_EFFECT:1192	Ichthyosis	Side_Effect::C0020757	MATCHED
SIDE_EFFECT:1193	Ichthyosis acquired	Side_Effect::C0263386	MATCHED
SIDE_EFFECT:1194	Chemical cystitis	Side_Effect::C0403639	MATCHED
SIDE_EFFECT:1195	Gangrene	Side_Effect::C0017086	MATCHED
SIDE_EFFECT:1196	Piloerection	Side_Effect::C0031924	MATCHED
SIDE_EFFECT:1197	Cyanosis peripheral	Side_Effect::C0235532	MATCHED
SIDE_EFFECT:1198	Azotaemia	Side_Effect::C0242528	MATCHED
SIDE_EFFECT:1199	Prolonged menses	Side_Effect::C0425945	MATCHED
SIDE_EFFECT:12	Back pain	Side_Effect::C0004604	MATCHED
SIDE_EFFECT:120	Aspartate aminotransferase increased	Side_Effect::C0151904	MATCHED
SIDE_EFFECT:1200	Cervix disorder	Side_Effect::C0007867	MATCHED
SIDE_EFFECT:1201	Colitis ischaemic	Side_Effect::C0162529	MATCHED
SIDE_EFFECT:1202	Meningioma benign	Side_Effect::C0281784	MATCHED
SIDE_EFFECT:1203	Endometrial thickening	Side_Effect::C0743516	MATCHED
SIDE_EFFECT:1204	Endometrial hypertrophy	Side_Effect::C0858833	MATCHED
SIDE_EFFECT:1205	Bacteraemia	Side_Effect::C0004610	MATCHED
SIDE_EFFECT:1206	Oesophageal stenosis	Side_Effect::C0014866	MATCHED
SIDE_EFFECT:1207	Pneumonia aspiration	Side_Effect::C0032290	MATCHED
SIDE_EFFECT:1208	Retrosternal pain	Side_Effect::C0151826	MATCHED
SIDE_EFFECT:1209	Spinal cord paralysis	Side_Effect::C1112349	MATCHED
SIDE_EFFECT:121	Alanine aminotransferase increased	Side_Effect::C0151905	MATCHED
SIDE_EFFECT:1210	Dermatitis irritant contact	Side_Effect::C0162823	MATCHED
SIDE_EFFECT:1211	Calculus of kidney	Side_Effect::C0022650	MATCHED
SIDE_EFFECT:1212	Nephrolithiasis	Side_Effect::C0392525	MATCHED
SIDE_EFFECT:1213	Pyelonephritis	Side_Effect::C0034186	MATCHED
SIDE_EFFECT:1214	Rectal tenesmus	Side_Effect::C0232726	MATCHED
SIDE_EFFECT:1215	Proctalgia	Side_Effect::C0034886	MATCHED
SIDE_EFFECT:1216	Gastrointestinal fistula	Side_Effect::C0341212	MATCHED
SIDE_EFFECT:1217	Pneumonia due to Streptococcus, group b	Side_Effect::C0348801	MATCHED
SIDE_EFFECT:1218	Pneumonia streptococcal	Side_Effect::C0155862	MATCHED
SIDE_EFFECT:1219	Crohns disease aggravated	Side_Effect::C0852922	MATCHED
SIDE_EFFECT:122	Dry skin	Side_Effect::C0151908	MATCHED
SIDE_EFFECT:1220	Crohn's disease	Side_Effect::C0010346	MATCHED
SIDE_EFFECT:1221	Digitalis toxicity	Side_Effect::C0012254	MATCHED
SIDE_EFFECT:1222	Encephalopathy	Side_Effect::C0085584	MATCHED
SIDE_EFFECT:1223	Blindness transient	Side_Effect::C0155003	MATCHED
SIDE_EFFECT:1224	Hyperammonaemia	Side_Effect::C0220994	MATCHED
SIDE_EFFECT:1225	Disorders of fluid, electrolyte and acid-base balance	Side_Effect::C0267994	MATCHED
SIDE_EFFECT:1226	Tetany	Side_Effect::C0039621	MATCHED
SIDE_EFFECT:1227	Eosinophilia	Side_Effect::C0014457	MATCHED
SIDE_EFFECT:1228	Hyperlipidaemia	Side_Effect::C0020473	MATCHED
SIDE_EFFECT:1229	Foetor hepaticus	Side_Effect::C0239571	MATCHED
SIDE_EFFECT:123	Eyelid oedema	Side_Effect::C0162285	MATCHED
SIDE_EFFECT:1230	Vasculitis	Side_Effect::C0042384	MATCHED
SIDE_EFFECT:1231	Vesiculobullous rash	Side_Effect::C0151883	MATCHED
SIDE_EFFECT:1232	Dermatitis bullous	Side_Effect::C0085932	MATCHED
SIDE_EFFECT:1233	Sickness	Side_Effect::C0221423	MATCHED
SIDE_EFFECT:1234	Epidural haemorrhage	Side_Effect::C0238154	MATCHED
SIDE_EFFECT:1235	Paralysis	Side_Effect::C0522224	MATCHED
SIDE_EFFECT:1236	Cutaneous hypersensitivity	Side_Effect::C0585186	MATCHED
SIDE_EFFECT:1237	Thrombocytosis	Side_Effect::C0836924	MATCHED
SIDE_EFFECT:1238	Spinal haematoma	Side_Effect::C0856150	MATCHED
SIDE_EFFECT:1239	Non-Q wave MI	Side_Effect::C0860155	MATCHED
SIDE_EFFECT:124	Skin hyperpigmentation	Side_Effect::C0162834	MATCHED
SIDE_EFFECT:1240	Haemorrhagic anaemia	Side_Effect::C0948824	MATCHED
SIDE_EFFECT:1241	Cholestatic liver injury	Side_Effect::C2242582	MATCHED
SIDE_EFFECT:1242	Major bleed	Side_Effect::C3160769	MATCHED
SIDE_EFFECT:1243	Hypothyroidism	Side_Effect::C0020676	MATCHED
SIDE_EFFECT:1244	Injection site granuloma	Side_Effect::C0085654	MATCHED
SIDE_EFFECT:1245	Injection site fibrosis	Side_Effect::C0151649	MATCHED
SIDE_EFFECT:1246	Injection site urticaria	Side_Effect::C0392196	MATCHED
SIDE_EFFECT:1247	Injection site dermatitis	Side_Effect::C0521505	MATCHED
SIDE_EFFECT:1248	Injection site erythema	Side_Effect::C0852625	MATCHED
SIDE_EFFECT:1249	Block heart	Side_Effect::C0018794	MATCHED
SIDE_EFFECT:125	Leukoderma	Side_Effect::C0162835	MATCHED
SIDE_EFFECT:1250	Respiratory paralysis	Side_Effect::C0035232	MATCHED
SIDE_EFFECT:1251	Paralysis flaccid	Side_Effect::C0085620	MATCHED
SIDE_EFFECT:1252	Areflexia	Side_Effect::C0234146	MATCHED
SIDE_EFFECT:1253	Paresthesia of limbs	Side_Effect::C0239385	MATCHED
SIDE_EFFECT:1254	Albuminuria	Side_Effect::C0001925	MATCHED
SIDE_EFFECT:1255	Malabsorption	Side_Effect::C0024523	MATCHED
SIDE_EFFECT:1256	Meniere's disease	Side_Effect::C0025281	MATCHED
SIDE_EFFECT:1257	Nystagmus	Side_Effect::C0028738	MATCHED
SIDE_EFFECT:1258	Oliguria	Side_Effect::C0028961	MATCHED
SIDE_EFFECT:1259	Ototoxicity	Side_Effect::C0235280	MATCHED
SIDE_EFFECT:126	Unspecified disorder of skin and subcutaneous tissue	Side_Effect::C0178298	MATCHED
SIDE_EFFECT:1260	Nephropathy toxic	Side_Effect::C0595916	MATCHED
SIDE_EFFECT:1261	Nephrotoxicity	Side_Effect::C0599918	MATCHED
SIDE_EFFECT:1262	Drug fever	Side_Effect::C1320835	MATCHED
SIDE_EFFECT:1263	Vestibular toxicity	Side_Effect::C3495931	MATCHED
SIDE_EFFECT:1264	Lactic acidosis	Side_Effect::C0001125	MATCHED
SIDE_EFFECT:1265	Gas gangrene	Side_Effect::C0017105	MATCHED
SIDE_EFFECT:1266	Ischaemia	Side_Effect::C0022116	MATCHED
SIDE_EFFECT:1267	Nephropathy	Side_Effect::C0022658	MATCHED
SIDE_EFFECT:1268	Rales	Side_Effect::C0034642	MATCHED
SIDE_EFFECT:1269	Subarachnoid haemorrhage	Side_Effect::C0038525	MATCHED
SIDE_EFFECT:127	Scab	Side_Effect::C0205204	MATCHED
SIDE_EFFECT:1270	Tachyarrhythmia	Side_Effect::C0080203	MATCHED
SIDE_EFFECT:1271	Blanching of skin	Side_Effect::C0277941	MATCHED
SIDE_EFFECT:1272	Skeletal injury	Side_Effect::C0597457	MATCHED
SIDE_EFFECT:1273	Coldness	Side_Effect::C0812387	MATCHED
SIDE_EFFECT:1274	Feeling cold	Side_Effect::C0234192	MATCHED
SIDE_EFFECT:1275	Hypertensive	Side_Effect::C0857121	MATCHED
SIDE_EFFECT:1276	Redness of face	Side_Effect::C0857245	MATCHED
SIDE_EFFECT:1277	Injection site pallor	Side_Effect::C1735322	MATCHED
SIDE_EFFECT:1278	Injection site injury	Side_Effect::C1737214	MATCHED
SIDE_EFFECT:1279	Central nervous system haemorrhage	Side_Effect::C3267019	MATCHED
SIDE_EFFECT:128	Welts	Side_Effect::C0221232	MATCHED
SIDE_EFFECT:1280	Cerebral artery embolism	Side_Effect::C0007780	MATCHED
SIDE_EFFECT:1281	Craniosynostosis	Side_Effect::C0010278	MATCHED
SIDE_EFFECT:1282	Basedow's disease	Side_Effect::C0018213	MATCHED
SIDE_EFFECT:1283	Infertility	Side_Effect::C0021359	MATCHED
SIDE_EFFECT:1284	Benign intracranial hypertension	Side_Effect::C0033845	MATCHED
SIDE_EFFECT:1285	Slipped femoral capital epiphysis	Side_Effect::C0149887	MATCHED
SIDE_EFFECT:1286	Epiphysiolysis	Side_Effect::C0014571	MATCHED
SIDE_EFFECT:1287	Heat intolerance	Side_Effect::C0231274	MATCHED
SIDE_EFFECT:1288	Temperature intolerance	Side_Effect::C1112320	MATCHED
SIDE_EFFECT:1289	Fluid loss	Side_Effect::C0235395	MATCHED
SIDE_EFFECT:129	Discomfort	Side_Effect::C0234215	MATCHED
SIDE_EFFECT:1290	CNS depression NOS	Side_Effect::C0151559	MATCHED
SIDE_EFFECT:1291	Proteinuria	Side_Effect::C0033687	MATCHED
SIDE_EFFECT:1292	Protein urine present	Side_Effect::C0948586	MATCHED
SIDE_EFFECT:1293	Psoriasis	Side_Effect::C0033860	MATCHED
SIDE_EFFECT:1294	Restless legs syndrome	Side_Effect::C0035258	MATCHED
SIDE_EFFECT:1295	Gastric disorder	Side_Effect::C0038354	MATCHED
SIDE_EFFECT:1296	Abnormal bowel sounds	Side_Effect::C0159060	MATCHED
SIDE_EFFECT:1297	Gastrointestinal sounds abnormal	Side_Effect::C1963818	MATCHED
SIDE_EFFECT:1298	Visual acuity reduced	Side_Effect::C0234632	MATCHED
SIDE_EFFECT:1299	Tongue ulceration	Side_Effect::C0235351	MATCHED
SIDE_EFFECT:13	Bronchitis	Side_Effect::C0006277	MATCHED
SIDE_EFFECT:130	Tenderness	Side_Effect::C0234233	MATCHED
SIDE_EFFECT:1300	Oedema mouth	Side_Effect::C0236065	MATCHED
SIDE_EFFECT:1301	Hand dermatitis	Side_Effect::C0239816	MATCHED
SIDE_EFFECT:1302	Night cramps	Side_Effect::C0262578	MATCHED
SIDE_EFFECT:1303	Laboratory test abnormal	Side_Effect::C0438215	MATCHED
SIDE_EFFECT:1304	Vertigo positional	Side_Effect::C0522351	MATCHED
SIDE_EFFECT:1305	Oral mucosal blistering	Side_Effect::C0853945	MATCHED
SIDE_EFFECT:1306	Dreamy state	Side_Effect::C0860514	MATCHED
SIDE_EFFECT:1307	Alkalosis	Side_Effect::C0002063	MATCHED
SIDE_EFFECT:1308	Distention	Side_Effect::C0012359	MATCHED
SIDE_EFFECT:1309	Faecalith	Side_Effect::C0015734	MATCHED
SIDE_EFFECT:131	Skin exfoliation	Side_Effect::C0237849	MATCHED
SIDE_EFFECT:1310	Faecaloma	Side_Effect::C1321686	MATCHED
SIDE_EFFECT:1311	Methaemoglobinaemia	Side_Effect::C0025637	MATCHED
SIDE_EFFECT:1312	Nephrocalcinosis	Side_Effect::C0027709	MATCHED
SIDE_EFFECT:1313	Hyperphosphataemia	Side_Effect::C0085681	MATCHED
SIDE_EFFECT:1314	Acute bronchitis	Side_Effect::C0149514	MATCHED
SIDE_EFFECT:1315	Tracheobronchitis	Side_Effect::C0040586	MATCHED
SIDE_EFFECT:1316	Bleeding time prolonged	Side_Effect::C0151529	MATCHED
SIDE_EFFECT:1317	Creatinine increased	Side_Effect::C0151578	MATCHED
SIDE_EFFECT:1318	Metabolic alkalosis	Side_Effect::C0220983	MATCHED
SIDE_EFFECT:1319	Pharyngeal oedema	Side_Effect::C0236024	MATCHED
SIDE_EFFECT:132	Pustule	Side_Effect::C0241157	MATCHED
SIDE_EFFECT:1320	Numbness generalized	Side_Effect::C0858581	MATCHED
SIDE_EFFECT:1321	Taste salty	Side_Effect::C0858598	MATCHED
SIDE_EFFECT:1322	Renal tubular necrosis	Side_Effect::C1720775	MATCHED
SIDE_EFFECT:1323	Acute phosphate nephropathy	Side_Effect::C2747793	MATCHED
SIDE_EFFECT:1324	Mucosal bleeding	Side_Effect::C2748540	MATCHED
SIDE_EFFECT:1325	Mucosal haemorrhage	Side_Effect::C0854375	MATCHED
SIDE_EFFECT:1326	Acanthosis nigricans	Side_Effect::C0000889	MATCHED
SIDE_EFFECT:1327	Cholestasis	Side_Effect::C0008370	MATCHED
SIDE_EFFECT:1328	Fungal skin infection	Side_Effect::C0011630	MATCHED
SIDE_EFFECT:1329	Faecal incontinence	Side_Effect::C0015732	MATCHED
SIDE_EFFECT:133	Skin tightness	Side_Effect::C0241166	MATCHED
SIDE_EFFECT:1330	Furunculosis	Side_Effect::C0016867	MATCHED
SIDE_EFFECT:1331	Furuncle	Side_Effect::C0242301	MATCHED
SIDE_EFFECT:1332	Glaucoma	Side_Effect::C0017601	MATCHED
SIDE_EFFECT:1333	Gout	Side_Effect::C0018099	MATCHED
SIDE_EFFECT:1334	Hepatomegaly	Side_Effect::C0019209	MATCHED
SIDE_EFFECT:1335	Hernia	Side_Effect::C0019270	MATCHED
SIDE_EFFECT:1336	Hyperinsulinism	Side_Effect::C0020459	MATCHED
SIDE_EFFECT:1337	Blood insulin increased	Side_Effect::C0852795	MATCHED
SIDE_EFFECT:1338	Keratosis	Side_Effect::C0022593	MATCHED
SIDE_EFFECT:1339	Laryngeal oedema	Side_Effect::C0023052	MATCHED
SIDE_EFFECT:134	Hepatobiliary disease	Side_Effect::C0267792	MATCHED
SIDE_EFFECT:1340	Laryngospasm	Side_Effect::C0023066	MATCHED
SIDE_EFFECT:1341	Cystoid macular oedema	Side_Effect::C0024440	MATCHED
SIDE_EFFECT:1342	Peptic ulcer	Side_Effect::C0030920	MATCHED
SIDE_EFFECT:1343	Generalised oedema	Side_Effect::C0151603	MATCHED
SIDE_EFFECT:1344	High density lipoprotein decreased	Side_Effect::C0151691	MATCHED
SIDE_EFFECT:1345	Mucous membrane disorder	Side_Effect::C0151785	MATCHED
SIDE_EFFECT:1346	Sensation of heat	Side_Effect::C0234193	MATCHED
SIDE_EFFECT:1347	Skin burning sensation	Side_Effect::C0241057	MATCHED
SIDE_EFFECT:1348	Macular oedema	Side_Effect::C0271051	MATCHED
SIDE_EFFECT:1349	Xanthoma	Side_Effect::C0302314	MATCHED
SIDE_EFFECT:135	Blood bilirubin increased	Side_Effect::C0311468	MATCHED
SIDE_EFFECT:1350	Metabolic syndrome	Side_Effect::C0524620	MATCHED
SIDE_EFFECT:1351	Sensation of warmth	Side_Effect::C0549386	MATCHED
SIDE_EFFECT:1352	Blood glucose increased	Side_Effect::C0595877	MATCHED
SIDE_EFFECT:1353	Generalized flushing	Side_Effect::C0857370	MATCHED
SIDE_EFFECT:1354	Atherothrombosis	Side_Effect::C1963943	MATCHED
SIDE_EFFECT:1355	Arterial thrombosis	Side_Effect::C0151942	MATCHED
SIDE_EFFECT:1356	Aphthous stomatitis	Side_Effect::C0038363	MATCHED
SIDE_EFFECT:1357	Blister	Side_Effect::C0005758	MATCHED
SIDE_EFFECT:1358	Herpes labialis	Side_Effect::C0019345	MATCHED
SIDE_EFFECT:1359	Oral herpes	Side_Effect::C0341012	MATCHED
SIDE_EFFECT:136	Induration	Side_Effect::C0332534	MATCHED
SIDE_EFFECT:1360	Hoarseness	Side_Effect::C0019825	MATCHED
SIDE_EFFECT:1361	Nicotine dependence	Side_Effect::C0028043	MATCHED
SIDE_EFFECT:1362	Ulcerative stomatitis	Side_Effect::C0038367	MATCHED
SIDE_EFFECT:1363	Withdrawal syndrome	Side_Effect::C0038587	MATCHED
SIDE_EFFECT:1364	Thyroid disorder	Side_Effect::C0040128	MATCHED
SIDE_EFFECT:1365	Abnormal faeces	Side_Effect::C0162287	MATCHED
SIDE_EFFECT:1366	Motor dysfunction	Side_Effect::C0234131	MATCHED
SIDE_EFFECT:1367	Dreaming excessive	Side_Effect::C0235966	MATCHED
SIDE_EFFECT:1368	Nicotine poisoning	Side_Effect::C0238311	MATCHED
SIDE_EFFECT:1369	Tobacco poisoning	Side_Effect::C0275378	MATCHED
SIDE_EFFECT:137	Photosensitivity	Side_Effect::C0349506	MATCHED
SIDE_EFFECT:1370	Nasal irritation	Side_Effect::C0240557	MATCHED
SIDE_EFFECT:1371	Nasal discomfort	Side_Effect::C0858259	MATCHED
SIDE_EFFECT:1372	Nasal ulcer	Side_Effect::C0264267	MATCHED
SIDE_EFFECT:1373	Prostration	Side_Effect::C0277794	MATCHED
SIDE_EFFECT:1374	Oral discomfort	Side_Effect::C0399459	MATCHED
SIDE_EFFECT:1375	Dependence	Side_Effect::C0439857	MATCHED
SIDE_EFFECT:1376	Tobacco withdrawal symptoms	Side_Effect::C1167842	MATCHED
SIDE_EFFECT:1377	Asphyxia	Side_Effect::C0004044	MATCHED
SIDE_EFFECT:1378	Vitamin B12 deficiency	Side_Effect::C0042847	MATCHED
SIDE_EFFECT:1379	Excitation cerebral	Side_Effect::C0541947	MATCHED
SIDE_EFFECT:138	Warmth	Side_Effect::C0392197	MATCHED
SIDE_EFFECT:1380	Central nervous system stimulation	Side_Effect::C0151560	MATCHED
SIDE_EFFECT:1381	Vascular resistance pulmonary increased	Side_Effect::C1867423	MATCHED
SIDE_EFFECT:1382	Injection site necrosis	Side_Effect::C0151795	MATCHED
SIDE_EFFECT:1383	Violent	Side_Effect::C0242151	MATCHED
SIDE_EFFECT:1384	Intermittent headache	Side_Effect::C1168188	MATCHED
SIDE_EFFECT:1385	Osteomalacia	Side_Effect::C0029442	MATCHED
SIDE_EFFECT:1386	Hypocalcemic tetany	Side_Effect::C0151940	MATCHED
SIDE_EFFECT:1387	Stomach ache	Side_Effect::C0221512	MATCHED
SIDE_EFFECT:1388	Foot edema	Side_Effect::C0574002	MATCHED
SIDE_EFFECT:1389	Hands weakness of	Side_Effect::C0575810	MATCHED
SIDE_EFFECT:139	Feeling hot	Side_Effect::C2939147	MATCHED
SIDE_EFFECT:1390	Acute yellow liver atrophy	Side_Effect::C0001364	MATCHED
SIDE_EFFECT:1391	Sideroblastic anaemia	Side_Effect::C0002896	MATCHED
SIDE_EFFECT:1392	Gouty arthritis	Side_Effect::C0003868	MATCHED
SIDE_EFFECT:1393	Hyperplasia erythroid	Side_Effect::C0014800	MATCHED
SIDE_EFFECT:1394	Marrow hyperplasia	Side_Effect::C0005959	MATCHED
SIDE_EFFECT:1395	Nephritis interstitial	Side_Effect::C0027707	MATCHED
SIDE_EFFECT:1396	Tubulointerstitial nephritis	Side_Effect::C0041349	MATCHED
SIDE_EFFECT:1397	Liver tenderness	Side_Effect::C0151767	MATCHED
SIDE_EFFECT:1398	Serum iron increased	Side_Effect::C0151900	MATCHED
SIDE_EFFECT:1399	Blood iron increased	Side_Effect::C0853784	MATCHED
SIDE_EFFECT:14	Cardiovascular disorder	Side_Effect::C0007222	MATCHED
SIDE_EFFECT:140	Dysaesthesia	Side_Effect::C0392699	MATCHED
SIDE_EFFECT:1400	Polyarthralgia	Side_Effect::C0162296	MATCHED
SIDE_EFFECT:1401	Gout acute	Side_Effect::C2062908	MATCHED
SIDE_EFFECT:1402	Haemolytic anaemia	Side_Effect::C0002878	MATCHED
SIDE_EFFECT:1403	High frequency deafness	Side_Effect::C0018780	MATCHED
SIDE_EFFECT:1404	Systemic lupus erythematosus	Side_Effect::C0024141	MATCHED
SIDE_EFFECT:1405	Night blindness	Side_Effect::C0028077	MATCHED
SIDE_EFFECT:1406	Uveitis	Side_Effect::C0042164	MATCHED
SIDE_EFFECT:1407	Syndrome sicca	Side_Effect::C0086981	MATCHED
SIDE_EFFECT:1408	Sjogren's syndrome	Side_Effect::C1527336	MATCHED
SIDE_EFFECT:1409	Cinchonism	Side_Effect::C0151555	MATCHED
SIDE_EFFECT:141	Wound secretion	Side_Effect::C0406834	MATCHED
SIDE_EFFECT:1410	Hepatitis granulomatous	Side_Effect::C0235369	MATCHED
SIDE_EFFECT:1411	Granulomatous liver disease	Side_Effect::C0860210	MATCHED
SIDE_EFFECT:1412	Dermatitis psoriasiform	Side_Effect::C0262985	MATCHED
SIDE_EFFECT:1413	Thrombocytopenic purpura	Side_Effect::C0857305	MATCHED
SIDE_EFFECT:1414	Cerebral ischaemia	Side_Effect::C0917798	MATCHED
SIDE_EFFECT:1415	Exfoliative rash	Side_Effect::C1608945	MATCHED
SIDE_EFFECT:1417	Blackwater fever	Side_Effect::C0005681	MATCHED
SIDE_EFFECT:1418	Plasmodium falciparum infection	Side_Effect::C0858318	MATCHED
SIDE_EFFECT:1419	Toxic epidermal necrolysis	Side_Effect::C0014518	MATCHED
SIDE_EFFECT:142	Rash maculo-papular	Side_Effect::C0423791	MATCHED
SIDE_EFFECT:1420	Partial hearing loss	Side_Effect::C0018772	MATCHED
SIDE_EFFECT:1421	Haemoglobinuria	Side_Effect::C0019048	MATCHED
SIDE_EFFECT:1422	Haemolytic uraemic syndrome	Side_Effect::C0019061	MATCHED
SIDE_EFFECT:1423	Lichen planus	Side_Effect::C0023646	MATCHED
SIDE_EFFECT:1424	Myasthenia gravis	Side_Effect::C0026896	MATCHED
SIDE_EFFECT:1425	Optic atrophy	Side_Effect::C0029124	MATCHED
SIDE_EFFECT:1426	Thrombotic thrombocytopenic purpura	Side_Effect::C0034155	MATCHED
SIDE_EFFECT:1427	Uremia	Side_Effect::C0041948	MATCHED
SIDE_EFFECT:1428	Idiopathic thrombocytopenic purpura	Side_Effect::C0043117	MATCHED
SIDE_EFFECT:1429	Acute interstitial nephritis	Side_Effect::C0149937	MATCHED
SIDE_EFFECT:143	Application site irritation	Side_Effect::C0521490	MATCHED
SIDE_EFFECT:1430	Sudden visual loss	Side_Effect::C0155002	MATCHED
SIDE_EFFECT:1431	Fixed drug eruption	Side_Effect::C0221242	MATCHED
SIDE_EFFECT:1432	Drug eruption	Side_Effect::C0011609	MATCHED
SIDE_EFFECT:1433	Electrocardiogram U wave present	Side_Effect::C0232333	MATCHED
SIDE_EFFECT:1434	Electrocardiogram U-wave abnormality	Side_Effect::C1096355	MATCHED
SIDE_EFFECT:1435	Excitement	Side_Effect::C0233571	MATCHED
SIDE_EFFECT:1436	Visual field constriction	Side_Effect::C0235095	MATCHED
SIDE_EFFECT:1437	Cutaneous vasculitis	Side_Effect::C0262988	MATCHED
SIDE_EFFECT:1438	Mental state abnormal	Side_Effect::C0278061	MATCHED
SIDE_EFFECT:1439	Uraemic syndrome	Side_Effect::C0302810	MATCHED
SIDE_EFFECT:144	Stinging	Side_Effect::C0677500	MATCHED
SIDE_EFFECT:1440	Lupus erythematosus	Side_Effect::C0409974	MATCHED
SIDE_EFFECT:1441	Dystonic reaction	Side_Effect::C0541919	MATCHED
SIDE_EFFECT:1442	Dystonia	Side_Effect::C0393593	MATCHED
SIDE_EFFECT:1443	Angina symptom	Side_Effect::C0858277	MATCHED
SIDE_EFFECT:1444	Lupus-like syndrome	Side_Effect::C0919715	MATCHED
SIDE_EFFECT:1445	Blindness, both eyes	Side_Effect::C1879328	MATCHED
SIDE_EFFECT:1446	Hypoprothrombinaemia	Side_Effect::C3203356	MATCHED
SIDE_EFFECT:1447	Factor II deficiency	Side_Effect::C0020640	MATCHED
SIDE_EFFECT:1448	Spinal cord injury	Side_Effect::C0037929	MATCHED
SIDE_EFFECT:1449	Streptococcal infection	Side_Effect::C0038395	MATCHED
SIDE_EFFECT:145	Skin carcinoma	Side_Effect::C0699893	MATCHED
SIDE_EFFECT:1450	Carcinoma testes	Side_Effect::C0677483	MATCHED
SIDE_EFFECT:1451	Testis cancer	Side_Effect::C0153594	MATCHED
SIDE_EFFECT:1452	Tetrahydrobiopterin deficiency	Side_Effect::C0751436	MATCHED
SIDE_EFFECT:1453	Post procedural haemorrhage	Side_Effect::C0919874	MATCHED
SIDE_EFFECT:1454	Oesophageal pain	Side_Effect::C0221727	MATCHED
SIDE_EFFECT:1455	Collapse	Side_Effect::C0344329	MATCHED
SIDE_EFFECT:1456	Fibromyalgia	Side_Effect::C0016053	MATCHED
SIDE_EFFECT:1457	Hepatitis B	Side_Effect::C0019163	MATCHED
SIDE_EFFECT:1458	Multi-organ failure	Side_Effect::C0026766	MATCHED
SIDE_EFFECT:1459	Myofascial pain syndrome	Side_Effect::C0027073	MATCHED
SIDE_EFFECT:146	Skin cancer	Side_Effect::C0007114	MATCHED
SIDE_EFFECT:1460	Right upper quadrant pain	Side_Effect::C0235299	MATCHED
SIDE_EFFECT:1461	Non-cardiac chest pain	Side_Effect::C0476281	MATCHED
SIDE_EFFECT:1462	Hepatic pain	Side_Effect::C0522067	MATCHED
SIDE_EFFECT:1463	Tourette's disorder	Side_Effect::C0040517	MATCHED
SIDE_EFFECT:1464	Psychotic episode	Side_Effect::C0338614	MATCHED
SIDE_EFFECT:1465	Aortic valve stenosis	Side_Effect::C0003507	MATCHED
SIDE_EFFECT:1466	Breast feeding	Side_Effect::C0006147	MATCHED
SIDE_EFFECT:1467	Bundle branch block	Side_Effect::C0006384	MATCHED
SIDE_EFFECT:1468	Carcinoma	Side_Effect::C0007097	MATCHED
SIDE_EFFECT:1469	Colitis ulcerative	Side_Effect::C0009324	MATCHED
SIDE_EFFECT:147	Acne	Side_Effect::C0702166	MATCHED
SIDE_EFFECT:1470	Proctocolitis	Side_Effect::C0033247	MATCHED
SIDE_EFFECT:1471	Epidermolysis bullosa	Side_Effect::C0014527	MATCHED
SIDE_EFFECT:1472	Oesophageal achalasia	Side_Effect::C0014848	MATCHED
SIDE_EFFECT:1473	Haematemesis	Side_Effect::C0018926	MATCHED
SIDE_EFFECT:1474	Haematochezia	Side_Effect::C0018932	MATCHED
SIDE_EFFECT:1475	Subdural haematoma	Side_Effect::C0018946	MATCHED
SIDE_EFFECT:1476	Hepatosplenomegaly	Side_Effect::C0019214	MATCHED
SIDE_EFFECT:1477	Infertility female	Side_Effect::C0021361	MATCHED
SIDE_EFFECT:1478	Inflammatory bowel disease	Side_Effect::C0021390	MATCHED
SIDE_EFFECT:1479	Keratoconjunctivitis	Side_Effect::C0022573	MATCHED
SIDE_EFFECT:148	Infestation NOS	Side_Effect::C0851341	MATCHED
SIDE_EFFECT:1480	Renal papillary necrosis	Side_Effect::C0022667	MATCHED
SIDE_EFFECT:1481	Lacrimal disorder	Side_Effect::C0022904	MATCHED
SIDE_EFFECT:1482	Lacrimal structural disorder	Side_Effect::C3495920	MATCHED
SIDE_EFFECT:1483	Meningitis aseptic	Side_Effect::C0025290	MATCHED
SIDE_EFFECT:1484	Nasal polyps	Side_Effect::C0027430	MATCHED
SIDE_EFFECT:1485	Nephritis	Side_Effect::C0027697	MATCHED
SIDE_EFFECT:1486	Nephrosclerosis	Side_Effect::C0027719	MATCHED
SIDE_EFFECT:1487	Papilloedema	Side_Effect::C0030353	MATCHED
SIDE_EFFECT:1488	Abscess periodontal	Side_Effect::C0031085	MATCHED
SIDE_EFFECT:1489	Pulmonary eosinophilia	Side_Effect::C0034068	MATCHED
SIDE_EFFECT:149	Infestation	Side_Effect::C1384353	MATCHED
SIDE_EFFECT:1490	Pyuria	Side_Effect::C0034359	MATCHED
SIDE_EFFECT:1491	Rectal disorder	Side_Effect::C0034882	MATCHED
SIDE_EFFECT:1492	Anorectal disorder	Side_Effect::C0687707	MATCHED
SIDE_EFFECT:1493	Scleritis	Side_Effect::C0036416	MATCHED
SIDE_EFFECT:1494	Neuritis retrobulbar	Side_Effect::C0085582	MATCHED
SIDE_EFFECT:1495	Alcohol abuse	Side_Effect::C0085762	MATCHED
SIDE_EFFECT:1496	Cataract	Side_Effect::C0086543	MATCHED
SIDE_EFFECT:1497	Chronic sinusitis	Side_Effect::C0149516	MATCHED
SIDE_EFFECT:1498	Necrolysis epidermal	Side_Effect::C0151626	MATCHED
SIDE_EFFECT:1499	Subcutaneous nodule	Side_Effect::C0151811	MATCHED
SIDE_EFFECT:15	Chest pain	Side_Effect::C0008031	MATCHED
SIDE_EFFECT:150	Blood amylase increased	Side_Effect::C0852913	MATCHED
SIDE_EFFECT:1500	Skin mass	Side_Effect::C0281981	MATCHED
SIDE_EFFECT:1501	Uterine spasm	Side_Effect::C0151998	MATCHED
SIDE_EFFECT:1502	WBC abnormal NOS	Side_Effect::C0152009	MATCHED
SIDE_EFFECT:1503	White blood cell disorder	Side_Effect::C0023510	MATCHED
SIDE_EFFECT:1504	Vascular anomaly	Side_Effect::C0158570	MATCHED
SIDE_EFFECT:1505	Metabolic acidosis	Side_Effect::C0220981	MATCHED
SIDE_EFFECT:1506	Urine abnormality	Side_Effect::C0235639	MATCHED
SIDE_EFFECT:1507	Urine analysis abnormal	Side_Effect::C0438142	MATCHED
SIDE_EFFECT:1508	Urticaria chronic	Side_Effect::C0263338	MATCHED
SIDE_EFFECT:1509	Nephritic syndrome	Side_Effect::C0268732	MATCHED
SIDE_EFFECT:151	Amylase increased	Side_Effect::C0151479	MATCHED
SIDE_EFFECT:1510	Red blood cell abnormality	Side_Effect::C0391870	MATCHED
SIDE_EFFECT:1511	Pseudoporphyria	Side_Effect::C0521616	MATCHED
SIDE_EFFECT:1512	Skin fragility	Side_Effect::C0549419	MATCHED
SIDE_EFFECT:1513	Carcinoma breast	Side_Effect::C0678222	MATCHED
SIDE_EFFECT:1514	Angiodermatitis	Side_Effect::C1695895	MATCHED
SIDE_EFFECT:1515	Amyloidosis	Side_Effect::C0002726	MATCHED
SIDE_EFFECT:1516	Autoimmune haemolytic anaemia	Side_Effect::C0002880	MATCHED
SIDE_EFFECT:1517	Cachexia	Side_Effect::C0006625	MATCHED
SIDE_EFFECT:1518	Localised oedema	Side_Effect::C0013609	MATCHED
SIDE_EFFECT:1519	Graft versus host disease	Side_Effect::C0018133	MATCHED
SIDE_EFFECT:152	Accidental ingestion	Side_Effect::C0857807	MATCHED
SIDE_EFFECT:1520	Cardiac murmur	Side_Effect::C0018808	MATCHED
SIDE_EFFECT:1521	Herpes NOS	Side_Effect::C0019340	MATCHED
SIDE_EFFECT:1522	Infarction	Side_Effect::C0021308	MATCHED
SIDE_EFFECT:1523	Lymphopenia	Side_Effect::C0024312	MATCHED
SIDE_EFFECT:1524	Myelodysplastic syndrome	Side_Effect::C0026986	MATCHED
SIDE_EFFECT:1525	Opportunistic infection	Side_Effect::C0029118	MATCHED
SIDE_EFFECT:1526	Pulmonary fibrosis	Side_Effect::C0034069	MATCHED
SIDE_EFFECT:1527	Septic shock	Side_Effect::C0036983	MATCHED
SIDE_EFFECT:1528	Skin infection	Side_Effect::C0037278	MATCHED
SIDE_EFFECT:1529	Polyneuropathy	Side_Effect::C0152025	MATCHED
SIDE_EFFECT:153	Accidental exposure to product	Side_Effect::C3544060	MATCHED
SIDE_EFFECT:1530	Abnormal chest sounds NOS	Side_Effect::C0159056	MATCHED
SIDE_EFFECT:1531	Breath sounds abnormal	Side_Effect::C0231856	MATCHED
SIDE_EFFECT:1532	Viral skin infection	Side_Effect::C0162628	MATCHED
SIDE_EFFECT:1533	Dyspnoea exertional	Side_Effect::C0231807	MATCHED
SIDE_EFFECT:1534	Peripheral motor neuropathy	Side_Effect::C0235025	MATCHED
SIDE_EFFECT:1535	Lung infiltration	Side_Effect::C0235896	MATCHED
SIDE_EFFECT:1536	Quadriparesis	Side_Effect::C0270790	MATCHED
SIDE_EFFECT:1537	Hypereosinophilia	Side_Effect::C0745091	MATCHED
SIDE_EFFECT:1538	Administration site reaction	Side_Effect::C0851536	MATCHED
SIDE_EFFECT:1539	Culture negative	Side_Effect::C0855652	MATCHED
SIDE_EFFECT:154	Hyperkeratosis	Side_Effect::C0870082	MATCHED
SIDE_EFFECT:1540	Catheter site cellulitis	Side_Effect::C0948978	MATCHED
SIDE_EFFECT:1541	Infusion site reaction	Side_Effect::C1096343	MATCHED
SIDE_EFFECT:1542	Death	Side_Effect::C1306577	MATCHED
SIDE_EFFECT:1543	Azoospermia	Side_Effect::C0004509	MATCHED
SIDE_EFFECT:1544	Skin candida	Side_Effect::C0006846	MATCHED
SIDE_EFFECT:1545	Congestive cardiomyopathy	Side_Effect::C0007193	MATCHED
SIDE_EFFECT:1546	Cholangitis sclerosing	Side_Effect::C0008313	MATCHED
SIDE_EFFECT:1547	Cryptococcosis	Side_Effect::C0010414	MATCHED
SIDE_EFFECT:1548	Effusion	Side_Effect::C0013687	MATCHED
SIDE_EFFECT:1549	Heart malformation	Side_Effect::C0018798	MATCHED
SIDE_EFFECT:155	Photodermatosis	Side_Effect::C0920193	MATCHED
SIDE_EFFECT:1550	Heart disease congenital	Side_Effect::C0152021	MATCHED
SIDE_EFFECT:1551	Hydronephrosis	Side_Effect::C0020295	MATCHED
SIDE_EFFECT:1552	Hypoproteinaemia	Side_Effect::C0020639	MATCHED
SIDE_EFFECT:1553	Ketosis	Side_Effect::C0022638	MATCHED
SIDE_EFFECT:1554	Acute lymphocytic leukaemia	Side_Effect::C0023449	MATCHED
SIDE_EFFECT:1555	Acute myeloid leukaemia	Side_Effect::C0023467	MATCHED
SIDE_EFFECT:1556	Acute leukaemia	Side_Effect::C0085669	MATCHED
SIDE_EFFECT:1557	Myeloid leukaemia	Side_Effect::C0023470	MATCHED
SIDE_EFFECT:1558	Leukoplakia oral	Side_Effect::C0023532	MATCHED
SIDE_EFFECT:1559	Lymphangitis	Side_Effect::C0024225	MATCHED
SIDE_EFFECT:156	Brain oedema	Side_Effect::C1527311	MATCHED
SIDE_EFFECT:1560	Lymphoedema	Side_Effect::C0024236	MATCHED
SIDE_EFFECT:1561	Mastitis	Side_Effect::C0024894	MATCHED
SIDE_EFFECT:1562	Oral neoplasm	Side_Effect::C0026640	MATCHED
SIDE_EFFECT:1563	Myelodysplasia	Side_Effect::C0026985	MATCHED
SIDE_EFFECT:1564	Myocarditis	Side_Effect::C0027059	MATCHED
SIDE_EFFECT:1565	Oligospermia	Side_Effect::C0028960	MATCHED
SIDE_EFFECT:1566	Other conjunctivitis	Side_Effect::C0029560	MATCHED
SIDE_EFFECT:1567	Penicillin allergy	Side_Effect::C0030824	MATCHED
SIDE_EFFECT:1568	Pericardial effusion	Side_Effect::C0031039	MATCHED
SIDE_EFFECT:1569	Proctitis	Side_Effect::C0033246	MATCHED
SIDE_EFFECT:157	Photodamaged skin	Side_Effect::C1698818	MATCHED
SIDE_EFFECT:1570	Radiation injury	Side_Effect::C0034530	MATCHED
SIDE_EFFECT:1571	Retinitis	Side_Effect::C0035333	MATCHED
SIDE_EFFECT:1572	Cardiogenic shock	Side_Effect::C0036980	MATCHED
SIDE_EFFECT:1573	Skin nodule	Side_Effect::C0037287	MATCHED
SIDE_EFFECT:1574	Toxoplasmosis	Side_Effect::C0040558	MATCHED
SIDE_EFFECT:1575	Urethral obstruction	Side_Effect::C0041972	MATCHED
SIDE_EFFECT:1576	Onycholysis	Side_Effect::C0085661	MATCHED
SIDE_EFFECT:1577	Hypochloraemia	Side_Effect::C0085680	MATCHED
SIDE_EFFECT:1578	Hypophosphataemia	Side_Effect::C0085682	MATCHED
SIDE_EFFECT:1579	Cystitis haemorrhagic	Side_Effect::C0085692	MATCHED
SIDE_EFFECT:158	Alopecia	Side_Effect::C0002170	MATCHED
SIDE_EFFECT:1580	Diarrhoea haemorrhagic	Side_Effect::C0151594	MATCHED
SIDE_EFFECT:1581	Hypermagnesaemia	Side_Effect::C0151714	MATCHED
SIDE_EFFECT:1582	Hypomagnesaemia	Side_Effect::C0151723	MATCHED
SIDE_EFFECT:1583	Lactic dehydrogenase activity increased	Side_Effect::C0151754	MATCHED
SIDE_EFFECT:1584	Blood lactate dehydrogenase increased	Side_Effect::C0853149	MATCHED
SIDE_EFFECT:1585	Prothrombin level increased	Side_Effect::C0151872	MATCHED
SIDE_EFFECT:1586	Hyporeflexia	Side_Effect::C0151888	MATCHED
SIDE_EFFECT:1587	Thromboplastin decreased	Side_Effect::C0151951	MATCHED
SIDE_EFFECT:1588	Blood thromboplastin decreased	Side_Effect::C0852990	MATCHED
SIDE_EFFECT:1589	Pseudolymphoma	Side_Effect::C0221269	MATCHED
SIDE_EFFECT:159	Extravasation	Side_Effect::C0015376	MATCHED
SIDE_EFFECT:1590	Injection site infection	Side_Effect::C0221714	MATCHED
SIDE_EFFECT:1591	Gallop rhythm	Side_Effect::C0232200	MATCHED
SIDE_EFFECT:1592	Heart sounds abnormal	Side_Effect::C0577822	MATCHED
SIDE_EFFECT:1593	Bullous eruption	Side_Effect::C0235818	MATCHED
SIDE_EFFECT:1594	Acral erythema	Side_Effect::C0239343	MATCHED
SIDE_EFFECT:1595	Palmar-plantar erythrodysaesthesia syndrome	Side_Effect::C0549410	MATCHED
SIDE_EFFECT:1596	Scrotal erythema	Side_Effect::C0240972	MATCHED
SIDE_EFFECT:1597	Ventricular dysfunction	Side_Effect::C0242973	MATCHED
SIDE_EFFECT:1598	Phlebosclerosis	Side_Effect::C0333494	MATCHED
SIDE_EFFECT:1599	Tumour necrosis	Side_Effect::C0333516	MATCHED
SIDE_EFFECT:16	Infection	Side_Effect::C0009450	MATCHED
SIDE_EFFECT:160	Fatigue	Side_Effect::C0015672	MATCHED
SIDE_EFFECT:1600	Gastric erosions	Side_Effect::C0341177	MATCHED
SIDE_EFFECT:1601	Gastritis erosive	Side_Effect::C2243088	MATCHED
SIDE_EFFECT:1602	Hypolipidaemia	Side_Effect::C0342892	MATCHED
SIDE_EFFECT:1603	Skin scaly	Side_Effect::C0423773	MATCHED
SIDE_EFFECT:1604	QRS voltage decreased	Side_Effect::C0428968	MATCHED
SIDE_EFFECT:1605	Electrocardiogram QRS complex abnormal	Side_Effect::C0438173	MATCHED
SIDE_EFFECT:1606	Bilirubin total increased	Side_Effect::C0741494	MATCHED
SIDE_EFFECT:1607	Ejection fraction decreased	Side_Effect::C0743400	MATCHED
SIDE_EFFECT:1608	Hand and foot syndrome secondary to sickle cell anaemia	Side_Effect::C0852711	MATCHED
SIDE_EFFECT:1609	Bladder constriction	Side_Effect::C0854448	MATCHED
SIDE_EFFECT:161	Lethargy	Side_Effect::C0023380	MATCHED
SIDE_EFFECT:1610	Bladder stenosis	Side_Effect::C0151919	MATCHED
SIDE_EFFECT:1611	Leukemia secondary	Side_Effect::C0856053	MATCHED
SIDE_EFFECT:1612	Alopecia reversible	Side_Effect::C0858678	MATCHED
SIDE_EFFECT:1613	Serum bilirubin increased	Side_Effect::C0859062	MATCHED
SIDE_EFFECT:1614	Neutropenic sepsis	Side_Effect::C0877153	MATCHED
SIDE_EFFECT:1615	Gastrointestinal toxicity	Side_Effect::C1142499	MATCHED
SIDE_EFFECT:1616	Abnormal pigmentation	Side_Effect::C1260926	MATCHED
SIDE_EFFECT:1617	Rash papular	Side_Effect::C1519353	MATCHED
SIDE_EFFECT:1618	Pneumocystis jirovecii pneumonia	Side_Effect::C1535939	MATCHED
SIDE_EFFECT:1619	Radiation recall reaction (dermatologic)	Side_Effect::C1720798	MATCHED
SIDE_EFFECT:162	Leukopenia	Side_Effect::C0023530	MATCHED
SIDE_EFFECT:1620	Recall phenomenon	Side_Effect::C1262013	MATCHED
SIDE_EFFECT:1621	Venous thromboembolism	Side_Effect::C1861172	MATCHED
SIDE_EFFECT:1622	Ageusia	Side_Effect::C2364111	MATCHED
SIDE_EFFECT:1623	Proctitis ulcerative	Side_Effect::C2937222	MATCHED
SIDE_EFFECT:1624	Metastatic neoplasm	Side_Effect::C2939419	MATCHED
SIDE_EFFECT:1625	Metastatic disease	Side_Effect::C2939420	MATCHED
SIDE_EFFECT:1626	Immunodeficiency	Side_Effect::C0021051	MATCHED
SIDE_EFFECT:1627	Metastases to liver	Side_Effect::C0494165	MATCHED
SIDE_EFFECT:1628	Hepatic cancer metastatic	Side_Effect::C0856554	MATCHED
SIDE_EFFECT:1629	Premature menopause	Side_Effect::C0025322	MATCHED
SIDE_EFFECT:163	Stomatitis	Side_Effect::C0038362	MATCHED
SIDE_EFFECT:1630	Gravitational oedema	Side_Effect::C0235437	MATCHED
SIDE_EFFECT:1631	Secondary infection	Side_Effect::C0442886	MATCHED
SIDE_EFFECT:1632	Embolism arterial	Side_Effect::C0549124	MATCHED
SIDE_EFFECT:1633	Left ventricular ejection fraction decreased	Side_Effect::C1096403	MATCHED
SIDE_EFFECT:1634	Acute cardiac toxicity	Side_Effect::C1739418	MATCHED
SIDE_EFFECT:1635	Balance disorder	Side_Effect::C0575090	MATCHED
SIDE_EFFECT:1636	Multiple sclerosis relapse	Side_Effect::C0856120	MATCHED
SIDE_EFFECT:1637	Atelectasis	Side_Effect::C0004144	MATCHED
SIDE_EFFECT:1638	Atrial flutter	Side_Effect::C0004239	MATCHED
SIDE_EFFECT:1639	Cerebral infarction	Side_Effect::C0007785	MATCHED
SIDE_EFFECT:164	Wheezing	Side_Effect::C0043144	MATCHED
SIDE_EFFECT:1640	Diabetes insipidus	Side_Effect::C0011848	MATCHED
SIDE_EFFECT:1641	Dupuytren's contracture	Side_Effect::C0013312	MATCHED
SIDE_EFFECT:1642	Encephalitis	Side_Effect::C0014038	MATCHED
SIDE_EFFECT:1643	Gingival hyperplasia	Side_Effect::C0017566	MATCHED
SIDE_EFFECT:1644	Hepatitis toxic	Side_Effect::C0019193	MATCHED
SIDE_EFFECT:1645	Hodgkin's disease	Side_Effect::C0019829	MATCHED
SIDE_EFFECT:1646	Hodgkin's disease lymphocyte predominance type stage unspecified	Side_Effect::C1266194	MATCHED
SIDE_EFFECT:1647	Hodgkin's disease lymphocyte depletion type stage unspecified	Side_Effect::C0152267	MATCHED
SIDE_EFFECT:1648	Hyperplasia	Side_Effect::C0020507	MATCHED
SIDE_EFFECT:1649	Hypertrichosis	Side_Effect::C0020555	MATCHED
SIDE_EFFECT:165	Malaise	Side_Effect::C0231218	MATCHED
SIDE_EFFECT:1650	Lymphoma	Side_Effect::C0024299	MATCHED
SIDE_EFFECT:1651	Non-Hodgkin's lymphoma	Side_Effect::C0024305	MATCHED
SIDE_EFFECT:1652	Measles	Side_Effect::C0025007	MATCHED
SIDE_EFFECT:1653	Neurosis	Side_Effect::C0027932	MATCHED
SIDE_EFFECT:1654	Polyarteritis nodosa	Side_Effect::C0031036	MATCHED
SIDE_EFFECT:1655	Extensor plantar response	Side_Effect::C0034935	MATCHED
SIDE_EFFECT:1656	Speech disorder	Side_Effect::C0037822	MATCHED
SIDE_EFFECT:1657	Stuttering	Side_Effect::C0038506	MATCHED
SIDE_EFFECT:1658	Dysphemia	Side_Effect::C1096340	MATCHED
SIDE_EFFECT:1659	Sinus bradycardia	Side_Effect::C0085610	MATCHED
SIDE_EFFECT:166	Feeling abnormal	Side_Effect::C1443060	MATCHED
SIDE_EFFECT:1660	Circumoral paresthesia	Side_Effect::C0151838	MATCHED
SIDE_EFFECT:1661	Purpuric rash	Side_Effect::C0151882	MATCHED
SIDE_EFFECT:1662	Acute hepatic failure	Side_Effect::C0162557	MATCHED
SIDE_EFFECT:1663	Shallow breathing	Side_Effect::C0221161	MATCHED
SIDE_EFFECT:1664	Hypopnoea	Side_Effect::C0235546	MATCHED
SIDE_EFFECT:1665	Asterixis	Side_Effect::C0232766	MATCHED
SIDE_EFFECT:1666	Trembling	Side_Effect::C0234369	MATCHED
SIDE_EFFECT:1667	Rash morbilliform	Side_Effect::C0234918	MATCHED
SIDE_EFFECT:1668	Sputum increased	Side_Effect::C0235567	MATCHED
SIDE_EFFECT:1669	Increased bronchial secretion	Side_Effect::C1262144	MATCHED
SIDE_EFFECT:167	Ill-defined disorder	Side_Effect::C2047937	MATCHED
SIDE_EFFECT:1670	Tonic convulsion	Side_Effect::C0270844	MATCHED
SIDE_EFFECT:1671	Hypersensitive syndrome	Side_Effect::C0543698	MATCHED
SIDE_EFFECT:1672	Drug reaction with eosinophilia and systemic symptoms	Side_Effect::C1142139	MATCHED
SIDE_EFFECT:1673	Taste altered	Side_Effect::C0740425	MATCHED
SIDE_EFFECT:1674	Purple glove syndrome	Side_Effect::C1141936	MATCHED
SIDE_EFFECT:1675	Crystalluria	Side_Effect::C0151579	MATCHED
SIDE_EFFECT:1676	Hepatic necrosis	Side_Effect::C0151798	MATCHED
SIDE_EFFECT:1677	Myopia transient	Side_Effect::C0858775	MATCHED
SIDE_EFFECT:1678	Myopia	Side_Effect::C0027092	MATCHED
SIDE_EFFECT:1679	Hepatic insufficiency	Side_Effect::C1306571	MATCHED
SIDE_EFFECT:168	Anaphylactoid reaction	Side_Effect::C0340865	MATCHED
SIDE_EFFECT:1680	Renal tubular acidosis	Side_Effect::C0001126	MATCHED
SIDE_EFFECT:1681	Road traffic accident	Side_Effect::C0221706	MATCHED
SIDE_EFFECT:1682	Refractory anaemia with an excess of blasts	Side_Effect::C0002894	MATCHED
SIDE_EFFECT:1683	Blastomycosis	Side_Effect::C0005716	MATCHED
SIDE_EFFECT:1684	Conjunctival haemorrhage	Side_Effect::C0009760	MATCHED
SIDE_EFFECT:1685	Eye haemorrhage	Side_Effect::C0015402	MATCHED
SIDE_EFFECT:1686	Coma hepatic	Side_Effect::C0019147	MATCHED
SIDE_EFFECT:1687	Mouth haemorrhage	Side_Effect::C0029163	MATCHED
SIDE_EFFECT:1688	Postnasal drip	Side_Effect::C0032781	MATCHED
SIDE_EFFECT:1689	Upper-airway cough syndrome	Side_Effect::C2938875	MATCHED
SIDE_EFFECT:169	Serum creatinine increased	Side_Effect::C0700225	MATCHED
SIDE_EFFECT:1690	Acute febrile neutrophilic dermatosis	Side_Effect::C0085077	MATCHED
SIDE_EFFECT:1691	Pyoderma gangrenosum	Side_Effect::C0085652	MATCHED
SIDE_EFFECT:1692	Staphylococcal bacteraemia	Side_Effect::C0152965	MATCHED
SIDE_EFFECT:1693	Oral mucosal petechiae	Side_Effect::C0235496	MATCHED
SIDE_EFFECT:1694	Loin pain	Side_Effect::C0235632	MATCHED
SIDE_EFFECT:1695	Respiratory sounds decreased	Side_Effect::C0238844	MATCHED
SIDE_EFFECT:1696	Skin induration	Side_Effect::C0241075	MATCHED
SIDE_EFFECT:1697	Systemic inflammatory response syndrome	Side_Effect::C0242966	MATCHED
SIDE_EFFECT:1698	Haemorrhoidal haemorrhage	Side_Effect::C0265031	MATCHED
SIDE_EFFECT:1699	Perirectal abscess	Side_Effect::C0267566	MATCHED
SIDE_EFFECT:17	Constipation	Side_Effect::C0009806	MATCHED
SIDE_EFFECT:170	Blood creatinine increased	Side_Effect::C0235431	MATCHED
SIDE_EFFECT:1700	Transfusion reaction	Side_Effect::C0274435	MATCHED
SIDE_EFFECT:1701	Refractory anemia with excess blasts in transformation	Side_Effect::C0280028	MATCHED
SIDE_EFFECT:1702	Myelodysplastic syndrome transformation	Side_Effect::C1963864	MATCHED
SIDE_EFFECT:1703	Pitting edema	Side_Effect::C0333243	MATCHED
SIDE_EFFECT:1704	Pneumonia klebsiella	Side_Effect::C0519030	MATCHED
SIDE_EFFECT:1705	Injection site pigmentation changes	Side_Effect::C0521499	MATCHED
SIDE_EFFECT:1706	Injection site discolouration	Side_Effect::C0948991	MATCHED
SIDE_EFFECT:1707	Injection site induration	Side_Effect::C0521509	MATCHED
SIDE_EFFECT:1708	Bone pain aggravated	Side_Effect::C0549335	MATCHED
SIDE_EFFECT:1709	Anaemia NOS aggravated	Side_Effect::C0549445	MATCHED
SIDE_EFFECT:171	Febrile neutropenia	Side_Effect::C0746883	MATCHED
SIDE_EFFECT:1710	Abscess limb	Side_Effect::C0578455	MATCHED
SIDE_EFFECT:1711	Klebsiella sepsis	Side_Effect::C0745528	MATCHED
SIDE_EFFECT:1712	Dyspnoea exacerbated	Side_Effect::C0853326	MATCHED
SIDE_EFFECT:1713	Fatigue aggravated	Side_Effect::C0856136	MATCHED
SIDE_EFFECT:1714	General physical health deterioration	Side_Effect::C0877211	MATCHED
SIDE_EFFECT:1715	Catheter site haemorrhage	Side_Effect::C0920166	MATCHED
SIDE_EFFECT:1716	Catheter site erythema	Side_Effect::C0948815	MATCHED
SIDE_EFFECT:1717	Leukaemia cutis	Side_Effect::C0948976	MATCHED
SIDE_EFFECT:1718	Neuropathic arthropathy	Side_Effect::C0003892	MATCHED
SIDE_EFFECT:1719	Exophthalmos	Side_Effect::C0015300	MATCHED
SIDE_EFFECT:172	Sensitisation	Side_Effect::C1325847	MATCHED
SIDE_EFFECT:1720	Myocardial rupture	Side_Effect::C0018813	MATCHED
SIDE_EFFECT:1721	Lipomatosis	Side_Effect::C0023801	MATCHED
SIDE_EFFECT:1722	Malaise and fatigue	Side_Effect::C0024528	MATCHED
SIDE_EFFECT:1723	Osteonecrosis	Side_Effect::C0029445	MATCHED
SIDE_EFFECT:1724	Peptic ulcer haemorrhage	Side_Effect::C0030922	MATCHED
SIDE_EFFECT:1725	Schizophrenia	Side_Effect::C0036341	MATCHED
SIDE_EFFECT:1726	Alkalosis hypokalaemic	Side_Effect::C0085570	MATCHED
SIDE_EFFECT:1727	Aseptic necrosis	Side_Effect::C0085660	MATCHED
SIDE_EFFECT:1728	Skin atrophy	Side_Effect::C0151514	MATCHED
SIDE_EFFECT:1729	Tendon rupture	Side_Effect::C0151937	MATCHED
SIDE_EFFECT:173	Acute kidney injury	Side_Effect::C2609414	MATCHED
SIDE_EFFECT:1730	Skin striae	Side_Effect::C0152459	MATCHED
SIDE_EFFECT:1731	Bladder dysfunction	Side_Effect::C0232841	MATCHED
SIDE_EFFECT:1732	Abnormal behaviour	Side_Effect::C0233514	MATCHED
SIDE_EFFECT:1733	Cataract subcapsular	Side_Effect::C0235259	MATCHED
SIDE_EFFECT:1734	Gastric haemorrhage	Side_Effect::C0235325	MATCHED
SIDE_EFFECT:1735	Increased insulin requirement	Side_Effect::C0235409	MATCHED
SIDE_EFFECT:1736	Steroid withdrawal syndrome	Side_Effect::C0235453	MATCHED
SIDE_EFFECT:1737	Muscle mass	Side_Effect::C0240417	MATCHED
SIDE_EFFECT:1738	Dyslipidaemia	Side_Effect::C0242339	MATCHED
SIDE_EFFECT:1739	Spinal compression fracture	Side_Effect::C0262431	MATCHED
SIDE_EFFECT:174	Renal failure acute	Side_Effect::C0022660	MATCHED
SIDE_EFFECT:1740	Steroid myopathy	Side_Effect::C0270994	MATCHED
SIDE_EFFECT:1741	Dependence psychological	Side_Effect::C0278079	MATCHED
SIDE_EFFECT:1742	Atrophy	Side_Effect::C0333641	MATCHED
SIDE_EFFECT:1743	Affective disorder	Side_Effect::C0525045	MATCHED
SIDE_EFFECT:1744	Functional gastrointestinal disorder	Side_Effect::C0559031	MATCHED
SIDE_EFFECT:1745	Central serous retinopathy	Side_Effect::C0730328	MATCHED
SIDE_EFFECT:1746	Chorioretinopathy	Side_Effect::C0339383	MATCHED
SIDE_EFFECT:1747	Blood potassium decreased	Side_Effect::C0853761	MATCHED
SIDE_EFFECT:1748	Nitrogen balance negative	Side_Effect::C0854100	MATCHED
SIDE_EFFECT:1749	Urine calcium increased	Side_Effect::C0919643	MATCHED
SIDE_EFFECT:175	Syncope	Side_Effect::C0039070	MATCHED
SIDE_EFFECT:1750	Epidural lipomatosis	Side_Effect::C1960509	MATCHED
SIDE_EFFECT:1751	Other sleep disturbances	Side_Effect::C0236993	MATCHED
SIDE_EFFECT:1752	Hyperlactacidaemia	Side_Effect::C0795692	MATCHED
SIDE_EFFECT:1753	AIDS dementia complex	Side_Effect::C0001849	MATCHED
SIDE_EFFECT:1754	Autoimmune disorder	Side_Effect::C0004364	MATCHED
SIDE_EFFECT:1755	Depressive disorder	Side_Effect::C0011581	MATCHED
SIDE_EFFECT:1756	Dysthymic disorder	Side_Effect::C0013415	MATCHED
SIDE_EFFECT:1757	Insulin resistance	Side_Effect::C0021655	MATCHED
SIDE_EFFECT:1758	Lipodystrophy	Side_Effect::C0023787	MATCHED
SIDE_EFFECT:1759	Lipodystrophy acquired	Side_Effect::C0877192	MATCHED
SIDE_EFFECT:176	Loss of consciousness	Side_Effect::C0041657	MATCHED
SIDE_EFFECT:1760	Aplasia pure red cell	Side_Effect::C0034902	MATCHED
SIDE_EFFECT:1761	Hyperamylasaemia	Side_Effect::C0221773	MATCHED
SIDE_EFFECT:1762	Buffalo hump	Side_Effect::C0520573	MATCHED
SIDE_EFFECT:1763	Lipohypertrophy	Side_Effect::C1262113	MATCHED
SIDE_EFFECT:1764	Fat redistribution	Side_Effect::C0856151	MATCHED
SIDE_EFFECT:1765	Hepatic steatosis	Side_Effect::C2711227	MATCHED
SIDE_EFFECT:1766	Respiratory alkalosis	Side_Effect::C0002064	MATCHED
SIDE_EFFECT:1767	Alveolitis allergic	Side_Effect::C0002390	MATCHED
SIDE_EFFECT:1768	Cardiac valve disease	Side_Effect::C0018824	MATCHED
SIDE_EFFECT:1769	Venoocclusive liver disease	Side_Effect::C0019156	MATCHED
SIDE_EFFECT:177	Shock	Side_Effect::C0036974	MATCHED
SIDE_EFFECT:1770	Meningitis cryptococcal	Side_Effect::C0085436	MATCHED
SIDE_EFFECT:1771	Normocytic anemia	Side_Effect::C0085577	MATCHED
SIDE_EFFECT:1772	Normochromic normocytic anaemia	Side_Effect::C0271899	MATCHED
SIDE_EFFECT:1773	Hyperchloraemia	Side_Effect::C0085679	MATCHED
SIDE_EFFECT:1774	Streptobacillary fever	Side_Effect::C0152063	MATCHED
SIDE_EFFECT:1775	Septic arthritis streptobacillus	Side_Effect::C0854144	MATCHED
SIDE_EFFECT:1776	Nephrogenic diabetes insipidus	Side_Effect::C0162283	MATCHED
SIDE_EFFECT:1777	Function kidney decreased	Side_Effect::C0232807	MATCHED
SIDE_EFFECT:1778	Hyposthenuria	Side_Effect::C0232831	MATCHED
SIDE_EFFECT:1779	Reaction febrile	Side_Effect::C0235723	MATCHED
SIDE_EFFECT:178	Confusional state	Side_Effect::C0009676	MATCHED
SIDE_EFFECT:1780	Generalized aching	Side_Effect::C0281856	MATCHED
SIDE_EFFECT:1781	Prothrombin level decreased	Side_Effect::C0553732	MATCHED
SIDE_EFFECT:1782	Serum potassium decreased	Side_Effect::C0595885	MATCHED
SIDE_EFFECT:1783	Hyperfibrinogenaemia	Side_Effect::C0919890	MATCHED
SIDE_EFFECT:1784	Blood fibrinogen increased	Side_Effect::C0852921	MATCHED
SIDE_EFFECT:1785	Infusion related reaction	Side_Effect::C0948715	MATCHED
SIDE_EFFECT:1786	Pelvic haemorrhage	Side_Effect::C1504419	MATCHED
SIDE_EFFECT:1787	Hypoventilation	Side_Effect::C3203358	MATCHED
SIDE_EFFECT:1788	Low back pain	Side_Effect::C0024031	MATCHED
SIDE_EFFECT:1789	Hepatitis cholestatic	Side_Effect::C0149904	MATCHED
SIDE_EFFECT:179	Kidney function abnormal	Side_Effect::C0151746	MATCHED
SIDE_EFFECT:1790	Renal abscess	Side_Effect::C0151465	MATCHED
SIDE_EFFECT:1791	Pulmonary haemorrhage	Side_Effect::C0151701	MATCHED
SIDE_EFFECT:1792	Rash follicular	Side_Effect::C0234916	MATCHED
SIDE_EFFECT:1793	Acute urticaria	Side_Effect::C0234935	MATCHED
SIDE_EFFECT:1794	Hypoalbuminaemia	Side_Effect::C0239981	MATCHED
SIDE_EFFECT:1795	Serum urea increased	Side_Effect::C0857448	MATCHED
SIDE_EFFECT:1796	Cardiac output decreased	Side_Effect::C0007166	MATCHED
SIDE_EFFECT:1797	Catatonia	Side_Effect::C0007398	MATCHED
SIDE_EFFECT:1798	Intermittent claudication	Side_Effect::C0021775	MATCHED
SIDE_EFFECT:1799	Eye pruritus	Side_Effect::C0022281	MATCHED
SIDE_EFFECT:18	Cough	Side_Effect::C0010200	MATCHED
SIDE_EFFECT:180	Renal impairment	Side_Effect::C1565489	MATCHED
SIDE_EFFECT:1800	Xerosis	Side_Effect::C0259817	MATCHED
SIDE_EFFECT:1801	Vivid dreams	Side_Effect::C0344320	MATCHED
SIDE_EFFECT:1802	Short-term memory loss	Side_Effect::C0701811	MATCHED
SIDE_EFFECT:1803	Claudication	Side_Effect::C1456822	MATCHED
SIDE_EFFECT:1804	Conjunctival xerosis	Side_Effect::C3665609	MATCHED
SIDE_EFFECT:1805	Pancreatitis acute	Side_Effect::C0001339	MATCHED
SIDE_EFFECT:1806	Bladder neck obstruction	Side_Effect::C0005694	MATCHED
SIDE_EFFECT:1807	Nephrosis lower nephron	Side_Effect::C0022672	MATCHED
SIDE_EFFECT:1808	Postoperative hemorrhage	Side_Effect::C0032788	MATCHED
SIDE_EFFECT:1809	Trismus	Side_Effect::C0041105	MATCHED
SIDE_EFFECT:181	Abdominal pain upper	Side_Effect::C0232492	MATCHED
SIDE_EFFECT:1810	Periorbital oedema	Side_Effect::C0151205	MATCHED
SIDE_EFFECT:1811	Urinary hesitation	Side_Effect::C0152032	MATCHED
SIDE_EFFECT:1812	Acute angle-closure glaucoma	Side_Effect::C0154946	MATCHED
SIDE_EFFECT:1813	Pemphigoid reaction	Side_Effect::C0235853	MATCHED
SIDE_EFFECT:1814	Pemphigoid	Side_Effect::C0030805	MATCHED
SIDE_EFFECT:1815	Strangury	Side_Effect::C0241705	MATCHED
SIDE_EFFECT:1816	Hepatitis fulminant	Side_Effect::C0302809	MATCHED
SIDE_EFFECT:1817	Unsteadiness	Side_Effect::C0427108	MATCHED
SIDE_EFFECT:1818	Alveolitis	Side_Effect::C0549493	MATCHED
SIDE_EFFECT:1819	Serotonin syndrome	Side_Effect::C0699828	MATCHED
SIDE_EFFECT:182	Abdominal pain lower	Side_Effect::C0232495	MATCHED
SIDE_EFFECT:1820	Mental status changes	Side_Effect::C0856054	MATCHED
SIDE_EFFECT:1821	Acute generalised exanthematous pustulosis	Side_Effect::C0877055	MATCHED
SIDE_EFFECT:1822	Anaemia postoperative	Side_Effect::C0877398	MATCHED
SIDE_EFFECT:1823	Cytolytic hepatitis	Side_Effect::C0919823	MATCHED
SIDE_EFFECT:1824	Infusion site pain	Side_Effect::C1096035	MATCHED
SIDE_EFFECT:1825	Prostatic hypertrophy	Side_Effect::C1739363	MATCHED
SIDE_EFFECT:1826	Benign prostatic hyperplasia	Side_Effect::C1704272	MATCHED
SIDE_EFFECT:1827	Kounis syndrome	Side_Effect::C2609176	MATCHED
SIDE_EFFECT:1828	Polydipsia	Side_Effect::C0085602	MATCHED
SIDE_EFFECT:1829	Growth retardation	Side_Effect::C0151686	MATCHED
SIDE_EFFECT:183	Abdominal tenderness	Side_Effect::C0232498	MATCHED
SIDE_EFFECT:1830	Reticulocytosis	Side_Effect::C0206160	MATCHED
SIDE_EFFECT:1831	Tremulousness	Side_Effect::C0542247	MATCHED
SIDE_EFFECT:1832	Teratogenicity	Side_Effect::C0232910	MATCHED
SIDE_EFFECT:1833	Vagotonia	Side_Effect::C1455782	MATCHED
SIDE_EFFECT:1834	Cholinergic syndrome	Side_Effect::C0274702	MATCHED
SIDE_EFFECT:1835	Cheilitis	Side_Effect::C0007971	MATCHED
SIDE_EFFECT:1836	Muscle contracture	Side_Effect::C0009917	MATCHED
SIDE_EFFECT:1837	Epidermolysis	Side_Effect::C0333472	MATCHED
SIDE_EFFECT:1838	Reticulocytopenia	Side_Effect::C0858867	MATCHED
SIDE_EFFECT:1839	Cardiac tamponade	Side_Effect::C0007177	MATCHED
SIDE_EFFECT:184	Disease progression	Side_Effect::C0242656	MATCHED
SIDE_EFFECT:1840	Type I hypersensitivity	Side_Effect::C0020523	MATCHED
SIDE_EFFECT:1841	Pars planitis	Side_Effect::C0030593	MATCHED
SIDE_EFFECT:1842	Purpura fulminans	Side_Effect::C0085650	MATCHED
SIDE_EFFECT:1843	Neurologic reaction	Side_Effect::C0235030	MATCHED
SIDE_EFFECT:1844	Haemoglobinaemia	Side_Effect::C0235573	MATCHED
SIDE_EFFECT:1845	Chapped lips	Side_Effect::C0424489	MATCHED
SIDE_EFFECT:1846	Injection site phlebitis	Side_Effect::C0542149	MATCHED
SIDE_EFFECT:1847	Auditory and visual hallucinations	Side_Effect::C0740399	MATCHED
SIDE_EFFECT:1848	Hallucinations, mixed	Side_Effect::C0855223	MATCHED
SIDE_EFFECT:1849	Accelerated hair loss	Side_Effect::C0856677	MATCHED
SIDE_EFFECT:185	Caecitis	Side_Effect::C0267537	MATCHED
SIDE_EFFECT:1850	Superficial punctate keratopathy	Side_Effect::C1096543	MATCHED
SIDE_EFFECT:1851	Punctate keratitis	Side_Effect::C0259799	MATCHED
SIDE_EFFECT:1852	Leukocytoclastic vasculitis	Side_Effect::C2973529	MATCHED
SIDE_EFFECT:1853	Neutrophilia	Side_Effect::C3665444	MATCHED
SIDE_EFFECT:1854	Pre-eclampsia	Side_Effect::C0032914	MATCHED
SIDE_EFFECT:1855	Multiple pregnancy	Side_Effect::C0032989	MATCHED
SIDE_EFFECT:1856	Tracheitis	Side_Effect::C0040584	MATCHED
SIDE_EFFECT:1857	Cardiac output increased	Side_Effect::C0085128	MATCHED
SIDE_EFFECT:1858	Cardiac failure high output	Side_Effect::C0221045	MATCHED
SIDE_EFFECT:1859	Tongue discolouration	Side_Effect::C0151596	MATCHED
SIDE_EFFECT:186	Rigors	Side_Effect::C0424790	MATCHED
SIDE_EFFECT:1860	Epigastric distress	Side_Effect::C0221490	MATCHED
SIDE_EFFECT:1861	Cardiac fibrillation	Side_Effect::C0232197	MATCHED
SIDE_EFFECT:1862	Tremor fine	Side_Effect::C0234373	MATCHED
SIDE_EFFECT:1863	Tremor muscle	Side_Effect::C0235082	MATCHED
SIDE_EFFECT:1864	Feeling tense	Side_Effect::C0235108	MATCHED
SIDE_EFFECT:1865	Saliva altered	Side_Effect::C0235746	MATCHED
SIDE_EFFECT:1866	Bronchospasm aggravated	Side_Effect::C0235906	MATCHED
SIDE_EFFECT:1867	Bronchospasm paradoxical	Side_Effect::C0236072	MATCHED
SIDE_EFFECT:1868	Tremor of hands	Side_Effect::C0239842	MATCHED
SIDE_EFFECT:1869	Tachycardia foetal	Side_Effect::C0410918	MATCHED
SIDE_EFFECT:187	Neuropathy	Side_Effect::C0442874	MATCHED
SIDE_EFFECT:1870	Emotional distress	Side_Effect::C0700361	MATCHED
SIDE_EFFECT:1871	Oropharyngeal swelling	Side_Effect::C0853908	MATCHED
SIDE_EFFECT:1872	Cold symptoms	Side_Effect::C0863093	MATCHED
SIDE_EFFECT:1873	Unspecified disorder of autonomic nervous system	Side_Effect::C1145628	MATCHED
SIDE_EFFECT:1874	Autonomic neuropathy	Side_Effect::C0259749	MATCHED
SIDE_EFFECT:1875	Vascular resistance systemic	Side_Effect::C1258192	MATCHED
SIDE_EFFECT:1876	Electrocardiogram change	Side_Effect::C0855329	MATCHED
SIDE_EFFECT:1877	Miliaria	Side_Effect::C0026113	MATCHED
SIDE_EFFECT:1878	Acneiform eruption	Side_Effect::C0175167	MATCHED
SIDE_EFFECT:1879	Dermatitis acneiform	Side_Effect::C0234894	MATCHED
SIDE_EFFECT:188	Neuropathy peripheral	Side_Effect::C0031117	MATCHED
SIDE_EFFECT:1880	Dermatitis perioral	Side_Effect::C0263449	MATCHED
SIDE_EFFECT:1881	Acute phase reaction	Side_Effect::C0001349	MATCHED
SIDE_EFFECT:1882	Episcleritis	Side_Effect::C0014583	MATCHED
SIDE_EFFECT:1883	Oesophageal disorder	Side_Effect::C0014852	MATCHED
SIDE_EFFECT:1884	Femur fracture	Side_Effect::C0015802	MATCHED
SIDE_EFFECT:1885	Hypercalciuria	Side_Effect::C0020438	MATCHED
SIDE_EFFECT:1886	Oral disorder	Side_Effect::C0026636	MATCHED
SIDE_EFFECT:1887	Osteogenesis imperfecta	Side_Effect::C0029434	MATCHED
SIDE_EFFECT:1888	Osteomyelitis	Side_Effect::C0029443	MATCHED
SIDE_EFFECT:1889	Femur fracture subtrochanteric	Side_Effect::C0162386	MATCHED
SIDE_EFFECT:189	Premature separation of placenta	Side_Effect::C0000832	MATCHED
SIDE_EFFECT:1890	Femur shaft fracture	Side_Effect::C0272753	MATCHED
SIDE_EFFECT:1891	Esophageal erosions	Side_Effect::C0341117	MATCHED
SIDE_EFFECT:1892	Erosive oesophagitis	Side_Effect::C0267055	MATCHED
SIDE_EFFECT:1893	Oesophageal irritation	Side_Effect::C0743575	MATCHED
SIDE_EFFECT:1894	Anastomotic ulcer	Side_Effect::C1442968	MATCHED
SIDE_EFFECT:1895	Osteonecrosis of jaw	Side_Effect::C2711248	MATCHED
SIDE_EFFECT:1896	Atypical stress fracture	Side_Effect::C3495947	MATCHED
SIDE_EFFECT:1897	Atypical fracture	Side_Effect::C3495700	MATCHED
SIDE_EFFECT:1898	Oedema due to cardiac disease	Side_Effect::C0013608	MATCHED
SIDE_EFFECT:1899	Miosis	Side_Effect::C0026205	MATCHED
SIDE_EFFECT:19	Depression	Side_Effect::C0011570	MATCHED
SIDE_EFFECT:190	Arthralgia	Side_Effect::C0003862	MATCHED
SIDE_EFFECT:1900	Blood pressure systolic decreased	Side_Effect::C0277885	MATCHED
SIDE_EFFECT:1901	Blood pressure diastolic decreased	Side_Effect::C0277890	MATCHED
SIDE_EFFECT:1902	Ischial neuralgia	Side_Effect::C0549346	MATCHED
SIDE_EFFECT:1903	Inflicted injury	Side_Effect::C0549356	MATCHED
SIDE_EFFECT:1904	Lumbar disc lesion	Side_Effect::C0549374	MATCHED
SIDE_EFFECT:1905	Intervertebral disc disorder	Side_Effect::C0158252	MATCHED
SIDE_EFFECT:1906	Cholestatic liver disease	Side_Effect::C0860204	MATCHED
SIDE_EFFECT:1907	Intraoperative floppy iris syndrome	Side_Effect::C1688637	MATCHED
SIDE_EFFECT:1908	Floppy iris syndrome	Side_Effect::C1735601	MATCHED
SIDE_EFFECT:1909	Blast cell crisis	Side_Effect::C0005699	MATCHED
SIDE_EFFECT:191	Asthma	Side_Effect::C0004096	MATCHED
SIDE_EFFECT:1910	Angioimmunoblastic T-cell lymphoma	Side_Effect::C0020981	MATCHED
SIDE_EFFECT:1911	Infertility male	Side_Effect::C0021364	MATCHED
SIDE_EFFECT:1912	Iritis	Side_Effect::C0022081	MATCHED
SIDE_EFFECT:1913	Lymphocytosis	Side_Effect::C0024282	MATCHED
SIDE_EFFECT:1914	Status epilepticus	Side_Effect::C0038220	MATCHED
SIDE_EFFECT:1915	Steatorrhoea	Side_Effect::C0038238	MATCHED
SIDE_EFFECT:1916	Water intoxication	Side_Effect::C0043049	MATCHED
SIDE_EFFECT:1917	Footdrop	Side_Effect::C0085684	MATCHED
SIDE_EFFECT:1918	Peroneal nerve palsy	Side_Effect::C0270810	MATCHED
SIDE_EFFECT:1919	Allergic cutaneous angiitis	Side_Effect::C0151436	MATCHED
SIDE_EFFECT:192	Bronchospasm	Side_Effect::C0006266	MATCHED
SIDE_EFFECT:1920	Electrolyte abnormality	Side_Effect::C0151613	MATCHED
SIDE_EFFECT:1921	Blood electrolytes abnormal	Side_Effect::C0853748	MATCHED
SIDE_EFFECT:1922	Nocturnal emission	Side_Effect::C0233931	MATCHED
SIDE_EFFECT:1923	Convulsions generalised	Side_Effect::C0234533	MATCHED
SIDE_EFFECT:1924	Salivary gland swelling	Side_Effect::C0240925	MATCHED
SIDE_EFFECT:1925	Salivary gland enlargement	Side_Effect::C0020569	MATCHED
SIDE_EFFECT:1926	Aplasia	Side_Effect::C0243065	MATCHED
SIDE_EFFECT:1927	Pancreatitis haemorrhagic	Side_Effect::C0267940	MATCHED
SIDE_EFFECT:1928	Generalized lymphadenopathy	Side_Effect::C0476486	MATCHED
SIDE_EFFECT:1929	Skin oedema	Side_Effect::C0521464	MATCHED
SIDE_EFFECT:193	Dehydration	Side_Effect::C0011175	MATCHED
SIDE_EFFECT:1930	Angiitis necrotising	Side_Effect::C0553548	MATCHED
SIDE_EFFECT:1931	Vasculitis gastrointestinal	Side_Effect::C0856069	MATCHED
SIDE_EFFECT:1932	Gout attack	Side_Effect::C2712871	MATCHED
SIDE_EFFECT:1933	Hypopituitarism	Side_Effect::C0020635	MATCHED
SIDE_EFFECT:1934	Intussusception	Side_Effect::C0021933	MATCHED
SIDE_EFFECT:1935	Muscle stiffness	Side_Effect::C0221170	MATCHED
SIDE_EFFECT:1936	Haemorrhage urinary tract	Side_Effect::C0235620	MATCHED
SIDE_EFFECT:1937	Gastroduodenitis	Side_Effect::C0267166	MATCHED
SIDE_EFFECT:1938	Dysequilibrium	Side_Effect::C0281825	MATCHED
SIDE_EFFECT:1939	Feeling hot and cold	Side_Effect::C0522245	MATCHED
SIDE_EFFECT:194	Disseminated intravascular coagulation	Side_Effect::C0012739	MATCHED
SIDE_EFFECT:1940	Feeling of body temperature change	Side_Effect::C0549385	MATCHED
SIDE_EFFECT:1941	Allergic skin reaction	Side_Effect::C0863090	MATCHED
SIDE_EFFECT:1942	Mesenteric ischemia	Side_Effect::C0920157	MATCHED
SIDE_EFFECT:1943	Intestinal ischaemia	Side_Effect::C2004435	MATCHED
SIDE_EFFECT:1944	Bilirubin abnormal	Side_Effect::C1142335	MATCHED
SIDE_EFFECT:1945	Blood bilirubin abnormal	Side_Effect::C1142015	MATCHED
SIDE_EFFECT:1946	Gastrointestinal infection	Side_Effect::C1264613	MATCHED
SIDE_EFFECT:1947	Rhinitis allergic	Side_Effect::C2607914	MATCHED
SIDE_EFFECT:1948	Fear	Side_Effect::C0015726	MATCHED
SIDE_EFFECT:1949	Hyperprolactinaemia	Side_Effect::C0020514	MATCHED
SIDE_EFFECT:195	Amniotic fluid embolism	Side_Effect::C0013927	MATCHED
SIDE_EFFECT:1950	Muscle spasticity	Side_Effect::C0026838	MATCHED
SIDE_EFFECT:1951	Panic disorder	Side_Effect::C0030319	MATCHED
SIDE_EFFECT:1952	Sleep apnoea syndrome	Side_Effect::C0037315	MATCHED
SIDE_EFFECT:1953	Hangover	Side_Effect::C0221100	MATCHED
SIDE_EFFECT:1954	Amnesia transient	Side_Effect::C0233796	MATCHED
SIDE_EFFECT:1955	Clumsiness	Side_Effect::C0233844	MATCHED
SIDE_EFFECT:1956	Withdrawal seizures	Side_Effect::C0235097	MATCHED
SIDE_EFFECT:1957	Drug withdrawal convulsions	Side_Effect::C0234547	MATCHED
SIDE_EFFECT:1958	Abdominal distress	Side_Effect::C0235295	MATCHED
SIDE_EFFECT:1959	Abnormal involuntary movements	Side_Effect::C0392702	MATCHED
SIDE_EFFECT:196	Anaphylactoid syndrome of pregnancy	Side_Effect::C1868769	MATCHED
SIDE_EFFECT:1960	Psychomotor retardation	Side_Effect::C0424230	MATCHED
SIDE_EFFECT:1961	Disinhibition	Side_Effect::C0424296	MATCHED
SIDE_EFFECT:1962	Homicidal ideation	Side_Effect::C0455204	MATCHED
SIDE_EFFECT:1963	Loss of control of legs	Side_Effect::C0522042	MATCHED
SIDE_EFFECT:1964	Feeling of relaxation	Side_Effect::C0522165	MATCHED
SIDE_EFFECT:1965	Feeling drunk	Side_Effect::C0522172	MATCHED
SIDE_EFFECT:1966	Sleep talking	Side_Effect::C0542313	MATCHED
SIDE_EFFECT:1967	Choking sensation	Side_Effect::C0546947	MATCHED
SIDE_EFFECT:1968	Substance abuse	Side_Effect::C0740858	MATCHED
SIDE_EFFECT:1969	Talkativeness	Side_Effect::C0859023	MATCHED
SIDE_EFFECT:197	Endometritis	Side_Effect::C0014179	MATCHED
SIDE_EFFECT:1970	Logorrhoea	Side_Effect::C3248383	MATCHED
SIDE_EFFECT:1971	Sluggishness	Side_Effect::C0920289	MATCHED
SIDE_EFFECT:1972	Mental retardation	Side_Effect::C0025362	MATCHED
SIDE_EFFECT:1973	Neuroleptic malignant syndrome	Side_Effect::C0027849	MATCHED
SIDE_EFFECT:1974	Pathological gambling	Side_Effect::C0030662	MATCHED
SIDE_EFFECT:1975	Oculogyric crisis	Side_Effect::C0085637	MATCHED
SIDE_EFFECT:1976	Livedo reticularis	Side_Effect::C0085642	MATCHED
SIDE_EFFECT:1977	Elevated mood	Side_Effect::C0233479	MATCHED
SIDE_EFFECT:1978	Nerve paralysis	Side_Effect::C0262576	MATCHED
SIDE_EFFECT:1979	Acute respiratory failure	Side_Effect::C0264490	MATCHED
SIDE_EFFECT:198	Foetal distress syndrome	Side_Effect::C0015930	MATCHED
SIDE_EFFECT:1980	Hypersexuality	Side_Effect::C0312420	MATCHED
SIDE_EFFECT:1981	Subepithelial opacities	Side_Effect::C0854212	MATCHED
SIDE_EFFECT:1982	Telangiectasia	Side_Effect::C0039446	MATCHED
SIDE_EFFECT:1983	Secondary adrenocortical insufficiency	Side_Effect::C0271738	MATCHED
SIDE_EFFECT:1984	Malaria	Side_Effect::C0024530	MATCHED
SIDE_EFFECT:1985	Myelitis transverse	Side_Effect::C0026976	MATCHED
SIDE_EFFECT:1986	Retroperitoneal haemorrhage	Side_Effect::C0151705	MATCHED
SIDE_EFFECT:1987	Shutdown renal	Side_Effect::C0232808	MATCHED
SIDE_EFFECT:1988	Speech impairment NOS	Side_Effect::C0233715	MATCHED
SIDE_EFFECT:1989	Blindness unilateral	Side_Effect::C0271240	MATCHED
SIDE_EFFECT:199	Flushing	Side_Effect::C0016382	MATCHED
SIDE_EFFECT:1990	Chemosis	Side_Effect::C0271298	MATCHED
SIDE_EFFECT:1991	Conjunctival oedema	Side_Effect::C0151601	MATCHED
SIDE_EFFECT:1992	Acute dyspnea	Side_Effect::C0743323	MATCHED
SIDE_EFFECT:1993	Contrast media reaction	Side_Effect::C0853800	MATCHED
SIDE_EFFECT:1994	Hypotensive	Side_Effect::C0857353	MATCHED
SIDE_EFFECT:1995	Reflex tachycardia	Side_Effect::C1328539	MATCHED
SIDE_EFFECT:1996	Hypoparathyroidism	Side_Effect::C0020626	MATCHED
SIDE_EFFECT:1997	Toxic skin eruption	Side_Effect::C0521465	MATCHED
SIDE_EFFECT:1998	Serum calcium decreased	Side_Effect::C0595882	MATCHED
SIDE_EFFECT:1999	Unspecified visual loss	Side_Effect::C3665346	MATCHED
SIDE_EFFECT:2	Abdominal pain	Side_Effect::C0000737	MATCHED
SIDE_EFFECT:20	Diarrhoea	Side_Effect::C0011991	MATCHED
SIDE_EFFECT:200	Cardiac arrest	Side_Effect::C0018790	MATCHED
SIDE_EFFECT:2000	Adrenal insufficiency	Side_Effect::C0001623	MATCHED
SIDE_EFFECT:2001	Precocious puberty	Side_Effect::C0034013	MATCHED
SIDE_EFFECT:2002	Vascular resistance	Side_Effect::C0042380	MATCHED
SIDE_EFFECT:2003	Virilism	Side_Effect::C0042755	MATCHED
SIDE_EFFECT:2004	Haematocrit decreased	Side_Effect::C0744727	MATCHED
SIDE_EFFECT:2005	Persistent vomiting	Side_Effect::C0152165	MATCHED
SIDE_EFFECT:2006	Multifocal atrial tachycardia	Side_Effect::C0221158	MATCHED
SIDE_EFFECT:2007	Atrial tachycardia	Side_Effect::C0546959	MATCHED
SIDE_EFFECT:2008	Brain injury	Side_Effect::C0270611	MATCHED
SIDE_EFFECT:2009	Haemodynamic instability	Side_Effect::C0948268	MATCHED
SIDE_EFFECT:201	Foetal heart rate	Side_Effect::C0018811	MATCHED
SIDE_EFFECT:2010	Hypoxic-ischaemic encephalopathy	Side_Effect::C1140716	MATCHED
SIDE_EFFECT:2011	Acute overdose	Side_Effect::C1963951	MATCHED
SIDE_EFFECT:2012	Overdose	Side_Effect::C0029944	MATCHED
SIDE_EFFECT:2013	Cerebellar ataxia	Side_Effect::C0007758	MATCHED
SIDE_EFFECT:2014	Epididymitis	Side_Effect::C0014534	MATCHED
SIDE_EFFECT:2015	Granuloma	Side_Effect::C0018188	MATCHED
SIDE_EFFECT:2016	Hepatitis alcoholic	Side_Effect::C0019187	MATCHED
SIDE_EFFECT:2017	Acquired keratoderma	Side_Effect::C0022581	MATCHED
SIDE_EFFECT:2018	Renal failure chronic	Side_Effect::C0022661	MATCHED
SIDE_EFFECT:2019	Bundle branch block left	Side_Effect::C0023211	MATCHED
SIDE_EFFECT:202	Hiccups	Side_Effect::C0019521	MATCHED
SIDE_EFFECT:2020	Macular degeneration	Side_Effect::C0024437	MATCHED
SIDE_EFFECT:2021	Neuromyopathy	Side_Effect::C0027868	MATCHED
SIDE_EFFECT:2022	Optic nerve disorder	Side_Effect::C0029132	MATCHED
SIDE_EFFECT:2023	Paroxysmal ventricular tachycardia	Side_Effect::C0030591	MATCHED
SIDE_EFFECT:2024	Pleurisy	Side_Effect::C0032231	MATCHED
SIDE_EFFECT:2025	Thyroid nodule	Side_Effect::C0040137	MATCHED
SIDE_EFFECT:2026	Thyroid neoplasm	Side_Effect::C0040136	MATCHED
SIDE_EFFECT:2027	Hamman-Rich syndrome	Side_Effect::C0085786	MATCHED
SIDE_EFFECT:2028	Acute interstitial pneumonitis	Side_Effect::C1279945	MATCHED
SIDE_EFFECT:2029	Idiopathic pulmonary fibrosis	Side_Effect::C1800706	MATCHED
SIDE_EFFECT:203	Immune system disorder	Side_Effect::C0021053	MATCHED
SIDE_EFFECT:2030	Epididymo-orchitis	Side_Effect::C0149881	MATCHED
SIDE_EFFECT:2031	Orchitis	Side_Effect::C0029191	MATCHED
SIDE_EFFECT:2032	Polyserositis	Side_Effect::C0151859	MATCHED
SIDE_EFFECT:2033	Electrocardiogram QT prolonged	Side_Effect::C0151878	MATCHED
SIDE_EFFECT:2034	Pustular psoriasis	Side_Effect::C0152081	MATCHED
SIDE_EFFECT:2035	Corneal degeneration	Side_Effect::C0155118	MATCHED
SIDE_EFFECT:2036	Spontaneous bruising	Side_Effect::C0159039	MATCHED
SIDE_EFFECT:2037	Corneal deposits	Side_Effect::C0162281	MATCHED
SIDE_EFFECT:2038	Distress	Side_Effect::C0231303	MATCHED
SIDE_EFFECT:2039	Extrapyramidal symptoms	Side_Effect::C0234133	MATCHED
SIDE_EFFECT:204	Inflammation	Side_Effect::C0021368	MATCHED
SIDE_EFFECT:2040	Keratopathy	Side_Effect::C0235270	MATCHED
SIDE_EFFECT:2041	Bone marrow granuloma	Side_Effect::C0238796	MATCHED
SIDE_EFFECT:2042	Bronchiolitis obliterans with organizing pneumonia	Side_Effect::C0242770	MATCHED
SIDE_EFFECT:2043	Organising pneumonia	Side_Effect::C0264383	MATCHED
SIDE_EFFECT:2044	Nodal arrhythmia	Side_Effect::C0264893	MATCHED
SIDE_EFFECT:2045	Demyelinating polyneuropathy	Side_Effect::C0270922	MATCHED
SIDE_EFFECT:2046	Pulseless electrical activity	Side_Effect::C0340861	MATCHED
SIDE_EFFECT:2047	Chronic liver disease	Side_Effect::C0341439	MATCHED
SIDE_EFFECT:2048	Multifocal ventricular tachycardia	Side_Effect::C0344432	MATCHED
SIDE_EFFECT:2049	Dysfunction thyroid	Side_Effect::C0348024	MATCHED
SIDE_EFFECT:205	Laryngitis	Side_Effect::C0023067	MATCHED
SIDE_EFFECT:2050	Movements involuntary	Side_Effect::C0427086	MATCHED
SIDE_EFFECT:2051	Chronic anxiety	Side_Effect::C0581386	MATCHED
SIDE_EFFECT:2052	Thyrotropin high	Side_Effect::C0586553	MATCHED
SIDE_EFFECT:2053	Blood thyroid stimulating hormone increased	Side_Effect::C0853019	MATCHED
SIDE_EFFECT:2054	Hepatic granuloma	Side_Effect::C0745754	MATCHED
SIDE_EFFECT:2055	Pulmonary alveolar haemorrhage	Side_Effect::C0852879	MATCHED
SIDE_EFFECT:2056	Thyroid function abnormal	Side_Effect::C0857576	MATCHED
SIDE_EFFECT:2057	Thyroid function test abnormal	Side_Effect::C0476414	MATCHED
SIDE_EFFECT:2058	Gritty feeling in eyes	Side_Effect::C0861171	MATCHED
SIDE_EFFECT:2059	Foreign body sensation in eyes	Side_Effect::C0920171	MATCHED
SIDE_EFFECT:206	Cramp muscle	Side_Effect::C0026821	MATCHED
SIDE_EFFECT:2060	Ocular discomfort	Side_Effect::C0948595	MATCHED
SIDE_EFFECT:2061	Peripheral sensorimotor neuropathy	Side_Effect::C1112256	MATCHED
SIDE_EFFECT:2062	Solar dermatitis	Side_Effect::C1442835	MATCHED
SIDE_EFFECT:2063	Lenticular opacities	Side_Effect::C1510497	MATCHED
SIDE_EFFECT:2064	Eosinophilic pneumonia	Side_Effect::C1527407	MATCHED
SIDE_EFFECT:2065	Incessant ventricular tachycardia	Side_Effect::C2363809	MATCHED
SIDE_EFFECT:2066	Sudden death	Side_Effect::C0011071	MATCHED
SIDE_EFFECT:2067	Aggressive reaction	Side_Effect::C1457883	MATCHED
SIDE_EFFECT:2068	Acute dystonia	Side_Effect::C1735368	MATCHED
SIDE_EFFECT:2069	Ileus paralytic	Side_Effect::C0030446	MATCHED
SIDE_EFFECT:207	Myocardial infarction	Side_Effect::C0027051	MATCHED
SIDE_EFFECT:2070	Antinuclear antibody positive	Side_Effect::C0151480	MATCHED
SIDE_EFFECT:2071	Accommodation disorder	Side_Effect::C0152198	MATCHED
SIDE_EFFECT:2072	Taste peculiar	Side_Effect::C0235293	MATCHED
SIDE_EFFECT:2073	Black hairy tongue	Side_Effect::C0235347	MATCHED
SIDE_EFFECT:2074	Conduction disorder	Side_Effect::C0264886	MATCHED
SIDE_EFFECT:2075	Hyperpyrexia	Side_Effect::C0392676	MATCHED
SIDE_EFFECT:2076	Parotid swelling	Side_Effect::C0424823	MATCHED
SIDE_EFFECT:2077	Parotid gland enlargement	Side_Effect::C0341047	MATCHED
SIDE_EFFECT:2078	Electrocardiogram QT corrected interval prolonged	Side_Effect::C0855333	MATCHED
SIDE_EFFECT:2079	Chronic obstructive pulmonary disease	Side_Effect::C0024117	MATCHED
SIDE_EFFECT:208	Acute coronary syndrome	Side_Effect::C0948089	MATCHED
SIDE_EFFECT:2080	Bronchial hyperreactivity	Side_Effect::C0085129	MATCHED
SIDE_EFFECT:2081	Xerophthalmia	Side_Effect::C0043349	MATCHED
SIDE_EFFECT:2082	Dizziness postural	Side_Effect::C0234987	MATCHED
SIDE_EFFECT:2083	Skin cold clammy	Side_Effect::C0235848	MATCHED
SIDE_EFFECT:2084	Nail discolouration	Side_Effect::C0221345	MATCHED
SIDE_EFFECT:2085	Onychoclasis	Side_Effect::C0546956	MATCHED
SIDE_EFFECT:2086	Adenitis	Side_Effect::C0001416	MATCHED
SIDE_EFFECT:2087	Lymphadenitis	Side_Effect::C0024205	MATCHED
SIDE_EFFECT:2088	Atrial arrhythmia	Side_Effect::C0085611	MATCHED
SIDE_EFFECT:2089	Arrhythmia supraventricular	Side_Effect::C0428974	MATCHED
SIDE_EFFECT:209	Postpartum haemorrhage	Side_Effect::C0032797	MATCHED
SIDE_EFFECT:2090	Appetite exaggerated	Side_Effect::C0426584	MATCHED
SIDE_EFFECT:2091	Mucocutaneous candidiasis	Side_Effect::C0006848	MATCHED
SIDE_EFFECT:2092	Superinfection	Side_Effect::C0038826	MATCHED
SIDE_EFFECT:2093	Tooth discolouration	Side_Effect::C0040434	MATCHED
SIDE_EFFECT:2094	Antibiotic associated colitis	Side_Effect::C0085819	MATCHED
SIDE_EFFECT:2095	Clostridium difficile colitis	Side_Effect::C0238106	MATCHED
SIDE_EFFECT:2096	Hemorrhagic colitis	Side_Effect::C0151565	MATCHED
SIDE_EFFECT:2097	Enterocolitis haemorrhagic	Side_Effect::C0151623	MATCHED
SIDE_EFFECT:2098	Convulsive seizure	Side_Effect::C0751494	MATCHED
SIDE_EFFECT:2099	Pseudomembranous colitis	Side_Effect::C1257843	MATCHED
SIDE_EFFECT:21	Dizziness	Side_Effect::C0012833	MATCHED
SIDE_EFFECT:210	Pregnancy	Side_Effect::C0032961	MATCHED
SIDE_EFFECT:2100	Acute cytolytic hepatitis	Side_Effect::C1736172	MATCHED
SIDE_EFFECT:2101	Abdominal symptom	Side_Effect::C0740651	MATCHED
SIDE_EFFECT:2102	Perioral paraesthesia	Side_Effect::C2939103	MATCHED
SIDE_EFFECT:2103	Urine color abnormal	Side_Effect::C0522153	MATCHED
SIDE_EFFECT:2104	Chromaturia	Side_Effect::C0541832	MATCHED
SIDE_EFFECT:2105	Pulmonary hypertension	Side_Effect::C0020542	MATCHED
SIDE_EFFECT:2106	Chronic myeloid leukaemia	Side_Effect::C0023473	MATCHED
SIDE_EFFECT:2107	Polycythaemia vera	Side_Effect::C0032463	MATCHED
SIDE_EFFECT:2108	Essential thrombocythaemia	Side_Effect::C0040028	MATCHED
SIDE_EFFECT:2109	Headache occurring	Side_Effect::C0857361	MATCHED
SIDE_EFFECT:211	Shivering	Side_Effect::C0036973	MATCHED
SIDE_EFFECT:2110	Hip fracture	Side_Effect::C0019557	MATCHED
SIDE_EFFECT:2111	Henoch-Schonlein purpura	Side_Effect::C0034152	MATCHED
SIDE_EFFECT:2112	Cataract specified	Side_Effect::C0151547	MATCHED
SIDE_EFFECT:2113	Lipid metabolism disorder	Side_Effect::C0154251	MATCHED
SIDE_EFFECT:2114	Trigger finger	Side_Effect::C0158328	MATCHED
SIDE_EFFECT:2115	Vaginal dryness	Side_Effect::C0241633	MATCHED
SIDE_EFFECT:2116	Vulvovaginal dryness	Side_Effect::C0520589	MATCHED
SIDE_EFFECT:2117	Osteoporotic fracture	Side_Effect::C0521170	MATCHED
SIDE_EFFECT:2118	Low density lipoprotein increased	Side_Effect::C0549399	MATCHED
SIDE_EFFECT:2119	Cholesterol serum elevated	Side_Effect::C0595929	MATCHED
SIDE_EFFECT:212	Tremor	Side_Effect::C0040822	MATCHED
SIDE_EFFECT:2120	Blood cholesterol increased	Side_Effect::C0595930	MATCHED
SIDE_EFFECT:2121	Tumour flare	Side_Effect::C0853891	MATCHED
SIDE_EFFECT:2122	Thromboembolic event	Side_Effect::C0857496	MATCHED
SIDE_EFFECT:2123	Oestrogenic effect	Side_Effect::C0877035	MATCHED
SIDE_EFFECT:2124	High cholesterol	Side_Effect::C1522133	MATCHED
SIDE_EFFECT:2125	Retinal vein thrombosis	Side_Effect::C1527411	MATCHED
SIDE_EFFECT:2126	Parkinson's disease aggravated	Side_Effect::C0853008	MATCHED
SIDE_EFFECT:2127	Parkinson's disease	Side_Effect::C0030567	MATCHED
SIDE_EFFECT:2128	Blepharoconjunctivitis	Side_Effect::C0005743	MATCHED
SIDE_EFFECT:2129	Eyelid ptosis	Side_Effect::C0005745	MATCHED
SIDE_EFFECT:213	Uterine rupture	Side_Effect::C0042143	MATCHED
SIDE_EFFECT:2130	Blepharospasm	Side_Effect::C0005747	MATCHED
SIDE_EFFECT:2131	Eyelid disorder	Side_Effect::C0015423	MATCHED
SIDE_EFFECT:2132	Syncope vasovagal	Side_Effect::C0042420	MATCHED
SIDE_EFFECT:2133	Eyelid retraction	Side_Effect::C0234665	MATCHED
SIDE_EFFECT:2134	Erythema of eyelid	Side_Effect::C0239454	MATCHED
SIDE_EFFECT:2135	Corneal erosion	Side_Effect::C0392163	MATCHED
SIDE_EFFECT:2136	Eye discharge	Side_Effect::C0423006	MATCHED
SIDE_EFFECT:2137	Corneal staining	Side_Effect::C0423232	MATCHED
SIDE_EFFECT:2138	Vital dye staining cornea present	Side_Effect::C0855704	MATCHED
SIDE_EFFECT:2139	Eye oedema	Side_Effect::C0743680	MATCHED
SIDE_EFFECT:214	Vaginal inflammation	Side_Effect::C0042267	MATCHED
SIDE_EFFECT:2140	Corneal infiltrates	Side_Effect::C0853336	MATCHED
SIDE_EFFECT:2141	Microhemorrhage	Side_Effect::C0859253	MATCHED
SIDE_EFFECT:2142	Conjunctival follicles	Side_Effect::C0860499	MATCHED
SIDE_EFFECT:2143	Eyelid margin crusting	Side_Effect::C0948294	MATCHED
SIDE_EFFECT:2144	Blanching	Side_Effect::C0948786	MATCHED
SIDE_EFFECT:2145	Angina unstable	Side_Effect::C0002965	MATCHED
SIDE_EFFECT:2146	Peripheral gangrene	Side_Effect::C0151661	MATCHED
SIDE_EFFECT:2147	Coronary artery occlusion	Side_Effect::C0151814	MATCHED
SIDE_EFFECT:2148	Minor bleed	Side_Effect::C3160770	MATCHED
SIDE_EFFECT:2149	Varicella	Side_Effect::C0008049	MATCHED
SIDE_EFFECT:215	Vaginal infection	Side_Effect::C0404521	MATCHED
SIDE_EFFECT:2150	Haemorrhagic disorder	Side_Effect::C0019087	MATCHED
SIDE_EFFECT:2151	Reye's syndrome	Side_Effect::C0035400	MATCHED
SIDE_EFFECT:2152	Ear buzzing	Side_Effect::C0235283	MATCHED
SIDE_EFFECT:2153	Acidemia	Side_Effect::C0268030	MATCHED
SIDE_EFFECT:2154	Arthritic pains	Side_Effect::C0857177	MATCHED
SIDE_EFFECT:2155	Cholestasis intrahepatic	Side_Effect::C0008372	MATCHED
SIDE_EFFECT:2156	Cardiac septal defect	Side_Effect::C0018816	MATCHED
SIDE_EFFECT:2157	Ventricular septal defect	Side_Effect::C0018818	MATCHED
SIDE_EFFECT:2158	Left ventricular failure	Side_Effect::C0023212	MATCHED
SIDE_EFFECT:2159	Mitral valve incompetence	Side_Effect::C0026266	MATCHED
SIDE_EFFECT:216	Vulvitis	Side_Effect::C0042996	MATCHED
SIDE_EFFECT:2160	Sick sinus syndrome	Side_Effect::C0037052	MATCHED
SIDE_EFFECT:2161	Status asthmaticus	Side_Effect::C0038218	MATCHED
SIDE_EFFECT:2162	Systolic hypertension	Side_Effect::C0221155	MATCHED
SIDE_EFFECT:2163	Psoriasis flare-up	Side_Effect::C0235763	MATCHED
SIDE_EFFECT:2164	Myocardial reinfarction	Side_Effect::C0948369	MATCHED
SIDE_EFFECT:2165	ANA increased	Side_Effect::C1610080	MATCHED
SIDE_EFFECT:2166	Antinuclear antibody increased	Side_Effect::C1610056	MATCHED
SIDE_EFFECT:2167	Enteritis	Side_Effect::C0014335	MATCHED
SIDE_EFFECT:2168	Facial paralysis	Side_Effect::C0015469	MATCHED
SIDE_EFFECT:2169	VIIth nerve paralysis	Side_Effect::C0919980	MATCHED
SIDE_EFFECT:217	Bronchoconstriction	Side_Effect::C0079043	MATCHED
SIDE_EFFECT:2170	Myoglobinuria	Side_Effect::C0027080	MATCHED
SIDE_EFFECT:2171	Myoglobin urine present	Side_Effect::C0853875	MATCHED
SIDE_EFFECT:2172	Refraction disorder	Side_Effect::C0034951	MATCHED
SIDE_EFFECT:2173	Tenosynovitis	Side_Effect::C0039520	MATCHED
SIDE_EFFECT:2174	Torticollis	Side_Effect::C0040485	MATCHED
SIDE_EFFECT:2175	Biliary colic	Side_Effect::C0151824	MATCHED
SIDE_EFFECT:2176	Tendinous contracture	Side_Effect::C0158350	MATCHED
SIDE_EFFECT:2177	Mg reduced	Side_Effect::C0240291	MATCHED
SIDE_EFFECT:2178	Blood magnesium decreased	Side_Effect::C0853750	MATCHED
SIDE_EFFECT:2179	Muscle fatigue	Side_Effect::C0242979	MATCHED
SIDE_EFFECT:218	Urinary retention	Side_Effect::C0080274	MATCHED
SIDE_EFFECT:2180	Muscle swelling	Side_Effect::C0281913	MATCHED
SIDE_EFFECT:2181	Forgetfulness	Side_Effect::C0542476	MATCHED
SIDE_EFFECT:2182	Haemorrhagic stroke	Side_Effect::C0553692	MATCHED
SIDE_EFFECT:2183	White blood cells urine positive	Side_Effect::C0555120	MATCHED
SIDE_EFFECT:2184	Ischaemic stroke	Side_Effect::C0948008	MATCHED
SIDE_EFFECT:2185	Immune-mediated necrotising myopathy	Side_Effect::C3267047	MATCHED
SIDE_EFFECT:2186	Anaemia macrocytic	Side_Effect::C0002886	MATCHED
SIDE_EFFECT:2187	Formication	Side_Effect::C0016579	MATCHED
SIDE_EFFECT:2188	Nodular regenerative hyperplasia	Side_Effect::C0020510	MATCHED
SIDE_EFFECT:2189	Lymphoproliferative disorder	Side_Effect::C0024314	MATCHED
SIDE_EFFECT:219	Neck stiffness	Side_Effect::C0151315	MATCHED
SIDE_EFFECT:2190	X-linked lymphoproliferative syndrome	Side_Effect::C0549463	MATCHED
SIDE_EFFECT:2191	Malignant melanoma	Side_Effect::C0025202	MATCHED
SIDE_EFFECT:2192	Panuveitis	Side_Effect::C0030343	MATCHED
SIDE_EFFECT:2193	Peliosis hepatis	Side_Effect::C0030781	MATCHED
SIDE_EFFECT:2194	Hypoplasia erythroid	Side_Effect::C0542035	MATCHED
SIDE_EFFECT:2195	Cervix carcinoma stage 0	Side_Effect::C0851140	MATCHED
SIDE_EFFECT:2196	Cervical dysplasia	Side_Effect::C0007868	MATCHED
SIDE_EFFECT:2197	Sarcoma	Side_Effect::C1261473	MATCHED
SIDE_EFFECT:2198	Hepatosplenic T-cell lymphoma	Side_Effect::C1333984	MATCHED
SIDE_EFFECT:2199	Iridocyclitis	Side_Effect::C0022073	MATCHED
SIDE_EFFECT:22	Dysgeusia	Side_Effect::C0013378	MATCHED
SIDE_EFFECT:220	Musculoskeletal stiffness	Side_Effect::C0948525	MATCHED
SIDE_EFFECT:2200	Vitiligo	Side_Effect::C0042900	MATCHED
SIDE_EFFECT:2201	Keratosis pilaris	Side_Effect::C0263383	MATCHED
SIDE_EFFECT:2202	Phototoxicity	Side_Effect::C1527358	MATCHED
SIDE_EFFECT:2203	Anosmia	Side_Effect::C0003126	MATCHED
SIDE_EFFECT:2204	Rheumatoid arthritis	Side_Effect::C0003873	MATCHED
SIDE_EFFECT:2205	Congenital eye disorder	Side_Effect::C0015393	MATCHED
SIDE_EFFECT:2206	Eye burns	Side_Effect::C0015395	MATCHED
SIDE_EFFECT:2207	Taste bitter	Side_Effect::C0235290	MATCHED
SIDE_EFFECT:2208	Nasal septum perforation	Side_Effect::C0235761	MATCHED
SIDE_EFFECT:2209	Mucosal ulceration	Side_Effect::C0236053	MATCHED
SIDE_EFFECT:221	Nuchal rigidity	Side_Effect::C1320474	MATCHED
SIDE_EFFECT:2210	Nocturnal dyspnoea	Side_Effect::C0344357	MATCHED
SIDE_EFFECT:2211	Nasal burning	Side_Effect::C0542101	MATCHED
SIDE_EFFECT:2212	Burning in throat	Side_Effect::C0562057	MATCHED
SIDE_EFFECT:2213	Taste sweet	Side_Effect::C0858600	MATCHED
SIDE_EFFECT:2214	Paranasal sinus hypersecretion	Side_Effect::C1112369	MATCHED
SIDE_EFFECT:2215	Acquired immunodeficiency syndrome	Side_Effect::C0001175	MATCHED
SIDE_EFFECT:2216	Genetic polymorphism	Side_Effect::C0032529	MATCHED
SIDE_EFFECT:2217	Pyloric stenosis	Side_Effect::C0034194	MATCHED
SIDE_EFFECT:2218	Pertussis	Side_Effect::C0043167	MATCHED
SIDE_EFFECT:2219	Immunocompromised	Side_Effect::C0085393	MATCHED
SIDE_EFFECT:222	Oedema genital	Side_Effect::C0151604	MATCHED
SIDE_EFFECT:2220	Haemoglobin decreased	Side_Effect::C0162119	MATCHED
SIDE_EFFECT:2221	Alkaline phosphatase serum increased	Side_Effect::C0750857	MATCHED
SIDE_EFFECT:2222	Allergic rash	Side_Effect::C0850569	MATCHED
SIDE_EFFECT:2223	Potassium low	Side_Effect::C0860866	MATCHED
SIDE_EFFECT:2224	Sodium decreased	Side_Effect::C0860871	MATCHED
SIDE_EFFECT:2225	Unspecified non-gonococcal urethritis (NGU)	Side_Effect::C1112709	MATCHED
SIDE_EFFECT:2226	Urethritis	Side_Effect::C0041976	MATCHED
SIDE_EFFECT:2227	Sinusitis bacterial	Side_Effect::C1262006	MATCHED
SIDE_EFFECT:2228	Drug-induced hepatitis	Side_Effect::C1262760	MATCHED
SIDE_EFFECT:2229	Drug-induced liver injury	Side_Effect::C0860207	MATCHED
SIDE_EFFECT:223	Eye pain	Side_Effect::C0151827	MATCHED
SIDE_EFFECT:2230	Cross resistance	Side_Effect::C2363980	MATCHED
SIDE_EFFECT:2231	Pathogen resistance	Side_Effect::C0853847	MATCHED
SIDE_EFFECT:2232	Coombs test positive	Side_Effect::C0239113	MATCHED
SIDE_EFFECT:2233	Ventricular bigeminy	Side_Effect::C0262662	MATCHED
SIDE_EFFECT:2234	Dysautonomia	Side_Effect::C0013363	MATCHED
SIDE_EFFECT:2235	Autonomic nervous system imbalance	Side_Effect::C0262385	MATCHED
SIDE_EFFECT:2236	Hysteria	Side_Effect::C0020701	MATCHED
SIDE_EFFECT:2237	Conversion disorder	Side_Effect::C0009946	MATCHED
SIDE_EFFECT:2238	Lack of drug effect	Side_Effect::C0151810	MATCHED
SIDE_EFFECT:2239	Opisthotonus	Side_Effect::C0151818	MATCHED
SIDE_EFFECT:224	Skin discolouration	Side_Effect::C0151907	MATCHED
SIDE_EFFECT:2240	Hypogeusia	Side_Effect::C0151934	MATCHED
SIDE_EFFECT:2241	Urination impaired	Side_Effect::C0231365	MATCHED
SIDE_EFFECT:2242	Ankle edema	Side_Effect::C0235439	MATCHED
SIDE_EFFECT:2243	Wound dehiscence	Side_Effect::C0259768	MATCHED
SIDE_EFFECT:2244	Exhaustion	Side_Effect::C0392674	MATCHED
SIDE_EFFECT:2245	Bladder spasm	Side_Effect::C0426390	MATCHED
SIDE_EFFECT:2246	Blood in stool	Side_Effect::C1321898	MATCHED
SIDE_EFFECT:2247	Hyperadrenocorticism	Side_Effect::C0001622	MATCHED
SIDE_EFFECT:2248	Cushing's syndrome	Side_Effect::C0010481	MATCHED
SIDE_EFFECT:2249	Oropharyngeal candidiasis	Side_Effect::C0919659	MATCHED
SIDE_EFFECT:225	Chest tightness	Side_Effect::C0232292	MATCHED
SIDE_EFFECT:2250	Perennial allergic rhinitis	Side_Effect::C0035457	MATCHED
SIDE_EFFECT:2251	Rhinitis perennial	Side_Effect::C0848309	MATCHED
SIDE_EFFECT:2252	Nasal septum ulceration	Side_Effect::C0264268	MATCHED
SIDE_EFFECT:2253	Candida albicans infection	Side_Effect::C0276680	MATCHED
SIDE_EFFECT:2254	Pemphigus	Side_Effect::C0030807	MATCHED
SIDE_EFFECT:2255	Lipoedema	Side_Effect::C0398370	MATCHED
SIDE_EFFECT:2256	Lip oedema	Side_Effect::C0541923	MATCHED
SIDE_EFFECT:2257	Small bowel angioedema	Side_Effect::C0948050	MATCHED
SIDE_EFFECT:2258	Hepatic encephalopathy	Side_Effect::C0019151	MATCHED
SIDE_EFFECT:2259	Hypocalciuria	Side_Effect::C0020599	MATCHED
SIDE_EFFECT:226	Chest discomfort	Side_Effect::C0235710	MATCHED
SIDE_EFFECT:2260	Burning mouth	Side_Effect::C0877717	MATCHED
SIDE_EFFECT:2261	Allergic urticaria	Side_Effect::C0149526	MATCHED
SIDE_EFFECT:2262	Heat stroke	Side_Effect::C0018843	MATCHED
SIDE_EFFECT:2263	Hallucination, visual	Side_Effect::C0233763	MATCHED
SIDE_EFFECT:2264	Numbness in fingers	Side_Effect::C0587054	MATCHED
SIDE_EFFECT:2265	Skin sensitisation	Side_Effect::C2939094	MATCHED
SIDE_EFFECT:2266	Neurogenic bladder	Side_Effect::C0005697	MATCHED
SIDE_EFFECT:2267	Lyme disease	Side_Effect::C0024198	MATCHED
SIDE_EFFECT:2268	Periostitis	Side_Effect::C0031111	MATCHED
SIDE_EFFECT:2269	Relapsing fever	Side_Effect::C0035021	MATCHED
SIDE_EFFECT:227	Vaginal pain	Side_Effect::C0236082	MATCHED
SIDE_EFFECT:2270	Tongue hairy	Side_Effect::C0040414	MATCHED
SIDE_EFFECT:2271	Eosinophiluria	Side_Effect::C0239276	MATCHED
SIDE_EFFECT:2272	Numbness of limbs	Side_Effect::C0239375	MATCHED
SIDE_EFFECT:2273	Coombs positive haemolytic anaemia	Side_Effect::C0520736	MATCHED
SIDE_EFFECT:2274	Aggravation of existing disorder	Side_Effect::C0541766	MATCHED
SIDE_EFFECT:2275	Sodium high	Side_Effect::C0595879	MATCHED
SIDE_EFFECT:2276	Blood sodium increased	Side_Effect::C0595878	MATCHED
SIDE_EFFECT:2277	Platelet dysfunction	Side_Effect::C0679429	MATCHED
SIDE_EFFECT:2278	Hoigne's syndrome	Side_Effect::C1167750	MATCHED
SIDE_EFFECT:2279	Lip swelling	Side_Effect::C0240211	MATCHED
SIDE_EFFECT:228	Vulvovaginal pain	Side_Effect::C0520588	MATCHED
SIDE_EFFECT:2280	Acute myocardial infarction	Side_Effect::C0155626	MATCHED
SIDE_EFFECT:2281	Hypertrophic cardiomyopathy	Side_Effect::C0007194	MATCHED
SIDE_EFFECT:2283	Birth weight low	Side_Effect::C0024032	MATCHED
SIDE_EFFECT:2284	Low birth weight baby	Side_Effect::C1963897	MATCHED
SIDE_EFFECT:2285	Muscle atrophy	Side_Effect::C0026846	MATCHED
SIDE_EFFECT:2286	Necrosis ischaemic	Side_Effect::C0027543	MATCHED
SIDE_EFFECT:2287	Retinopathy of prematurity	Side_Effect::C0035344	MATCHED
SIDE_EFFECT:2288	Tuberculosis	Side_Effect::C0041296	MATCHED
SIDE_EFFECT:2289	Oesophageal candidiasis	Side_Effect::C0239295	MATCHED
SIDE_EFFECT:229	Breast tenderness	Side_Effect::C0262397	MATCHED
SIDE_EFFECT:2290	Proximal myopathy	Side_Effect::C0410198	MATCHED
SIDE_EFFECT:2291	Scleral thinning	Side_Effect::C0423273	MATCHED
SIDE_EFFECT:2292	Polymorphonuclear leukocytosis	Side_Effect::C0856808	MATCHED
SIDE_EFFECT:2293	Posterior subcapsular cataract	Side_Effect::C0858617	MATCHED
SIDE_EFFECT:2294	Pupils unequal	Side_Effect::C0003079	MATCHED
SIDE_EFFECT:2295	Asthenopia	Side_Effect::C0004095	MATCHED
SIDE_EFFECT:2296	Conjunctival disorder	Side_Effect::C0009759	MATCHED
SIDE_EFFECT:2297	Panophthalmitis	Side_Effect::C0030332	MATCHED
SIDE_EFFECT:2298	Thyrotoxicosis	Side_Effect::C0040156	MATCHED
SIDE_EFFECT:2299	Lacrimation abnormal NOS	Side_Effect::C0235901	MATCHED
SIDE_EFFECT:23	Dyspepsia	Side_Effect::C0013395	MATCHED
SIDE_EFFECT:230	Failed induction of labour	Side_Effect::C0269806	MATCHED
SIDE_EFFECT:2300	Purpura non-thrombocytopenic	Side_Effect::C0242461	MATCHED
SIDE_EFFECT:2301	Cardiac failure acute	Side_Effect::C0264714	MATCHED
SIDE_EFFECT:2302	Abnormal sensation in eye	Side_Effect::C0497201	MATCHED
SIDE_EFFECT:2303	Corneal sensitivity decreased	Side_Effect::C0859996	MATCHED
SIDE_EFFECT:2304	Hypoaesthesia eye	Side_Effect::C0854097	MATCHED
SIDE_EFFECT:2305	Bizarre dreams	Side_Effect::C0860645	MATCHED
SIDE_EFFECT:2306	Fibroadenosis of breast	Side_Effect::C1305875	MATCHED
SIDE_EFFECT:2307	Fibroadenoma of breast	Side_Effect::C0178421	MATCHED
SIDE_EFFECT:2308	Breast abscess	Side_Effect::C0151463	MATCHED
SIDE_EFFECT:2309	Vitreous disorder	Side_Effect::C0155365	MATCHED
SIDE_EFFECT:231	Uterine hypertonus	Side_Effect::C0269842	MATCHED
SIDE_EFFECT:2310	Borborygmi	Side_Effect::C0232693	MATCHED
SIDE_EFFECT:2311	Gastrointestinal carcinoma	Side_Effect::C0151544	MATCHED
SIDE_EFFECT:2312	Iron deficiency anaemia	Side_Effect::C0162316	MATCHED
SIDE_EFFECT:2313	Yellow skin	Side_Effect::C0558148	MATCHED
SIDE_EFFECT:2314	Hypertransaminasaemia	Side_Effect::C2242708	MATCHED
SIDE_EFFECT:2315	Abdominal spasm	Side_Effect::C0948733	MATCHED
SIDE_EFFECT:2316	Abdominal rigidity	Side_Effect::C0159066	MATCHED
SIDE_EFFECT:2317	Scleroderma	Side_Effect::C0011644	MATCHED
SIDE_EFFECT:2318	Renal colic	Side_Effect::C0152169	MATCHED
SIDE_EFFECT:2319	Epigastric pain not food-related	Side_Effect::C0235296	MATCHED
SIDE_EFFECT:232	Vision blurred	Side_Effect::C0344232	MATCHED
SIDE_EFFECT:2320	Raynaud-like disorder	Side_Effect::C0235492	MATCHED
SIDE_EFFECT:2321	Raynaud's phenomenon	Side_Effect::C0034735	MATCHED
SIDE_EFFECT:2322	Vein disorder	Side_Effect::C0235522	MATCHED
SIDE_EFFECT:2323	Respiratory tract haemorrhage	Side_Effect::C0235560	MATCHED
SIDE_EFFECT:2324	Overdose effect	Side_Effect::C0235822	MATCHED
SIDE_EFFECT:2325	Purine metabolism disorder	Side_Effect::C0268104	MATCHED
SIDE_EFFECT:2326	Serum triglycerides increased	Side_Effect::C0813230	MATCHED
SIDE_EFFECT:2327	Respiratory tract oedema	Side_Effect::C2939062	MATCHED
SIDE_EFFECT:2328	Anginal attack	Side_Effect::C0235462	MATCHED
SIDE_EFFECT:2329	Supine hypotension	Side_Effect::C3160766	MATCHED
SIDE_EFFECT:233	Postoperative infection	Side_Effect::C0392618	MATCHED
SIDE_EFFECT:2330	Inferior vena cava syndrome	Side_Effect::C0265072	MATCHED
SIDE_EFFECT:2331	Conjunctivitis allergic	Side_Effect::C0009766	MATCHED
SIDE_EFFECT:2332	Developmental glaucoma	Side_Effect::C0020302	MATCHED
SIDE_EFFECT:2333	Rosacea	Side_Effect::C0035854	MATCHED
SIDE_EFFECT:2334	Anterior uveitis	Side_Effect::C0042165	MATCHED
SIDE_EFFECT:2335	Vitreous detachment	Side_Effect::C0042907	MATCHED
SIDE_EFFECT:2336	Follicular conjunctivitis	Side_Effect::C0221384	MATCHED
SIDE_EFFECT:2337	Burning sensation in eye	Side_Effect::C0234655	MATCHED
SIDE_EFFECT:2338	Skin warm	Side_Effect::C0235218	MATCHED
SIDE_EFFECT:2339	Eye redness	Side_Effect::C0235267	MATCHED
SIDE_EFFECT:234	Post procedural infection	Side_Effect::C1868855	MATCHED
SIDE_EFFECT:2340	Eyelids pruritus	Side_Effect::C0849918	MATCHED
SIDE_EFFECT:2341	Ocular stinging	Side_Effect::C0863079	MATCHED
SIDE_EFFECT:2342	Skin discomfort	Side_Effect::C0863084	MATCHED
SIDE_EFFECT:2343	Conjunctival discharge	Side_Effect::C0948288	MATCHED
SIDE_EFFECT:2344	Systemic allergic reaction	Side_Effect::C1736167	MATCHED
SIDE_EFFECT:2345	Anterograde amnesia	Side_Effect::C0233795	MATCHED
SIDE_EFFECT:2346	Blood glucose decreased	Side_Effect::C0595883	MATCHED
SIDE_EFFECT:2347	White blood cell count decreased	Side_Effect::C0750394	MATCHED
SIDE_EFFECT:2348	Alertness decreased	Side_Effect::C0877609	MATCHED
SIDE_EFFECT:2349	Acromegaly	Side_Effect::C0001206	MATCHED
SIDE_EFFECT:235	Death neonatal	Side_Effect::C0410916	MATCHED
SIDE_EFFECT:2350	Cerebrospinal fluid rhinorrhea	Side_Effect::C0007815	MATCHED
SIDE_EFFECT:2351	Cerebrospinal fluid leakage	Side_Effect::C0023182	MATCHED
SIDE_EFFECT:2352	Type 2 diabetes mellitus	Side_Effect::C0011860	MATCHED
SIDE_EFFECT:2353	Ergot poisoning	Side_Effect::C0014714	MATCHED
SIDE_EFFECT:2354	Erythromelalgia	Side_Effect::C0014804	MATCHED
SIDE_EFFECT:2355	Impulse-control disorder	Side_Effect::C0021122	MATCHED
SIDE_EFFECT:2356	Secondary parkinsonism	Side_Effect::C0030569	MATCHED
SIDE_EFFECT:2357	Pericarditis constrictive	Side_Effect::C0031048	MATCHED
SIDE_EFFECT:2358	Retroperitoneal fibrosis	Side_Effect::C0035357	MATCHED
SIDE_EFFECT:2359	Gastrointestinal ulcer	Side_Effect::C0237938	MATCHED
SIDE_EFFECT:236	Vasovagal symptoms	Side_Effect::C0424535	MATCHED
SIDE_EFFECT:2360	Pallor facial	Side_Effect::C0239513	MATCHED
SIDE_EFFECT:2361	Pleural thickening	Side_Effect::C0264545	MATCHED
SIDE_EFFECT:2362	Pleural fibrosis	Side_Effect::C2720436	MATCHED
SIDE_EFFECT:2363	Superior sagittal sinus thrombosis	Side_Effect::C0338575	MATCHED
SIDE_EFFECT:2364	Cold feet	Side_Effect::C0424741	MATCHED
SIDE_EFFECT:2365	Neoplasm recurrence	Side_Effect::C0521158	MATCHED
SIDE_EFFECT:2366	Binge eating	Side_Effect::C0596170	MATCHED
SIDE_EFFECT:2367	Excessive daytime sleepiness	Side_Effect::C0694563	MATCHED
SIDE_EFFECT:2368	Sudden onset of sleep	Side_Effect::C0919582	MATCHED
SIDE_EFFECT:2369	Malignant syndrome NOS	Side_Effect::C0948281	MATCHED
SIDE_EFFECT:237	Presyncope	Side_Effect::C0700200	MATCHED
SIDE_EFFECT:2370	Psychiatric symptom	Side_Effect::C0233401	MATCHED
SIDE_EFFECT:2371	Anus disorder	Side_Effect::C0003462	MATCHED
SIDE_EFFECT:2372	Allergic granulomatous angiitis	Side_Effect::C0008728	MATCHED
SIDE_EFFECT:2373	Pharyngeal disorder	Side_Effect::C0031345	MATCHED
SIDE_EFFECT:2374	Red blood cell sedimentation rate increased	Side_Effect::C0151632	MATCHED
SIDE_EFFECT:2375	Hair growth increased	Side_Effect::C0232410	MATCHED
SIDE_EFFECT:2376	Hair growth abnormal	Side_Effect::C0232409	MATCHED
SIDE_EFFECT:2377	Lymphadenopathy cervical	Side_Effect::C0235592	MATCHED
SIDE_EFFECT:2378	Cushingoid	Side_Effect::C0332601	MATCHED
SIDE_EFFECT:2379	C-reactive protein increased	Side_Effect::C0742906	MATCHED
SIDE_EFFECT:238	Vaginal irritation	Side_Effect::C0558368	MATCHED
SIDE_EFFECT:2380	Ear pruritus	Side_Effect::C0849907	MATCHED
SIDE_EFFECT:2381	Blood cortisol decreased	Side_Effect::C0852792	MATCHED
SIDE_EFFECT:2382	Cholestasis extrahepatic	Side_Effect::C0005398	MATCHED
SIDE_EFFECT:2383	Premature ejaculation	Side_Effect::C0033038	MATCHED
SIDE_EFFECT:2384	Nipple tenderness	Side_Effect::C0240521	MATCHED
SIDE_EFFECT:2385	Serum amylase increased	Side_Effect::C0476327	MATCHED
SIDE_EFFECT:2386	Glucose urine increased	Side_Effect::C0863147	MATCHED
SIDE_EFFECT:2387	Anterior spinal artery syndrome	Side_Effect::C0221069	MATCHED
SIDE_EFFECT:2388	Rectal discharge	Side_Effect::C0221780	MATCHED
SIDE_EFFECT:2389	Vasoconstriction peripheral	Side_Effect::C0235248	MATCHED
SIDE_EFFECT:239	Vulvovaginal discomfort	Side_Effect::C0520587	MATCHED
SIDE_EFFECT:2390	Vasoconstriction	Side_Effect::C1456863	MATCHED
SIDE_EFFECT:2391	Dyschezia	Side_Effect::C0237326	MATCHED
SIDE_EFFECT:2392	Peripheral nerve injury	Side_Effect::C0262593	MATCHED
SIDE_EFFECT:2393	Extradural abscess	Side_Effect::C0270629	MATCHED
SIDE_EFFECT:2394	Chondrolysis	Side_Effect::C0343263	MATCHED
SIDE_EFFECT:2395	Anal haemorrhage	Side_Effect::C0426747	MATCHED
SIDE_EFFECT:2396	Total spinal block	Side_Effect::C0456677	MATCHED
SIDE_EFFECT:2397	Spinal anaesthesia	Side_Effect::C0002928	MATCHED
SIDE_EFFECT:2398	Numbness of tongue	Side_Effect::C0520559	MATCHED
SIDE_EFFECT:2399	Oxygen saturation decreased	Side_Effect::C0746961	MATCHED
SIDE_EFFECT:24	Dyspnoea	Side_Effect::C0013404	MATCHED
SIDE_EFFECT:240	Stillbirth	Side_Effect::C0595939	MATCHED
SIDE_EFFECT:2400	Needle injury	Side_Effect::C0854679	MATCHED
SIDE_EFFECT:2401	Injury associated with device	Side_Effect::C2747853	MATCHED
SIDE_EFFECT:2402	Procedural hypotension	Side_Effect::C1262109	MATCHED
SIDE_EFFECT:2403	Procedural hypertension	Side_Effect::C1328332	MATCHED
SIDE_EFFECT:2404	Incision site oedema	Side_Effect::C1698400	MATCHED
SIDE_EFFECT:2405	Post procedural swelling	Side_Effect::C1737224	MATCHED
SIDE_EFFECT:2406	Procedural nausea	Side_Effect::C1868752	MATCHED
SIDE_EFFECT:2407	Hypoesthesia tongue	Side_Effect::C2939427	MATCHED
SIDE_EFFECT:2408	Drug toxicity	Side_Effect::C0013221	MATCHED
SIDE_EFFECT:2409	Horner's syndrome	Side_Effect::C0019937	MATCHED
SIDE_EFFECT:241	Hot flush	Side_Effect::C0600142	MATCHED
SIDE_EFFECT:2410	Postoperative pain	Side_Effect::C0030201	MATCHED
SIDE_EFFECT:2411	Delayed delivery	Side_Effect::C0235863	MATCHED
SIDE_EFFECT:2412	Haemorrhage in pregnancy	Side_Effect::C0269596	MATCHED
SIDE_EFFECT:2413	Wound discharge increased	Side_Effect::C0549389	MATCHED
SIDE_EFFECT:2414	Urine flow decreased	Side_Effect::C0549418	MATCHED
SIDE_EFFECT:2415	Fasciculation	Side_Effect::C0015644	MATCHED
SIDE_EFFECT:2416	Wakefulness	Side_Effect::C0043012	MATCHED
SIDE_EFFECT:2417	Sedation	Side_Effect::C0235195	MATCHED
SIDE_EFFECT:2418	Wenckebach phenomenon	Side_Effect::C0264907	MATCHED
SIDE_EFFECT:2419	Asthma aggravated	Side_Effect::C0549336	MATCHED
SIDE_EFFECT:242	Menopausal symptoms	Side_Effect::C0236075	MATCHED
SIDE_EFFECT:2420	Unspecified circulatory system disorder	Side_Effect::C0728936	MATCHED
SIDE_EFFECT:2421	Aphonia	Side_Effect::C0003564	MATCHED
SIDE_EFFECT:2422	Claustrophobia	Side_Effect::C0008909	MATCHED
SIDE_EFFECT:2423	Cold intolerance	Side_Effect::C0009269	MATCHED
SIDE_EFFECT:2424	Dissociative disorder	Side_Effect::C0012746	MATCHED
SIDE_EFFECT:2425	Irritable bowel syndrome	Side_Effect::C0022104	MATCHED
SIDE_EFFECT:2426	Cogwheel rigidity	Side_Effect::C0151564	MATCHED
SIDE_EFFECT:2427	Ejaculation delayed	Side_Effect::C0234047	MATCHED
SIDE_EFFECT:2428	Dysosmia	Side_Effect::C0235287	MATCHED
SIDE_EFFECT:2429	Burning tongue	Side_Effect::C0241426	MATCHED
SIDE_EFFECT:243	Sweating increased	Side_Effect::C0700590	MATCHED
SIDE_EFFECT:2430	Pelvic inflammatory disease	Side_Effect::C0242172	MATCHED
SIDE_EFFECT:2431	Nail thinning	Side_Effect::C0423823	MATCHED
SIDE_EFFECT:2432	Decreased interest	Side_Effect::C0424091	MATCHED
SIDE_EFFECT:2433	Difficulty thinking	Side_Effect::C0541882	MATCHED
SIDE_EFFECT:2434	Tunnel vision	Side_Effect::C2937228	MATCHED
SIDE_EFFECT:2435	Addison's disease	Side_Effect::C0001403	MATCHED
SIDE_EFFECT:2436	Anhidrosis	Side_Effect::C0003028	MATCHED
SIDE_EFFECT:2437	Cytopenia	Side_Effect::C0010828	MATCHED
SIDE_EFFECT:2438	Varices oesophageal	Side_Effect::C0014867	MATCHED
SIDE_EFFECT:2439	Hypogonadism	Side_Effect::C0020619	MATCHED
SIDE_EFFECT:244	Hyperhidrosis	Side_Effect::C0020458	MATCHED
SIDE_EFFECT:2440	Chronic phase chronic myeloid leukemia	Side_Effect::C0023474	MATCHED
SIDE_EFFECT:2441	Delayed puberty	Side_Effect::C0034012	MATCHED
SIDE_EFFECT:2442	Pulmonary valve incompetence	Side_Effect::C0034088	MATCHED
SIDE_EFFECT:2443	Fever chills	Side_Effect::C0085594	MATCHED
SIDE_EFFECT:2444	Cheilosis	Side_Effect::C0221264	MATCHED
SIDE_EFFECT:2445	Melanoderma	Side_Effect::C0221436	MATCHED
SIDE_EFFECT:2446	Femoral artery thrombosis	Side_Effect::C0235520	MATCHED
SIDE_EFFECT:2447	Peripheral artery thrombosis	Side_Effect::C1407280	MATCHED
SIDE_EFFECT:2448	Lung fibrosis interstitial	Side_Effect::C0240035	MATCHED
SIDE_EFFECT:2449	Pulmonary ossification	Side_Effect::C0264523	MATCHED
SIDE_EFFECT:245	Hearing impaired	Side_Effect::C1384666	MATCHED
SIDE_EFFECT:2450	Dystrophic calcification	Side_Effect::C0333582	MATCHED
SIDE_EFFECT:2451	Dysplasia	Side_Effect::C0334044	MATCHED
SIDE_EFFECT:2452	Anxiety depression	Side_Effect::C0338908	MATCHED
SIDE_EFFECT:2453	Organ failure	Side_Effect::C0349410	MATCHED
SIDE_EFFECT:2454	Haematological malignancy	Side_Effect::C0376545	MATCHED
SIDE_EFFECT:2455	Discomfort rectal	Side_Effect::C0541887	MATCHED
SIDE_EFFECT:2456	Endocardial fibrosis	Side_Effect::C0553980	MATCHED
SIDE_EFFECT:2457	Restrictive cardiomyopathy	Side_Effect::C0007196	MATCHED
SIDE_EFFECT:2458	Dry cough	Side_Effect::C0850149	MATCHED
SIDE_EFFECT:2459	Acute graft versus host disease	Side_Effect::C0856825	MATCHED
SIDE_EFFECT:246	Deafness	Side_Effect::C0011053	MATCHED
SIDE_EFFECT:2460	Chronic graft versus host disease	Side_Effect::C0867389	MATCHED
SIDE_EFFECT:2461	Cytomegalovirus viraemia	Side_Effect::C0877635	MATCHED
SIDE_EFFECT:2462	Anal discomfort	Side_Effect::C0948484	MATCHED
SIDE_EFFECT:2463	Hyperuricosuria	Side_Effect::C0948643	MATCHED
SIDE_EFFECT:2464	Corneal thinning	Side_Effect::C1096274	MATCHED
SIDE_EFFECT:2465	Thrombotic microangiopathy	Side_Effect::C2717961	MATCHED
SIDE_EFFECT:2466	Muscle relaxation	Side_Effect::C0026836	MATCHED
SIDE_EFFECT:2467	Drug effect increased	Side_Effect::C0151730	MATCHED
SIDE_EFFECT:2468	Floating feeling	Side_Effect::C0235131	MATCHED
SIDE_EFFECT:2469	Nasal pain	Side_Effect::C0240564	MATCHED
SIDE_EFFECT:247	Vaginismus	Side_Effect::C2004487	MATCHED
SIDE_EFFECT:2470	Rhinalgia	Side_Effect::C0948070	MATCHED
SIDE_EFFECT:2471	Drug effect prolonged	Side_Effect::C0392167	MATCHED
SIDE_EFFECT:2472	Congenital genitourinary abnormality	Side_Effect::C0042063	MATCHED
SIDE_EFFECT:2473	Failure to thrive	Side_Effect::C0015544	MATCHED
SIDE_EFFECT:2474	Skin breakdown	Side_Effect::C0150077	MATCHED
SIDE_EFFECT:2475	Necrotizing enterocolitis	Side_Effect::C0520459	MATCHED
SIDE_EFFECT:2476	Necrotising enterocolitis neonatal	Side_Effect::C1442826	MATCHED
SIDE_EFFECT:2477	Stroke volume increased	Side_Effect::C0520872	MATCHED
SIDE_EFFECT:2478	Ca++ increased	Side_Effect::C0553702	MATCHED
SIDE_EFFECT:2479	Infusion site phlebitis	Side_Effect::C1096460	MATCHED
SIDE_EFFECT:248	Arthritis	Side_Effect::C0003864	MATCHED
SIDE_EFFECT:2480	Infusion site inflammation	Side_Effect::C1112470	MATCHED
SIDE_EFFECT:2481	Thyroxine decreased	Side_Effect::C1295666	MATCHED
SIDE_EFFECT:2482	Brain hypoxia	Side_Effect::C1527348	MATCHED
SIDE_EFFECT:2483	Atrioventricular dissociation	Side_Effect::C0004331	MATCHED
SIDE_EFFECT:2484	Oligomenorrhoea	Side_Effect::C0028949	MATCHED
SIDE_EFFECT:2485	Allergy aggravated	Side_Effect::C0235893	MATCHED
SIDE_EFFECT:2486	Macule	Side_Effect::C0332573	MATCHED
SIDE_EFFECT:2487	Idiopathic hypertrophic subaortic stenosis	Side_Effect::C0700053	MATCHED
SIDE_EFFECT:2488	Hypotension asymptomatic	Side_Effect::C0740481	MATCHED
SIDE_EFFECT:2489	Blood prolactin increased	Side_Effect::C0854082	MATCHED
SIDE_EFFECT:249	Ascites	Side_Effect::C0003962	MATCHED
SIDE_EFFECT:2490	Hepatitis symptom	Side_Effect::C0858814	MATCHED
SIDE_EFFECT:2491	Koebner phenomenon	Side_Effect::C0263367	MATCHED
SIDE_EFFECT:2492	Brown tumour	Side_Effect::C0029405	MATCHED
SIDE_EFFECT:2493	High turnover osteopathy	Side_Effect::C1262165	MATCHED
SIDE_EFFECT:2494	Neutrophil count increased	Side_Effect::C0151683	MATCHED
SIDE_EFFECT:2495	Calcification metastatic	Side_Effect::C0221255	MATCHED
SIDE_EFFECT:2496	Haematocrit increased	Side_Effect::C0239935	MATCHED
SIDE_EFFECT:2497	Plaque psoriasis	Side_Effect::C0406317	MATCHED
SIDE_EFFECT:2498	Haemoglobin increased	Side_Effect::C0549448	MATCHED
SIDE_EFFECT:2499	Calcium intoxication	Side_Effect::C0595876	MATCHED
SIDE_EFFECT:25	Rash	Side_Effect::C0015230	MATCHED
SIDE_EFFECT:250	Cellulitis	Side_Effect::C0007642	MATCHED
SIDE_EFFECT:2500	Serum calcium increased	Side_Effect::C0595928	MATCHED
SIDE_EFFECT:2501	Chronic kidney disease	Side_Effect::C1561643	MATCHED
SIDE_EFFECT:2502	Excessive thirst	Side_Effect::C1994994	MATCHED
SIDE_EFFECT:2503	Hepatitis A	Side_Effect::C0019159	MATCHED
SIDE_EFFECT:2504	Cutaneous lupus erythematosus	Side_Effect::C0024137	MATCHED
SIDE_EFFECT:2505	NPN increased	Side_Effect::C0028173	MATCHED
SIDE_EFFECT:2506	Otitis	Side_Effect::C0029877	MATCHED
SIDE_EFFECT:2507	Brown urine	Side_Effect::C1142277	MATCHED
SIDE_EFFECT:2508	HIV associated nephropathy	Side_Effect::C0078911	MATCHED
SIDE_EFFECT:2509	Application site oedema	Side_Effect::C0234936	MATCHED
SIDE_EFFECT:251	Neck pain	Side_Effect::C0007859	MATCHED
SIDE_EFFECT:2510	Burns second degree	Side_Effect::C0332687	MATCHED
SIDE_EFFECT:2511	Application site warmth	Side_Effect::C0858794	MATCHED
SIDE_EFFECT:2512	Application site haematoma	Side_Effect::C0877095	MATCHED
SIDE_EFFECT:2513	Application site paraesthesia	Side_Effect::C0877096	MATCHED
SIDE_EFFECT:2514	Application site vesicles	Side_Effect::C0877097	MATCHED
SIDE_EFFECT:2515	Application site inflammation	Side_Effect::C0877126	MATCHED
SIDE_EFFECT:2516	Application site papules	Side_Effect::C0877127	MATCHED
SIDE_EFFECT:2517	Application site burn	Side_Effect::C0877661	MATCHED
SIDE_EFFECT:2518	Application site hyperaesthesia	Side_Effect::C0919600	MATCHED
SIDE_EFFECT:2519	Application site urticaria	Side_Effect::C0919603	MATCHED
SIDE_EFFECT:252	Collagen disorder	Side_Effect::C0009326	MATCHED
SIDE_EFFECT:2520	Application site swelling	Side_Effect::C1096001	MATCHED
SIDE_EFFECT:2521	Application site exfoliation	Side_Effect::C1610049	MATCHED
SIDE_EFFECT:2522	Patent ductus arteriosus	Side_Effect::C0013274	MATCHED
SIDE_EFFECT:2523	Microsomia	Side_Effect::C0015934	MATCHED
SIDE_EFFECT:2524	Renovascular hypertension	Side_Effect::C0020545	MATCHED
SIDE_EFFECT:2525	Oligohydramnios	Side_Effect::C0079924	MATCHED
SIDE_EFFECT:2526	Scald	Side_Effect::C0332691	MATCHED
SIDE_EFFECT:2527	Serum potassium increased	Side_Effect::C0553704	MATCHED
SIDE_EFFECT:2528	Blood potassium increased	Side_Effect::C0853760	MATCHED
SIDE_EFFECT:2529	Hyponatraemic	Side_Effect::C0857122	MATCHED
SIDE_EFFECT:253	Connective tissue disorder	Side_Effect::C0009782	MATCHED
SIDE_EFFECT:2530	Persistent dry cough	Side_Effect::C0857172	MATCHED
SIDE_EFFECT:2531	Irreversible renal failure	Side_Effect::C0860433	MATCHED
SIDE_EFFECT:2532	Skull hypoplasia	Side_Effect::C1390484	MATCHED
SIDE_EFFECT:2533	Blood pressure normal	Side_Effect::C2712122	MATCHED
SIDE_EFFECT:2534	Retinal detachment	Side_Effect::C0035305	MATCHED
SIDE_EFFECT:2535	Bullous keratopathy	Side_Effect::C0155111	MATCHED
SIDE_EFFECT:2536	Ciliary muscle spasm	Side_Effect::C0235229	MATCHED
SIDE_EFFECT:2537	Adams-Stokes syndrome	Side_Effect::C0001396	MATCHED
SIDE_EFFECT:2538	Arterial insufficiency	Side_Effect::C0003834	MATCHED
SIDE_EFFECT:2539	Bone metabolism disorder	Side_Effect::C0005944	MATCHED
SIDE_EFFECT:254	Cyanosis	Side_Effect::C0010520	MATCHED
SIDE_EFFECT:2540	Enzyme induction	Side_Effect::C0014431	MATCHED
SIDE_EFFECT:2541	Folate deficiency	Side_Effect::C0016412	MATCHED
SIDE_EFFECT:2542	Neurodermatitis	Side_Effect::C0027822	MATCHED
SIDE_EFFECT:2543	Eye movement disorder	Side_Effect::C0028850	MATCHED
SIDE_EFFECT:2544	Osteopenia	Side_Effect::C0029453	MATCHED
SIDE_EFFECT:2545	Rage	Side_Effect::C0034634	MATCHED
SIDE_EFFECT:2546	Choreoathetosis	Side_Effect::C0085583	MATCHED
SIDE_EFFECT:2547	Hypogammaglobulinaemia	Side_Effect::C0086438	MATCHED
SIDE_EFFECT:2548	Orofacial dyskinesia	Side_Effect::C0152115	MATCHED
SIDE_EFFECT:2549	Testicular atrophy	Side_Effect::C0156312	MATCHED
SIDE_EFFECT:255	Eczema	Side_Effect::C0013595	MATCHED
SIDE_EFFECT:2550	Ketonuria	Side_Effect::C0162275	MATCHED
SIDE_EFFECT:2551	Variegate porphyria	Side_Effect::C0162532	MATCHED
SIDE_EFFECT:2552	Porphyria acute	Side_Effect::C0162565	MATCHED
SIDE_EFFECT:2553	Porphyria hepatic	Side_Effect::C0162533	MATCHED
SIDE_EFFECT:2554	Onychomadesis	Side_Effect::C0263540	MATCHED
SIDE_EFFECT:2555	Acute retention of urine	Side_Effect::C0341742	MATCHED
SIDE_EFFECT:2556	Spermatogenesis abnormal	Side_Effect::C0520933	MATCHED
SIDE_EFFECT:2557	Coronary artery insufficiency	Side_Effect::C0542052	MATCHED
SIDE_EFFECT:2558	Plasma osmolality decreased	Side_Effect::C0549376	MATCHED
SIDE_EFFECT:2559	Blood osmolarity decreased	Side_Effect::C0853755	MATCHED
SIDE_EFFECT:256	Endocrine disorder	Side_Effect::C0014130	MATCHED
SIDE_EFFECT:2560	Delayed gastric emptying	Side_Effect::C0740411	MATCHED
SIDE_EFFECT:2561	High density lipoprotein increased	Side_Effect::C0853084	MATCHED
SIDE_EFFECT:2562	Sperm count decreased	Side_Effect::C0853711	MATCHED
SIDE_EFFECT:2563	Sperm concentration decreased	Side_Effect::C3160771	MATCHED
SIDE_EFFECT:2564	Human herpesvirus 6 infection	Side_Effect::C0854530	MATCHED
SIDE_EFFECT:2565	Coronary artery disease aggravated	Side_Effect::C0856171	MATCHED
SIDE_EFFECT:2566	Plasma calcium decreased	Side_Effect::C0858093	MATCHED
SIDE_EFFECT:2567	Coordination disturbance	Side_Effect::C0858589	MATCHED
SIDE_EFFECT:2568	Bone density decreased	Side_Effect::C0877225	MATCHED
SIDE_EFFECT:2569	Vanishing bile duct syndrome	Side_Effect::C1096272	MATCHED
SIDE_EFFECT:257	Epistaxis	Side_Effect::C0014591	MATCHED
SIDE_EFFECT:2570	Jaundice hepatocellular	Side_Effect::C1262535	MATCHED
SIDE_EFFECT:2571	Lichenoid keratosis	Side_Effect::C1274594	MATCHED
SIDE_EFFECT:2572	Suicidal behaviour	Side_Effect::C1760428	MATCHED
SIDE_EFFECT:2573	Shoulder pain	Side_Effect::C0037011	MATCHED
SIDE_EFFECT:2574	Depression suicidal	Side_Effect::C0221745	MATCHED
SIDE_EFFECT:2575	Choreiform	Side_Effect::C0541831	MATCHED
SIDE_EFFECT:2576	Labyrinthitis	Side_Effect::C0022893	MATCHED
SIDE_EFFECT:2577	Brain abscess	Side_Effect::C0006105	MATCHED
SIDE_EFFECT:2578	Retinal haemorrhage	Side_Effect::C0035317	MATCHED
SIDE_EFFECT:2579	Wound	Side_Effect::C0043250	MATCHED
SIDE_EFFECT:258	Flatulence	Side_Effect::C0016204	MATCHED
SIDE_EFFECT:2580	Meningitis bacterial	Side_Effect::C0085437	MATCHED
SIDE_EFFECT:2581	Reaction aggravation	Side_Effect::C0151885	MATCHED
SIDE_EFFECT:2582	Adverse reaction	Side_Effect::C0559546	MATCHED
SIDE_EFFECT:2583	Pulmonary hypoplasia	Side_Effect::C0265783	MATCHED
SIDE_EFFECT:2584	Anaplastic astrocytoma	Side_Effect::C0334579	MATCHED
SIDE_EFFECT:2585	Meningitis chemical	Side_Effect::C0393444	MATCHED
SIDE_EFFECT:2586	Injection site burning	Side_Effect::C0521503	MATCHED
SIDE_EFFECT:2587	Cerebral haematoma	Side_Effect::C0542007	MATCHED
SIDE_EFFECT:2588	Idiopathic pneumonia syndrome	Side_Effect::C1504431	MATCHED
SIDE_EFFECT:2589	Decreased night vision	Side_Effect::C0861157	MATCHED
SIDE_EFFECT:259	Cardiac failure	Side_Effect::C0018801	MATCHED
SIDE_EFFECT:2590	Periodontitis	Side_Effect::C0031099	MATCHED
SIDE_EFFECT:2591	Renal artery stenosis	Side_Effect::C0035067	MATCHED
SIDE_EFFECT:2592	Drug level increased	Side_Effect::C0151599	MATCHED
SIDE_EFFECT:2593	Hypocholesterolaemia	Side_Effect::C0151718	MATCHED
SIDE_EFFECT:2594	Angina pectoris aggravated	Side_Effect::C0235467	MATCHED
SIDE_EFFECT:2595	Depression aggravated	Side_Effect::C0235876	MATCHED
SIDE_EFFECT:2596	Hepatic congestion	Side_Effect::C0267821	MATCHED
SIDE_EFFECT:2597	Ischaemic cardiomyopathy	Side_Effect::C0349782	MATCHED
SIDE_EFFECT:2598	Cold hands	Side_Effect::C0424740	MATCHED
SIDE_EFFECT:2599	Rash psoriaform	Side_Effect::C0521160	MATCHED
SIDE_EFFECT:26	Dermatitis	Side_Effect::C0011603	MATCHED
SIDE_EFFECT:260	Haematuria	Side_Effect::C0018965	MATCHED
SIDE_EFFECT:2600	Digoxin level increased	Side_Effect::C0581164	MATCHED
SIDE_EFFECT:2601	Cardioactive drug level increased	Side_Effect::C0861111	MATCHED
SIDE_EFFECT:2602	Unwell	Side_Effect::C0857256	MATCHED
SIDE_EFFECT:2603	Serum sickness-like reaction	Side_Effect::C0221742	MATCHED
SIDE_EFFECT:2604	Lymphocyte count decreased	Side_Effect::C0853986	MATCHED
SIDE_EFFECT:2605	Potassium increased	Side_Effect::C0856882	MATCHED
SIDE_EFFECT:2606	Albumin low	Side_Effect::C0860864	MATCHED
SIDE_EFFECT:2607	Blood albumin decreased	Side_Effect::C0853777	MATCHED
SIDE_EFFECT:2608	Pruritus vulvae	Side_Effect::C0033778	MATCHED
SIDE_EFFECT:2609	Disability	Side_Effect::C0231170	MATCHED
SIDE_EFFECT:261	Haemothorax	Side_Effect::C0019123	MATCHED
SIDE_EFFECT:2610	Consciousness abnormal	Side_Effect::C0234428	MATCHED
SIDE_EFFECT:2611	Nonconvulsive status epilepticus	Side_Effect::C0751523	MATCHED
SIDE_EFFECT:2612	Phosphorus low	Side_Effect::C0920102	MATCHED
SIDE_EFFECT:2613	Blood phosphorus decreased	Side_Effect::C0877517	MATCHED
SIDE_EFFECT:2614	Abdominal infection	Side_Effect::C1112209	MATCHED
SIDE_EFFECT:2615	Azotemia prerenal	Side_Effect::C0554309	MATCHED
SIDE_EFFECT:2616	Acute prerenal failure	Side_Effect::C1167654	MATCHED
SIDE_EFFECT:2617	Dermatitis diaper	Side_Effect::C0011974	MATCHED
SIDE_EFFECT:2618	Acute sinusitis	Side_Effect::C0149512	MATCHED
SIDE_EFFECT:2619	Disulfiram like reaction	Side_Effect::C0541900	MATCHED
SIDE_EFFECT:262	Hypersplenism	Side_Effect::C0020532	MATCHED
SIDE_EFFECT:2620	Alcohol intolerance	Side_Effect::C0151474	MATCHED
SIDE_EFFECT:2621	Foetal damage	Side_Effect::C0854268	MATCHED
SIDE_EFFECT:2622	Allergic exanthema	Side_Effect::C1112626	MATCHED
SIDE_EFFECT:2623	Monocytosis	Side_Effect::C0085702	MATCHED
SIDE_EFFECT:2624	Blood urine	Side_Effect::C0221752	MATCHED
SIDE_EFFECT:2625	Blood urine present	Side_Effect::C0947999	MATCHED
SIDE_EFFECT:2626	Prothrombin time shortened	Side_Effect::C0580413	MATCHED
SIDE_EFFECT:2627	Basophilia	Side_Effect::C0702266	MATCHED
SIDE_EFFECT:2628	Gallbladder sludge	Side_Effect::C0860209	MATCHED
SIDE_EFFECT:2629	Intertrigo candida	Side_Effect::C0014718	MATCHED
SIDE_EFFECT:263	Hyperthyroidism	Side_Effect::C0020550	MATCHED
SIDE_EFFECT:2630	Creatinine low	Side_Effect::C0239150	MATCHED
SIDE_EFFECT:2631	Blood creatinine decreased	Side_Effect::C0852810	MATCHED
SIDE_EFFECT:2632	Lockjaw	Side_Effect::C0343495	MATCHED
SIDE_EFFECT:2633	Neck tightness	Side_Effect::C0549343	MATCHED
SIDE_EFFECT:2634	Felt faint	Side_Effect::C0581879	MATCHED
SIDE_EFFECT:2635	Adenoma benign	Side_Effect::C0001430	MATCHED
SIDE_EFFECT:2636	Aortic valve incompetence	Side_Effect::C0003504	MATCHED
SIDE_EFFECT:2637	Bacteriuria	Side_Effect::C0004659	MATCHED
SIDE_EFFECT:2638	Arteriosclerosis coronary artery	Side_Effect::C0010054	MATCHED
SIDE_EFFECT:2639	Diverticulum	Side_Effect::C0012817	MATCHED
SIDE_EFFECT:264	Orthostatic hypotension	Side_Effect::C0020651	MATCHED
SIDE_EFFECT:2640	Alveolar osteitis	Side_Effect::C0013240	MATCHED
SIDE_EFFECT:2641	Erysipelas	Side_Effect::C0014733	MATCHED
SIDE_EFFECT:2642	Oesophageal perforation	Side_Effect::C0014860	MATCHED
SIDE_EFFECT:2643	Lipoma	Side_Effect::C0023798	MATCHED
SIDE_EFFECT:2644	Lipoid nephrosis	Side_Effect::C0027721	MATCHED
SIDE_EFFECT:2645	Glomerulonephritis minimal lesion	Side_Effect::C1704320	MATCHED
SIDE_EFFECT:2646	Synovitis	Side_Effect::C0039103	MATCHED
SIDE_EFFECT:2647	Helicobacter infection	Side_Effect::C0079487	MATCHED
SIDE_EFFECT:2648	Soft tissue infection	Side_Effect::C0149778	MATCHED
SIDE_EFFECT:2649	Vertigo CNS origin	Side_Effect::C0155503	MATCHED
SIDE_EFFECT:265	Mediastinal disorder	Side_Effect::C0025061	MATCHED
SIDE_EFFECT:2650	Prostatic specific antigen increased	Side_Effect::C0178415	MATCHED
SIDE_EFFECT:2651	Hypertension worsened	Side_Effect::C0235750	MATCHED
SIDE_EFFECT:2652	Activated partial thromboplastin time prolonged	Side_Effect::C0240671	MATCHED
SIDE_EFFECT:2653	Venous occlusion	Side_Effect::C0241669	MATCHED
SIDE_EFFECT:2654	Foot fracture	Side_Effect::C0272774	MATCHED
SIDE_EFFECT:2655	Blood culture positive	Side_Effect::C0740299	MATCHED
SIDE_EFFECT:2656	Gingival infection	Side_Effect::C0744403	MATCHED
SIDE_EFFECT:2657	Bacteriuria NOS present	Side_Effect::C0852914	MATCHED
SIDE_EFFECT:2658	Epilepsy aggravated	Side_Effect::C0852977	MATCHED
SIDE_EFFECT:2659	Blood testosterone decreased	Side_Effect::C0853117	MATCHED
SIDE_EFFECT:266	Musculoskeletal pain	Side_Effect::C0026858	MATCHED
SIDE_EFFECT:2660	Urea increased	Side_Effect::C0856880	MATCHED
SIDE_EFFECT:2661	Large intestine polyp	Side_Effect::C0949059	MATCHED
SIDE_EFFECT:2662	Hiatus hernia	Side_Effect::C3489393	MATCHED
SIDE_EFFECT:2663	Raynaud's disease	Side_Effect::C0034734	MATCHED
SIDE_EFFECT:2664	Dermatomyositis	Side_Effect::C0011633	MATCHED
SIDE_EFFECT:2665	Ophthalmoplegia	Side_Effect::C0029089	MATCHED
SIDE_EFFECT:2666	IIIrd nerve paralysis	Side_Effect::C0028866	MATCHED
SIDE_EFFECT:2667	Polymyalgia rheumatica	Side_Effect::C0032533	MATCHED
SIDE_EFFECT:2668	Facial paresis	Side_Effect::C0427055	MATCHED
SIDE_EFFECT:2669	Hepatitis chronic active	Side_Effect::C0520463	MATCHED
SIDE_EFFECT:267	Pallor	Side_Effect::C0030232	MATCHED
SIDE_EFFECT:2670	Peripheral nerve palsy	Side_Effect::C1142028	MATCHED
SIDE_EFFECT:2671	Hepatocellular carcinoma	Side_Effect::C2239176	MATCHED
SIDE_EFFECT:2672	Hepatic cancer	Side_Effect::C0345904	MATCHED
SIDE_EFFECT:2673	Glomerulonephritis	Side_Effect::C0017658	MATCHED
SIDE_EFFECT:2674	Myelitis	Side_Effect::C0026975	MATCHED
SIDE_EFFECT:2675	Unintended pregnancy	Side_Effect::C0041747	MATCHED
SIDE_EFFECT:2676	Tooth caries aggravated NOS	Side_Effect::C0235353	MATCHED
SIDE_EFFECT:2677	Oculogyration	Side_Effect::C1262064	MATCHED
SIDE_EFFECT:2678	Movement disorder	Side_Effect::C0026650	MATCHED
SIDE_EFFECT:2679	Appendicitis	Side_Effect::C0003615	MATCHED
SIDE_EFFECT:268	Pancytopenia	Side_Effect::C0030312	MATCHED
SIDE_EFFECT:2680	Squamous cell carcinoma	Side_Effect::C0007137	MATCHED
SIDE_EFFECT:2681	Ulcerative keratitis	Side_Effect::C0010043	MATCHED
SIDE_EFFECT:2682	Duodenitis	Side_Effect::C0013298	MATCHED
SIDE_EFFECT:2683	Tongue geographic	Side_Effect::C0017677	MATCHED
SIDE_EFFECT:2684	Illusion	Side_Effect::C0020903	MATCHED
SIDE_EFFECT:2685	Multiple sclerosis	Side_Effect::C0026769	MATCHED
SIDE_EFFECT:2686	Paronychia	Side_Effect::C0030578	MATCHED
SIDE_EFFECT:2687	Retinal disorder	Side_Effect::C0035309	MATCHED
SIDE_EFFECT:2688	Sialoadenitis	Side_Effect::C0037023	MATCHED
SIDE_EFFECT:2689	Costochondritis	Side_Effect::C0040213	MATCHED
SIDE_EFFECT:269	Pleural effusion	Side_Effect::C0032227	MATCHED
SIDE_EFFECT:2690	Onychomycosis	Side_Effect::C0040261	MATCHED
SIDE_EFFECT:2691	Hepatitis viral	Side_Effect::C0042721	MATCHED
SIDE_EFFECT:2692	Common wart	Side_Effect::C0043037	MATCHED
SIDE_EFFECT:2693	Urogenital disorder	Side_Effect::C0080276	MATCHED
SIDE_EFFECT:2694	Photopsia	Side_Effect::C0085635	MATCHED
SIDE_EFFECT:2695	Plantar fasciitis	Side_Effect::C0149756	MATCHED
SIDE_EFFECT:2696	Abnormal platelets	Side_Effect::C0151854	MATCHED
SIDE_EFFECT:2697	Platelet disorder	Side_Effect::C0005818	MATCHED
SIDE_EFFECT:2698	Eruption lichenoid	Side_Effect::C0162848	MATCHED
SIDE_EFFECT:2699	Vaginitis atrophic	Side_Effect::C0221392	MATCHED
SIDE_EFFECT:27	Eye disorder	Side_Effect::C0015397	MATCHED
SIDE_EFFECT:270	Pneumonia	Side_Effect::C0032285	MATCHED
SIDE_EFFECT:2700	Atrophic vulvovaginitis	Side_Effect::C0149836	MATCHED
SIDE_EFFECT:2701	Precordial pain	Side_Effect::C0232286	MATCHED
SIDE_EFFECT:2702	Salivary gland pain	Side_Effect::C0235338	MATCHED
SIDE_EFFECT:2703	Rheumatoid arthritis aggravated	Side_Effect::C0235762	MATCHED
SIDE_EFFECT:2704	Hyperhemoglobinemia	Side_Effect::C0235847	MATCHED
SIDE_EFFECT:2705	Crying abnormal	Side_Effect::C0235939	MATCHED
SIDE_EFFECT:2706	Crying	Side_Effect::C0010399	MATCHED
SIDE_EFFECT:2707	Retinal deposits	Side_Effect::C0235972	MATCHED
SIDE_EFFECT:2708	Periodontal destruction	Side_Effect::C0236023	MATCHED
SIDE_EFFECT:2709	Hyperproteinaemia	Side_Effect::C0267988	MATCHED
SIDE_EFFECT:271	Pneumothorax	Side_Effect::C0032326	MATCHED
SIDE_EFFECT:2710	Change of bowel habit	Side_Effect::C0278008	MATCHED
SIDE_EFFECT:2711	Avascular necrosis femoral head	Side_Effect::C0410480	MATCHED
SIDE_EFFECT:2712	Electrocardiogram T wave inversion	Side_Effect::C0520888	MATCHED
SIDE_EFFECT:2713	Bladder discomfort	Side_Effect::C0549391	MATCHED
SIDE_EFFECT:2714	Onychia	Side_Effect::C0701821	MATCHED
SIDE_EFFECT:2715	Puberty	Side_Effect::C0034011	MATCHED
SIDE_EFFECT:2716	Tongue coated	Side_Effect::C0009144	MATCHED
SIDE_EFFECT:2717	Mouth irritation	Side_Effect::C0235339	MATCHED
SIDE_EFFECT:2718	Oral mucosal exfoliation	Side_Effect::C1536052	MATCHED
SIDE_EFFECT:2719	Polyneuritis	Side_Effect::C0032541	MATCHED
SIDE_EFFECT:272	Pulmonary oedema	Side_Effect::C0034063	MATCHED
SIDE_EFFECT:2720	Neural hearing loss	Side_Effect::C0155550	MATCHED
SIDE_EFFECT:2721	Deafness neurosensory	Side_Effect::C0018784	MATCHED
SIDE_EFFECT:2722	Retinal damage	Side_Effect::C0235272	MATCHED
SIDE_EFFECT:2723	Retinal injury	Side_Effect::C0347602	MATCHED
SIDE_EFFECT:2724	Protrusion tongue	Side_Effect::C0241442	MATCHED
SIDE_EFFECT:2725	Maculopathy	Side_Effect::C0730362	MATCHED
SIDE_EFFECT:2726	Xanthopsia	Side_Effect::C0221185	MATCHED
SIDE_EFFECT:2727	Drooling	Side_Effect::C0013132	MATCHED
SIDE_EFFECT:2728	Petit mal epilepsy	Side_Effect::C0014553	MATCHED
SIDE_EFFECT:2729	Pregnancy test false positive	Side_Effect::C0151865	MATCHED
SIDE_EFFECT:273	Pulmonary embolism	Side_Effect::C0034065	MATCHED
SIDE_EFFECT:2730	Obstipation	Side_Effect::C0221152	MATCHED
SIDE_EFFECT:2731	Gait shuffling	Side_Effect::C0231688	MATCHED
SIDE_EFFECT:2732	Colon atonic	Side_Effect::C0267516	MATCHED
SIDE_EFFECT:2733	Megacolon	Side_Effect::C0025160	MATCHED
SIDE_EFFECT:2734	Masked facies	Side_Effect::C0424448	MATCHED
SIDE_EFFECT:2735	Motor restlessness	Side_Effect::C0700075	MATCHED
SIDE_EFFECT:2736	Pill rolling	Side_Effect::C0751564	MATCHED
SIDE_EFFECT:2737	Parkinsonian rest tremor	Side_Effect::C1112182	MATCHED
SIDE_EFFECT:2738	Metabolic disorder	Side_Effect::C0025517	MATCHED
SIDE_EFFECT:2739	Alkalosis hypochloraemic	Side_Effect::C0151476	MATCHED
SIDE_EFFECT:274	Septicemia	Side_Effect::C0036690	MATCHED
SIDE_EFFECT:2740	Worsening of diabetes	Side_Effect::C0857483	MATCHED
SIDE_EFFECT:2741	Ingrowing nail	Side_Effect::C0027343	MATCHED
SIDE_EFFECT:2742	Hair discoloration	Side_Effect::C0151689	MATCHED
SIDE_EFFECT:2743	Hair texture abnormal	Side_Effect::C0235807	MATCHED
SIDE_EFFECT:2744	Application site hypersensitivity	Side_Effect::C1504422	MATCHED
SIDE_EFFECT:2745	Periungual erythema	Side_Effect::C1963964	MATCHED
SIDE_EFFECT:2746	Serum creatinine abnormal	Side_Effect::C0438243	MATCHED
SIDE_EFFECT:2747	Blood creatinine abnormal	Side_Effect::C0853746	MATCHED
SIDE_EFFECT:2748	Polycythaemia	Side_Effect::C0032461	MATCHED
SIDE_EFFECT:2749	Bradyarrhythmia	Side_Effect::C0079035	MATCHED
SIDE_EFFECT:275	Sepsis	Side_Effect::C0243026	MATCHED
SIDE_EFFECT:2750	Oesophageal haemorrhage	Side_Effect::C0239293	MATCHED
SIDE_EFFECT:2751	Haemorrhage subcutaneous	Side_Effect::C0854107	MATCHED
SIDE_EFFECT:2752	Bleeding tendency	Side_Effect::C1458140	MATCHED
SIDE_EFFECT:2753	Organic brain syndrome	Side_Effect::C0029221	MATCHED
SIDE_EFFECT:2754	Mental disorder due to a general medical condition	Side_Effect::C0853895	MATCHED
SIDE_EFFECT:2755	Strongyloidiasis	Side_Effect::C0038463	MATCHED
SIDE_EFFECT:2756	Polymyositis	Side_Effect::C0085655	MATCHED
SIDE_EFFECT:2757	Hepatic fibrosis	Side_Effect::C0239946	MATCHED
SIDE_EFFECT:2758	Plasma creatinine increased	Side_Effect::C0858118	MATCHED
SIDE_EFFECT:2759	White blood cell count low	Side_Effect::C0948695	MATCHED
SIDE_EFFECT:276	Skin ulcer	Side_Effect::C0037299	MATCHED
SIDE_EFFECT:2760	Respiratory acidosis	Side_Effect::C0001127	MATCHED
SIDE_EFFECT:2761	Anthrax	Side_Effect::C0003175	MATCHED
SIDE_EFFECT:2762	Corneal disorder	Side_Effect::C0010034	MATCHED
SIDE_EFFECT:2763	Foot pain	Side_Effect::C0016512	MATCHED
SIDE_EFFECT:2764	Kidney infection	Side_Effect::C0021313	MATCHED
SIDE_EFFECT:2765	Renal neoplasm	Side_Effect::C0022665	MATCHED
SIDE_EFFECT:2766	Megacolon toxic	Side_Effect::C0025162	MATCHED
SIDE_EFFECT:2767	Otitis externa	Side_Effect::C0029878	MATCHED
SIDE_EFFECT:2768	Repetitive strain injury	Side_Effect::C0035127	MATCHED
SIDE_EFFECT:2769	Uric acid level increased	Side_Effect::C0041981	MATCHED
SIDE_EFFECT:277	Splenomegaly	Side_Effect::C0038002	MATCHED
SIDE_EFFECT:2770	Cerebral thrombosis	Side_Effect::C0079102	MATCHED
SIDE_EFFECT:2771	Self injurious behaviour	Side_Effect::C0085271	MATCHED
SIDE_EFFECT:2772	Intentional self-injury	Side_Effect::C0853089	MATCHED
SIDE_EFFECT:2773	Acute cystitis	Side_Effect::C0149523	MATCHED
SIDE_EFFECT:2774	Creatinine renal clearance decreased	Side_Effect::C0151577	MATCHED
SIDE_EFFECT:2775	Deafness transitory	Side_Effect::C0151588	MATCHED
SIDE_EFFECT:2776	Fixed eruption	Side_Effect::C0151629	MATCHED
SIDE_EFFECT:2777	Renal vasculitis	Side_Effect::C0152002	MATCHED
SIDE_EFFECT:2778	Pneumonia anthrax	Side_Effect::C0155866	MATCHED
SIDE_EFFECT:2779	Ache wrists	Side_Effect::C0221785	MATCHED
SIDE_EFFECT:278	Sweating	Side_Effect::C0038990	MATCHED
SIDE_EFFECT:2780	Suprapubic pain	Side_Effect::C0241310	MATCHED
SIDE_EFFECT:2781	Colour blindness	Side_Effect::C0242225	MATCHED
SIDE_EFFECT:2782	Drug intolerance	Side_Effect::C0277585	MATCHED
SIDE_EFFECT:2783	Urine odour abnormal	Side_Effect::C0278045	MATCHED
SIDE_EFFECT:2784	Gastrointestinal candidiasis	Side_Effect::C0343886	MATCHED
SIDE_EFFECT:2785	Phobia	Side_Effect::C0349231	MATCHED
SIDE_EFFECT:2786	Candiduria	Side_Effect::C0403723	MATCHED
SIDE_EFFECT:2787	Punctate epithelial erosion	Side_Effect::C0423234	MATCHED
SIDE_EFFECT:2788	Abdominal aortic bruit	Side_Effect::C0425669	MATCHED
SIDE_EFFECT:2789	Aortic bruit	Side_Effect::C0277934	MATCHED
SIDE_EFFECT:279	Thirst	Side_Effect::C0039971	MATCHED
SIDE_EFFECT:2790	Chromatopsia	Side_Effect::C0474381	MATCHED
SIDE_EFFECT:2791	Serum albumin decreased	Side_Effect::C0580493	MATCHED
SIDE_EFFECT:2792	Skin haemorrhage	Side_Effect::C0852361	MATCHED
SIDE_EFFECT:2793	International normalised ratio decreased	Side_Effect::C0853226	MATCHED
SIDE_EFFECT:2794	Corneal epithelium defect	Side_Effect::C0854114	MATCHED
SIDE_EFFECT:2795	Erythema multiforme minor	Side_Effect::C0857751	MATCHED
SIDE_EFFECT:2796	Prothrombin level abnormal	Side_Effect::C0860700	MATCHED
SIDE_EFFECT:2797	Serum total protein decreased	Side_Effect::C0860703	MATCHED
SIDE_EFFECT:2798	Protein total decreased	Side_Effect::C0860901	MATCHED
SIDE_EFFECT:2799	Blood monocytes increased	Side_Effect::C0860745	MATCHED
SIDE_EFFECT:28	Body temperature increased	Side_Effect::C0015967	MATCHED
SIDE_EFFECT:280	Vasodilation	Side_Effect::C0042401	MATCHED
SIDE_EFFECT:2800	Monocyte count increased	Side_Effect::C0553698	MATCHED
SIDE_EFFECT:2801	AGEP	Side_Effect::C0863129	MATCHED
SIDE_EFFECT:2802	Chromosomal mutation	Side_Effect::C0948447	MATCHED
SIDE_EFFECT:2803	Nosocomial pneumonia	Side_Effect::C0949083	MATCHED
SIDE_EFFECT:2804	Dysphasia	Side_Effect::C0973461	MATCHED
SIDE_EFFECT:2805	Medication residue	Side_Effect::C1096282	MATCHED
SIDE_EFFECT:2806	Medication residue present	Side_Effect::C3665818	MATCHED
SIDE_EFFECT:2807	Eyelid exfoliation	Side_Effect::C1609496	MATCHED
SIDE_EFFECT:2808	Gout flare	Side_Effect::C1619733	MATCHED
SIDE_EFFECT:2809	Cerebral arteritis	Side_Effect::C0007773	MATCHED
SIDE_EFFECT:281	Vasodilation procedure	Side_Effect::C1142412	MATCHED
SIDE_EFFECT:2810	Clonus	Side_Effect::C0009024	MATCHED
SIDE_EFFECT:2811	Coronary heart disease	Side_Effect::C0010068	MATCHED
SIDE_EFFECT:2812	Electric shock	Side_Effect::C0013781	MATCHED
SIDE_EFFECT:2813	Renal tubular disorder	Side_Effect::C0151747	MATCHED
SIDE_EFFECT:2814	Retinal pigmentation	Side_Effect::C0151892	MATCHED
SIDE_EFFECT:2815	Blindness cortical	Side_Effect::C0155320	MATCHED
SIDE_EFFECT:2816	Carpo-pedal spasm	Side_Effect::C0231785	MATCHED
SIDE_EFFECT:2817	Secondary anemia	Side_Effect::C0340952	MATCHED
SIDE_EFFECT:2818	Lhermitte's sign	Side_Effect::C0576702	MATCHED
SIDE_EFFECT:2819	Retinal toxicity	Side_Effect::C0877104	MATCHED
SIDE_EFFECT:282	Dry mouth	Side_Effect::C0043352	MATCHED
SIDE_EFFECT:2820	Bone marrow toxicity	Side_Effect::C0948168	MATCHED
SIDE_EFFECT:2821	Loss of proprioception	Side_Effect::C1112616	MATCHED
SIDE_EFFECT:2822	Posterior reversible encephalopathy syndrome	Side_Effect::C3160858	MATCHED
SIDE_EFFECT:2823	Abortion spontaneous	Side_Effect::C0000786	MATCHED
SIDE_EFFECT:2824	Foetal death	Side_Effect::C0015927	MATCHED
SIDE_EFFECT:2825	Lymphatic disorder	Side_Effect::C0024228	MATCHED
SIDE_EFFECT:2826	Melancholia	Side_Effect::C0025193	MATCHED
SIDE_EFFECT:2827	Melanosis	Side_Effect::C0025209	MATCHED
SIDE_EFFECT:2828	Obesity	Side_Effect::C0028754	MATCHED
SIDE_EFFECT:2829	Drug level decreased	Side_Effect::C0151598	MATCHED
SIDE_EFFECT:283	Peripheral vascular disorder	Side_Effect::C0085096	MATCHED
SIDE_EFFECT:2830	Menometrorrhagia	Side_Effect::C0232943	MATCHED
SIDE_EFFECT:2831	Blunted affect	Side_Effect::C0233469	MATCHED
SIDE_EFFECT:2832	Anorgasmia	Side_Effect::C0234022	MATCHED
SIDE_EFFECT:2833	Glucose tolerance abnormal	Side_Effect::C0235401	MATCHED
SIDE_EFFECT:2834	Breast cancer female	Side_Effect::C0235653	MATCHED
SIDE_EFFECT:2835	Tolerance development	Side_Effect::C0236051	MATCHED
SIDE_EFFECT:2836	Drug tolerance	Side_Effect::C0013220	MATCHED
SIDE_EFFECT:2837	Pericardial disease	Side_Effect::C0265122	MATCHED
SIDE_EFFECT:2838	Dependence physiological	Side_Effect::C0278080	MATCHED
SIDE_EFFECT:2839	Ejaculation failure	Side_Effect::C0278106	MATCHED
SIDE_EFFECT:284	Hepatic failure	Side_Effect::C0085605	MATCHED
SIDE_EFFECT:2840	Sweating decreased	Side_Effect::C0553721	MATCHED
SIDE_EFFECT:2841	Hypohidrosis	Side_Effect::C0020620	MATCHED
SIDE_EFFECT:2842	Drug seeking behavior	Side_Effect::C0694536	MATCHED
SIDE_EFFECT:2843	Hemorrhage abnormal	Side_Effect::C0741553	MATCHED
SIDE_EFFECT:2844	Female sexual dysfunction	Side_Effect::C1112442	MATCHED
SIDE_EFFECT:2845	Catatonic reaction	Side_Effect::C3251821	MATCHED
SIDE_EFFECT:2846	Aneurysm	Side_Effect::C0002940	MATCHED
SIDE_EFFECT:2847	Animal bite	Side_Effect::C0003044	MATCHED
SIDE_EFFECT:2848	Arteriosclerosis	Side_Effect::C0003850	MATCHED
SIDE_EFFECT:2849	Sports injury	Side_Effect::C0004161	MATCHED
SIDE_EFFECT:285	Agitation	Side_Effect::C0085631	MATCHED
SIDE_EFFECT:2850	Carbuncle	Side_Effect::C0007078	MATCHED
SIDE_EFFECT:2851	Colonic polyp	Side_Effect::C0009376	MATCHED
SIDE_EFFECT:2852	Eye injury	Side_Effect::C0015408	MATCHED
SIDE_EFFECT:2853	Femoral neck fracture	Side_Effect::C0015806	MATCHED
SIDE_EFFECT:2854	Anal fissure	Side_Effect::C0016167	MATCHED
SIDE_EFFECT:2855	Gilbert's syndrome	Side_Effect::C0017551	MATCHED
SIDE_EFFECT:2856	Hyperphagia	Side_Effect::C0020505	MATCHED
SIDE_EFFECT:2857	Hypertensive crisis	Side_Effect::C0020546	MATCHED
SIDE_EFFECT:2858	Ileitis	Side_Effect::C0020877	MATCHED
SIDE_EFFECT:2859	Cerumen impaction	Side_Effect::C0021092	MATCHED
SIDE_EFFECT:286	Lassitude	Side_Effect::C0086525	MATCHED
SIDE_EFFECT:2860	Impetigo	Side_Effect::C0021099	MATCHED
SIDE_EFFECT:2861	Keratoconus	Side_Effect::C0022578	MATCHED
SIDE_EFFECT:2862	Neck injury	Side_Effect::C0027531	MATCHED
SIDE_EFFECT:2863	Obsessive-compulsive disorder	Side_Effect::C0028768	MATCHED
SIDE_EFFECT:2864	Radius fracture	Side_Effect::C0034628	MATCHED
SIDE_EFFECT:2865	Rib fracture	Side_Effect::C0035522	MATCHED
SIDE_EFFECT:2866	Salmonellosis	Side_Effect::C0036117	MATCHED
SIDE_EFFECT:2867	Scoliosis	Side_Effect::C0036439	MATCHED
SIDE_EFFECT:2868	Thyroiditis	Side_Effect::C0040147	MATCHED
SIDE_EFFECT:2869	Tooth erosion	Side_Effect::C0040436	MATCHED
SIDE_EFFECT:287	Abdominal discomfort	Side_Effect::C0232487	MATCHED
SIDE_EFFECT:2870	Tracheal disorder	Side_Effect::C0040580	MATCHED
SIDE_EFFECT:2871	Ulna fracture	Side_Effect::C0041601	MATCHED
SIDE_EFFECT:2872	Whiplash injury	Side_Effect::C0043145	MATCHED
SIDE_EFFECT:2873	Post-traumatic neck syndrome	Side_Effect::C3203531	MATCHED
SIDE_EFFECT:2874	Muscle rupture	Side_Effect::C0149732	MATCHED
SIDE_EFFECT:2875	Neurotransmitter level altered	Side_Effect::C0151478	MATCHED
SIDE_EFFECT:2876	Otosalpingitis	Side_Effect::C0155428	MATCHED
SIDE_EFFECT:2877	Ankle fracture	Side_Effect::C0159877	MATCHED
SIDE_EFFECT:2878	Tympanic membrane perforation	Side_Effect::C0206504	MATCHED
SIDE_EFFECT:2879	Nodal rhythm	Side_Effect::C0232208	MATCHED
SIDE_EFFECT:288	Abdominal colic	Side_Effect::C0232488	MATCHED
SIDE_EFFECT:2880	Head discomfort	Side_Effect::C0235002	MATCHED
SIDE_EFFECT:2881	Nervous tremulousness	Side_Effect::C0235168	MATCHED
SIDE_EFFECT:2882	Suicidal tendency	Side_Effect::C0235196	MATCHED
SIDE_EFFECT:2883	Nerve root lesion	Side_Effect::C0235919	MATCHED
SIDE_EFFECT:2884	Radiculopathy	Side_Effect::C0700594	MATCHED
SIDE_EFFECT:2885	Gastric polyps	Side_Effect::C0236048	MATCHED
SIDE_EFFECT:2886	Early satiety	Side_Effect::C0239233	MATCHED
SIDE_EFFECT:2887	Genital pain	Side_Effect::C0239725	MATCHED
SIDE_EFFECT:2888	Pregnancy test positive	Side_Effect::C0240802	MATCHED
SIDE_EFFECT:2889	Intervertebral disc protrusion	Side_Effect::C0242362	MATCHED
SIDE_EFFECT:289	Cardiac failure right	Side_Effect::C0235527	MATCHED
SIDE_EFFECT:2890	Tooth injury	Side_Effect::C0242891	MATCHED
SIDE_EFFECT:2891	Reflux gastritis	Side_Effect::C0267158	MATCHED
SIDE_EFFECT:2892	Generalised anxiety disorder	Side_Effect::C0270549	MATCHED
SIDE_EFFECT:2893	Bronchitis viral	Side_Effect::C0276141	MATCHED
SIDE_EFFECT:2894	Facial spasm	Side_Effect::C0278151	MATCHED
SIDE_EFFECT:2895	Acute psychosis	Side_Effect::C0281774	MATCHED
SIDE_EFFECT:2896	Epidermal naevus	Side_Effect::C0334082	MATCHED
SIDE_EFFECT:2897	House dust allergy	Side_Effect::C0339807	MATCHED
SIDE_EFFECT:2898	Benign breast neoplasm	Side_Effect::C0346156	MATCHED
SIDE_EFFECT:2899	Premenstrual tension	Side_Effect::C0376356	MATCHED
SIDE_EFFECT:29	Gastritis	Side_Effect::C0017152	MATCHED
SIDE_EFFECT:290	Right ventricular failure	Side_Effect::C2939447	MATCHED
SIDE_EFFECT:2900	Finger deformity	Side_Effect::C0410740	MATCHED
SIDE_EFFECT:2901	Ligament injury	Side_Effect::C0435001	MATCHED
SIDE_EFFECT:2902	Pyelonephritis acute	Side_Effect::C0520575	MATCHED
SIDE_EFFECT:2903	Electrocardiogram PR shortened	Side_Effect::C0520878	MATCHED
SIDE_EFFECT:2904	Carbohydrate craving	Side_Effect::C0522058	MATCHED
SIDE_EFFECT:2905	Food craving	Side_Effect::C0872380	MATCHED
SIDE_EFFECT:2906	Jaw stiffness	Side_Effect::C0549250	MATCHED
SIDE_EFFECT:2907	Bladder dilatation	Side_Effect::C0549253	MATCHED
SIDE_EFFECT:2908	Anxiety aggravated	Side_Effect::C0549259	MATCHED
SIDE_EFFECT:2909	Sensation of blood flow	Side_Effect::C0549264	MATCHED
SIDE_EFFECT:291	Pain in jaw	Side_Effect::C0236000	MATCHED
SIDE_EFFECT:2910	Alcohol problem	Side_Effect::C0549393	MATCHED
SIDE_EFFECT:2911	Nasal septum deviation	Side_Effect::C0549397	MATCHED
SIDE_EFFECT:2912	Traumatic haematoma	Side_Effect::C0549453	MATCHED
SIDE_EFFECT:2913	Stress at work	Side_Effect::C0558919	MATCHED
SIDE_EFFECT:2914	Sacroiliitis	Side_Effect::C0574960	MATCHED
SIDE_EFFECT:2915	Genitourinary chlamydia infection	Side_Effect::C0589616	MATCHED
SIDE_EFFECT:2916	Anxiety attack	Side_Effect::C0700031	MATCHED
SIDE_EFFECT:2917	Genital infection	Side_Effect::C0729552	MATCHED
SIDE_EFFECT:2918	Infection parasitic	Side_Effect::C0747256	MATCHED
SIDE_EFFECT:2919	Allergic sinusitis	Side_Effect::C0748726	MATCHED
SIDE_EFFECT:292	Hypoxia	Side_Effect::C0242184	MATCHED
SIDE_EFFECT:2920	Arthropod sting	Side_Effect::C0852932	MATCHED
SIDE_EFFECT:2921	International normalised ratio increased	Side_Effect::C0853225	MATCHED
SIDE_EFFECT:2922	Restlessness aggravated	Side_Effect::C0856081	MATCHED
SIDE_EFFECT:2923	Performance status decreased	Side_Effect::C0877406	MATCHED
SIDE_EFFECT:2924	Idiopathic thrombocytopenia	Side_Effect::C0920163	MATCHED
SIDE_EFFECT:2925	Latent tetany	Side_Effect::C0948266	MATCHED
SIDE_EFFECT:2926	Orchitis noninfective	Side_Effect::C1142011	MATCHED
SIDE_EFFECT:2927	Exostosis	Side_Effect::C1442903	MATCHED
SIDE_EFFECT:2928	Post-traumatic pain	Side_Effect::C1611174	MATCHED
SIDE_EFFECT:2929	Vein distended	Side_Effect::C1959622	MATCHED
SIDE_EFFECT:293	Rectal haemorrhage	Side_Effect::C0267596	MATCHED
SIDE_EFFECT:2930	Abnormal labour	Side_Effect::C0013418	MATCHED
SIDE_EFFECT:2931	Other acne	Side_Effect::C0029485	MATCHED
SIDE_EFFECT:2932	Trichomonal vaginitis	Side_Effect::C0040923	MATCHED
SIDE_EFFECT:2933	Vulvovaginitis trichomonal	Side_Effect::C2945558	MATCHED
SIDE_EFFECT:2934	Vulvovaginal disorder	Side_Effect::C0152008	MATCHED
SIDE_EFFECT:2935	Polyarthritis	Side_Effect::C0162323	MATCHED
SIDE_EFFECT:2936	Oily skin	Side_Effect::C0234925	MATCHED
SIDE_EFFECT:2937	Inflammatory swelling	Side_Effect::C0234939	MATCHED
SIDE_EFFECT:2938	Watery diarrhoea	Side_Effect::C0239182	MATCHED
SIDE_EFFECT:2939	Vaginal erythema	Side_Effect::C0241635	MATCHED
SIDE_EFFECT:294	Psychotic depression	Side_Effect::C0270458	MATCHED
SIDE_EFFECT:2940	Vulvovaginal erythema	Side_Effect::C2748362	MATCHED
SIDE_EFFECT:2941	Vulval erythema	Side_Effect::C0241712	MATCHED
SIDE_EFFECT:2942	Abdominal pain generalised	Side_Effect::C0344304	MATCHED
SIDE_EFFECT:2943	Injection site irritation	Side_Effect::C0521498	MATCHED
SIDE_EFFECT:2944	Pimples	Side_Effect::C0542346	MATCHED
SIDE_EFFECT:2945	Vaginal swelling	Side_Effect::C0566948	MATCHED
SIDE_EFFECT:2946	Vulvovaginal swelling	Side_Effect::C3160944	MATCHED
SIDE_EFFECT:2947	Localized erythema	Side_Effect::C0849913	MATCHED
SIDE_EFFECT:2948	Exacerbation of acne	Side_Effect::C0852967	MATCHED
SIDE_EFFECT:2949	Behavior disorder	Side_Effect::C0004930	MATCHED
SIDE_EFFECT:295	Major depression	Side_Effect::C1269683	MATCHED
SIDE_EFFECT:2950	Sensation of pressure	Side_Effect::C0234222	MATCHED
SIDE_EFFECT:2951	Paranoid delusions	Side_Effect::C0349398	MATCHED
SIDE_EFFECT:2952	Application site atrophy	Side_Effect::C0392160	MATCHED
SIDE_EFFECT:2953	Application site pigmentation changes	Side_Effect::C0521494	MATCHED
SIDE_EFFECT:2954	Application site discolouration	Side_Effect::C1142160	MATCHED
SIDE_EFFECT:2955	Asteatosis	Side_Effect::C0549201	MATCHED
SIDE_EFFECT:2956	Hair disorder	Side_Effect::C0018500	MATCHED
SIDE_EFFECT:2957	Central obesity	Side_Effect::C0311277	MATCHED
SIDE_EFFECT:2958	Splenic infarction	Side_Effect::C0037998	MATCHED
SIDE_EFFECT:2959	Vision decreased	Side_Effect::C0042798	MATCHED
SIDE_EFFECT:296	Enlargement abdomen	Side_Effect::C0392025	MATCHED
SIDE_EFFECT:2960	Corneal pigmentation	Side_Effect::C0423226	MATCHED
SIDE_EFFECT:2961	Acute abdomen	Side_Effect::C0000727	MATCHED
SIDE_EFFECT:2962	Amelia	Side_Effect::C0002447	MATCHED
SIDE_EFFECT:2963	Limb reduction defect	Side_Effect::C0265547	MATCHED
SIDE_EFFECT:2964	Anencephaly	Side_Effect::C0002902	MATCHED
SIDE_EFFECT:2965	Anal atresia	Side_Effect::C0003466	MATCHED
SIDE_EFFECT:2966	Coarctation of the aorta	Side_Effect::C0003492	MATCHED
SIDE_EFFECT:2967	Astrocytoma	Side_Effect::C0004114	MATCHED
SIDE_EFFECT:2968	Renal cell carcinoma	Side_Effect::C0007134	MATCHED
SIDE_EFFECT:2969	Choriocarcinoma	Side_Effect::C0008497	MATCHED
SIDE_EFFECT:297	Abdominal distension	Side_Effect::C0000731	MATCHED
SIDE_EFFECT:2970	Cytogenetic abnormality	Side_Effect::C0008626	MATCHED
SIDE_EFFECT:2971	Cleft lip	Side_Effect::C0008924	MATCHED
SIDE_EFFECT:2972	Congenital clubfoot	Side_Effect::C0009081	MATCHED
SIDE_EFFECT:2973	Talipes	Side_Effect::C1301937	MATCHED
SIDE_EFFECT:2974	Trisomy 21	Side_Effect::C0013080	MATCHED
SIDE_EFFECT:2975	Dwarfism	Side_Effect::C0013336	MATCHED
SIDE_EFFECT:2976	Ectromelia	Side_Effect::C0013589	MATCHED
SIDE_EFFECT:2977	Fibrocystic disease	Side_Effect::C0016033	MATCHED
SIDE_EFFECT:2978	Hemimelia	Side_Effect::C0018987	MATCHED
SIDE_EFFECT:2979	Diaphragmatic hernia	Side_Effect::C0019284	MATCHED
SIDE_EFFECT:298	Influenza-like symptoms	Side_Effect::C0392171	MATCHED
SIDE_EFFECT:2980	Lymphocytic leukaemia	Side_Effect::C0023448	MATCHED
SIDE_EFFECT:2981	Meningomyelocele	Side_Effect::C0025312	MATCHED
SIDE_EFFECT:2982	Plasma cell myeloma	Side_Effect::C0026764	MATCHED
SIDE_EFFECT:2983	Plasmacytoma	Side_Effect::C0032131	MATCHED
SIDE_EFFECT:2984	Neural tube defect	Side_Effect::C0027794	MATCHED
SIDE_EFFECT:2985	Ovarian carcinoma	Side_Effect::C0029925	MATCHED
SIDE_EFFECT:2986	Phocomelia	Side_Effect::C0031575	MATCHED
SIDE_EFFECT:2987	Pituitary tumour	Side_Effect::C0032019	MATCHED
SIDE_EFFECT:2988	Tubal pregnancy	Side_Effect::C0032994	MATCHED
SIDE_EFFECT:2989	Ectopic pregnancy	Side_Effect::C0032987	MATCHED
SIDE_EFFECT:299	Influenza like illness	Side_Effect::C0521839	MATCHED
SIDE_EFFECT:2990	Prolactinoma	Side_Effect::C0033375	MATCHED
SIDE_EFFECT:2991	Fallot's tetralogy	Side_Effect::C0039685	MATCHED
SIDE_EFFECT:2992	Tracheo-oesophageal fistula	Side_Effect::C0040588	MATCHED
SIDE_EFFECT:2993	Neurofibromatosis	Side_Effect::C0162678	MATCHED
SIDE_EFFECT:2994	Neuroectodermal neoplasm	Side_Effect::C0206093	MATCHED
SIDE_EFFECT:2995	Hepatoblastoma	Side_Effect::C0206624	MATCHED
SIDE_EFFECT:2996	Hepatocellular adenoma	Side_Effect::C0206669	MATCHED
SIDE_EFFECT:2997	Hepatic adenoma	Side_Effect::C0541760	MATCHED
SIDE_EFFECT:2998	Bone development abnormal	Side_Effect::C0231557	MATCHED
SIDE_EFFECT:2999	Skull malformation	Side_Effect::C0235942	MATCHED
SIDE_EFFECT:3	Gastrointestinal pain	Side_Effect::C0687713	MATCHED
SIDE_EFFECT:30	Gastrointestinal disorder	Side_Effect::C0017178	MATCHED
SIDE_EFFECT:300	Platelet count decreased	Side_Effect::C0392386	MATCHED
SIDE_EFFECT:3000	Renal dysgenesis	Side_Effect::C0235964	MATCHED
SIDE_EFFECT:3001	Renal aplasia	Side_Effect::C1619700	MATCHED
SIDE_EFFECT:3002	Dermoid cyst of ovary	Side_Effect::C0237020	MATCHED
SIDE_EFFECT:3003	Ovarian germ cell teratoma benign	Side_Effect::C0854954	MATCHED
SIDE_EFFECT:3004	Dry hair	Side_Effect::C0277960	MATCHED
SIDE_EFFECT:3005	Cloacal exstrophy	Side_Effect::C0345217	MATCHED
SIDE_EFFECT:3006	Hepatic angiosarcoma	Side_Effect::C0345907	MATCHED
SIDE_EFFECT:3007	Ovarian enlargement	Side_Effect::C0392039	MATCHED
SIDE_EFFECT:3008	Posterior vitreous detachment	Side_Effect::C0423361	MATCHED
SIDE_EFFECT:3009	Unspecified congenital anomaly of brain, spinal cord, and nervous system	Side_Effect::C0497552	MATCHED
SIDE_EFFECT:301	Hyperkinesia	Side_Effect::C0424295	MATCHED
SIDE_EFFECT:3010	Congenital central nervous system anomaly	Side_Effect::C0151490	MATCHED
SIDE_EFFECT:3011	Renal agenesis	Side_Effect::C0542519	MATCHED
SIDE_EFFECT:3012	Carcinoma of tongue	Side_Effect::C0558353	MATCHED
SIDE_EFFECT:3013	Tongue neoplasm malignant stage unspecified	Side_Effect::C0153349	MATCHED
SIDE_EFFECT:3014	Muscular ventricular septal defect	Side_Effect::C0685707	MATCHED
SIDE_EFFECT:3015	Bladder carcinoma	Side_Effect::C0699885	MATCHED
SIDE_EFFECT:3016	Bladder cancer	Side_Effect::C0005684	MATCHED
SIDE_EFFECT:3017	Adnexal torsion	Side_Effect::C0740804	MATCHED
SIDE_EFFECT:3018	Omphalocele	Side_Effect::C0795690	MATCHED
SIDE_EFFECT:3019	Exomphalos	Side_Effect::C1306503	MATCHED
SIDE_EFFECT:302	Bradycardia	Side_Effect::C0428977	MATCHED
SIDE_EFFECT:3020	Pelvic discomfort	Side_Effect::C1535975	MATCHED
SIDE_EFFECT:3021	Glioblastoma multiforme	Side_Effect::C1621958	MATCHED
SIDE_EFFECT:3022	Ovarian haemorrhage	Side_Effect::C1696704	MATCHED
SIDE_EFFECT:3023	Arteriovenous fistula	Side_Effect::C0003855	MATCHED
SIDE_EFFECT:3024	Cleft palate	Side_Effect::C0008925	MATCHED
SIDE_EFFECT:3025	Corpus luteum cyst	Side_Effect::C0010093	MATCHED
SIDE_EFFECT:3026	Cryptorchism	Side_Effect::C0010417	MATCHED
SIDE_EFFECT:3027	Dermoid cyst	Side_Effect::C0011649	MATCHED
SIDE_EFFECT:3028	Gastrointestinal malformation	Side_Effect::C0012241	MATCHED
SIDE_EFFECT:3029	Pectus excavatum	Side_Effect::C0016842	MATCHED
SIDE_EFFECT:303	Application site pain	Side_Effect::C0521491	MATCHED
SIDE_EFFECT:3030	Peritoneal haemorrhage	Side_Effect::C0019065	MATCHED
SIDE_EFFECT:3031	Umbilical hernia	Side_Effect::C0019322	MATCHED
SIDE_EFFECT:3032	Hydrothorax	Side_Effect::C0020312	MATCHED
SIDE_EFFECT:3033	Syndactyly	Side_Effect::C0039075	MATCHED
SIDE_EFFECT:3034	Conjoined twins	Side_Effect::C0041428	MATCHED
SIDE_EFFECT:3035	Spina bifida occulta	Side_Effect::C0080174	MATCHED
SIDE_EFFECT:3036	Ovarian hyperstimulation syndrome	Side_Effect::C0085083	MATCHED
SIDE_EFFECT:3037	Ovulation pain	Side_Effect::C0152149	MATCHED
SIDE_EFFECT:3038	Polydactyly	Side_Effect::C0152427	MATCHED
SIDE_EFFECT:3039	Arterial occlusion	Side_Effect::C0264995	MATCHED
SIDE_EFFECT:304	Instillation site pain	Side_Effect::C0858797	MATCHED
SIDE_EFFECT:3040	Arterial occlusive disease	Side_Effect::C0003838	MATCHED
SIDE_EFFECT:3041	Amaurosis	Side_Effect::C0376288	MATCHED
SIDE_EFFECT:3042	Tibial torsion	Side_Effect::C0426900	MATCHED
SIDE_EFFECT:3043	Ovarian pain	Side_Effect::C0458109	MATCHED
SIDE_EFFECT:3044	Adnexa uteri pain	Side_Effect::C1142117	MATCHED
SIDE_EFFECT:3045	Apraxia	Side_Effect::C0003635	MATCHED
SIDE_EFFECT:3046	Catalepsy	Side_Effect::C0007370	MATCHED
SIDE_EFFECT:3047	Waxy flexibility	Side_Effect::C0233612	MATCHED
SIDE_EFFECT:3048	Labyrinthine disorder	Side_Effect::C0022890	MATCHED
SIDE_EFFECT:3049	Inner ear disorder	Side_Effect::C0494559	MATCHED
SIDE_EFFECT:305	Catheter related infection	Side_Effect::C0860239	MATCHED
SIDE_EFFECT:3050	Leukaemoid reaction	Side_Effect::C0023501	MATCHED
SIDE_EFFECT:3051	Mutism	Side_Effect::C0026884	MATCHED
SIDE_EFFECT:3052	Psychosomatic disease	Side_Effect::C0033931	MATCHED
SIDE_EFFECT:3053	Gastric dilatation	Side_Effect::C0038353	MATCHED
SIDE_EFFECT:3054	Stomach dilation procedure	Side_Effect::C1456329	MATCHED
SIDE_EFFECT:3055	Vestibular disorder	Side_Effect::C0042594	MATCHED
SIDE_EFFECT:3056	Anticholinergic syndrome	Side_Effect::C0151500	MATCHED
SIDE_EFFECT:3057	Schizophrenic reaction	Side_Effect::C0151898	MATCHED
SIDE_EFFECT:3058	Schizophreniform disorder	Side_Effect::C0036358	MATCHED
SIDE_EFFECT:3059	Generalised spasm	Side_Effect::C0151911	MATCHED
SIDE_EFFECT:306	Device related infection	Side_Effect::C1619702	MATCHED
SIDE_EFFECT:3060	Hypnagogic hallucination	Side_Effect::C0233773	MATCHED
SIDE_EFFECT:3061	Faeces discoloured	Side_Effect::C0235315	MATCHED
SIDE_EFFECT:3062	Uterine inflammation	Side_Effect::C0235883	MATCHED
SIDE_EFFECT:3063	Infection susceptibility increased	Side_Effect::C0236171	MATCHED
SIDE_EFFECT:3064	Fat intolerance	Side_Effect::C0239549	MATCHED
SIDE_EFFECT:3065	Anxiety state	Side_Effect::C0700613	MATCHED
SIDE_EFFECT:3066	Libido disorder	Side_Effect::C0854382	MATCHED
SIDE_EFFECT:3067	Unrest	Side_Effect::C0858854	MATCHED
SIDE_EFFECT:3068	Abdominal disorder	Side_Effect::C1290864	MATCHED
SIDE_EFFECT:3069	Renal cyst	Side_Effect::C2173677	MATCHED
SIDE_EFFECT:307	Procedural complication	Side_Effect::C1141861	MATCHED
SIDE_EFFECT:3070	Alcohol intoxication	Side_Effect::C0001969	MATCHED
SIDE_EFFECT:3071	Alcohol poisoning	Side_Effect::C0392620	MATCHED
SIDE_EFFECT:3072	Infectious mononucleosis	Side_Effect::C0021345	MATCHED
SIDE_EFFECT:3073	Sprain	Side_Effect::C0038045	MATCHED
SIDE_EFFECT:3074	Xeroderma	Side_Effect::C0043345	MATCHED
SIDE_EFFECT:3075	Unsteady gait	Side_Effect::C0231686	MATCHED
SIDE_EFFECT:3076	Knee pain	Side_Effect::C0231749	MATCHED
SIDE_EFFECT:3077	Dysdiadochokinesis	Side_Effect::C0234979	MATCHED
SIDE_EFFECT:3078	Hunger abnormal	Side_Effect::C0235119	MATCHED
SIDE_EFFECT:3079	Appetite disorder	Side_Effect::C0003621	MATCHED
SIDE_EFFECT:308	Acute confusional state	Side_Effect::C1285577	MATCHED
SIDE_EFFECT:3080	Ejaculation decreased	Side_Effect::C0235213	MATCHED
SIDE_EFFECT:3081	Thrombophlebitis of the leg	Side_Effect::C0235504	MATCHED
SIDE_EFFECT:3082	Sneezing excessive	Side_Effect::C0235564	MATCHED
SIDE_EFFECT:3083	Painful ankle	Side_Effect::C0238656	MATCHED
SIDE_EFFECT:3084	Swelling of knees	Side_Effect::C0240130	MATCHED
SIDE_EFFECT:3085	Asthmatic attack	Side_Effect::C0347950	MATCHED
SIDE_EFFECT:3086	Abnormal eye movements NOS	Side_Effect::C0497202	MATCHED
SIDE_EFFECT:3087	Inflammation localised	Side_Effect::C0522570	MATCHED
SIDE_EFFECT:3088	Incomplete precocious puberty	Side_Effect::C0854210	MATCHED
SIDE_EFFECT:3089	Headache fullness	Side_Effect::C0856864	MATCHED
SIDE_EFFECT:309	Somnolence	Side_Effect::C2830004	MATCHED
SIDE_EFFECT:3090	Gastrointestinal inflammation	Side_Effect::C1535950	MATCHED
SIDE_EFFECT:3091	Colonic pseudo-obstruction	Side_Effect::C0009377	MATCHED
SIDE_EFFECT:3092	Intractable pain	Side_Effect::C0030200	MATCHED
SIDE_EFFECT:3093	Parotitis	Side_Effect::C0030583	MATCHED
SIDE_EFFECT:3094	Sleep terror	Side_Effect::C0037320	MATCHED
SIDE_EFFECT:3095	Lower respiratory tract infection	Side_Effect::C0149725	MATCHED
SIDE_EFFECT:3096	Localised numbness	Side_Effect::C0235018	MATCHED
SIDE_EFFECT:3097	Otitis media acute	Side_Effect::C0271429	MATCHED
SIDE_EFFECT:3098	Delusional perception	Side_Effect::C0424024	MATCHED
SIDE_EFFECT:3099	Tearfulness	Side_Effect::C0424109	MATCHED
SIDE_EFFECT:31	Headache	Side_Effect::C0018681	MATCHED
SIDE_EFFECT:310	Amniotic cavity infection	Side_Effect::C0002631	MATCHED
SIDE_EFFECT:3100	Rebound hypertension	Side_Effect::C0520540	MATCHED
SIDE_EFFECT:3101	Withdrawal hypertension	Side_Effect::C0857468	MATCHED
SIDE_EFFECT:3102	Junctional bradycardia	Side_Effect::C0745499	MATCHED
SIDE_EFFECT:3103	Abnormal sleep-related event	Side_Effect::C0855246	MATCHED
SIDE_EFFECT:3104	Generalized macular rash	Side_Effect::C0857083	MATCHED
SIDE_EFFECT:3105	Liver fatty	Side_Effect::C0015695	MATCHED
SIDE_EFFECT:3106	Haemarthrosis	Side_Effect::C0018924	MATCHED
SIDE_EFFECT:3107	Factor VIII deficiency	Side_Effect::C0019069	MATCHED
SIDE_EFFECT:3108	Vasomotor rhinitis	Side_Effect::C0035460	MATCHED
SIDE_EFFECT:3109	Intestinal ulcer	Side_Effect::C0151971	MATCHED
SIDE_EFFECT:311	Premature rupture of membranes	Side_Effect::C0015944	MATCHED
SIDE_EFFECT:3110	Ulcer haemorrhage	Side_Effect::C0333291	MATCHED
SIDE_EFFECT:3111	Gastric ulcer perforation	Side_Effect::C0341163	MATCHED
SIDE_EFFECT:3112	Duodenitis haemorrhagic	Side_Effect::C0341245	MATCHED
SIDE_EFFECT:3113	Lymphocytic colitis	Side_Effect::C0400822	MATCHED
SIDE_EFFECT:3114	Colitis microscopic	Side_Effect::C0400821	MATCHED
SIDE_EFFECT:3115	Eye bleeding	Side_Effect::C0423008	MATCHED
SIDE_EFFECT:3116	Skin bleeding	Side_Effect::C0574741	MATCHED
SIDE_EFFECT:3117	Neutrophil count decreased	Side_Effect::C0853697	MATCHED
SIDE_EFFECT:3118	Blood creatine increased	Side_Effect::C0854029	MATCHED
SIDE_EFFECT:3119	Upper gastrointestinal symptoms	Side_Effect::C0857493	MATCHED
SIDE_EFFECT:312	Foetal acidosis	Side_Effect::C0410959	MATCHED
SIDE_EFFECT:3120	Puncture site haemorrhage	Side_Effect::C0919883	MATCHED
SIDE_EFFECT:3121	Acquired haemophilia	Side_Effect::C1096116	MATCHED
SIDE_EFFECT:3122	Cross reactive drug hypersensitivity	Side_Effect::C1112632	MATCHED
SIDE_EFFECT:3123	Drug-induced hypersensitivity syndrome	Side_Effect::C1168290	MATCHED
SIDE_EFFECT:3124	Gastritis haemorrhagic	Side_Effect::C2010560	MATCHED
SIDE_EFFECT:3125	Glucose-6-phosphate dehydrogenase deficiency	Side_Effect::C2939465	MATCHED
SIDE_EFFECT:3128	Cataplexy	Side_Effect::C0007384	MATCHED
SIDE_EFFECT:3129	Diabetic hyperosmolar coma	Side_Effect::C0020457	MATCHED
SIDE_EFFECT:313	Acidosis	Side_Effect::C0001122	MATCHED
SIDE_EFFECT:3130	Insomnia NEC	Side_Effect::C0021605	MATCHED
SIDE_EFFECT:3131	Hepatic cirrhosis	Side_Effect::C0023890	MATCHED
SIDE_EFFECT:3132	Phenylketonuria	Side_Effect::C0031485	MATCHED
SIDE_EFFECT:3133	Ketoacidosis	Side_Effect::C0220982	MATCHED
SIDE_EFFECT:3134	Nocturnal enuresis	Side_Effect::C0270327	MATCHED
SIDE_EFFECT:3135	Sudden death, cause unknown	Side_Effect::C0520806	MATCHED
SIDE_EFFECT:3136	Myasthenic syndrome	Side_Effect::C0549225	MATCHED
SIDE_EFFECT:3137	Spasm biliary	Side_Effect::C0235360	MATCHED
SIDE_EFFECT:3138	Ureteral spasm	Side_Effect::C0948226	MATCHED
SIDE_EFFECT:3139	Diuretic effect	Side_Effect::C0948429	MATCHED
SIDE_EFFECT:314	Hypernatraemia	Side_Effect::C0020488	MATCHED
SIDE_EFFECT:3140	Circulatory depression	Side_Effect::C1610069	MATCHED
SIDE_EFFECT:3141	Cardiovascular insufficiency	Side_Effect::C1392046	MATCHED
SIDE_EFFECT:3142	Lactose intolerance	Side_Effect::C0022951	MATCHED
SIDE_EFFECT:3143	Lactase deficiency	Side_Effect::C0302813	MATCHED
SIDE_EFFECT:3144	Myotonia	Side_Effect::C0027125	MATCHED
SIDE_EFFECT:3145	Axonal neuropathy	Side_Effect::C0270921	MATCHED
SIDE_EFFECT:3146	Oesophageal spasm	Side_Effect::C0014863	MATCHED
SIDE_EFFECT:3147	Nasal itching	Side_Effect::C0850060	MATCHED
SIDE_EFFECT:3148	Bell's palsy	Side_Effect::C0376175	MATCHED
SIDE_EFFECT:3149	Posterior uveitis	Side_Effect::C0042167	MATCHED
SIDE_EFFECT:315	Corneal oedema	Side_Effect::C0010037	MATCHED
SIDE_EFFECT:3150	Choroiditis	Side_Effect::C0008526	MATCHED
SIDE_EFFECT:3151	Posterior synechiae of iris	Side_Effect::C0152253	MATCHED
SIDE_EFFECT:3152	Iris adhesions	Side_Effect::C0154933	MATCHED
SIDE_EFFECT:3153	Incoherent	Side_Effect::C0542044	MATCHED
SIDE_EFFECT:3154	Pericardial haemorrhage	Side_Effect::C0019064	MATCHED
SIDE_EFFECT:3155	Premature labour	Side_Effect::C0022876	MATCHED
SIDE_EFFECT:3156	Myeloproliferative disorder	Side_Effect::C0027022	MATCHED
SIDE_EFFECT:3157	Myxoedema	Side_Effect::C0027145	MATCHED
SIDE_EFFECT:3158	Pulmonary veno-occlusive disease	Side_Effect::C0034091	MATCHED
SIDE_EFFECT:3159	Cardiomyopathy secondary NOS	Side_Effect::C0036529	MATCHED
SIDE_EFFECT:316	Corneal opacity	Side_Effect::C0010038	MATCHED
SIDE_EFFECT:3160	Ureteritis	Side_Effect::C0041959	MATCHED
SIDE_EFFECT:3161	Wegener's granulomatosis	Side_Effect::C0043092	MATCHED
SIDE_EFFECT:3162	Granulomatosis with polyangiitis	Side_Effect::C3495801	MATCHED
SIDE_EFFECT:3163	Malignant neoplasm of renal pelvis	Side_Effect::C0153618	MATCHED
SIDE_EFFECT:3164	Ureteric cancer	Side_Effect::C0153619	MATCHED
SIDE_EFFECT:3165	Nail changes	Side_Effect::C0234909	MATCHED
SIDE_EFFECT:3166	Microscopic hematuria	Side_Effect::C0239937	MATCHED
SIDE_EFFECT:3167	Cystitis interstitial	Side_Effect::C0282488	MATCHED
SIDE_EFFECT:3168	Bladder necrosis	Side_Effect::C0341751	MATCHED
SIDE_EFFECT:3169	Ovarian atrophy	Side_Effect::C0404445	MATCHED
SIDE_EFFECT:317	Corneal decompensation	Side_Effect::C0948284	MATCHED
SIDE_EFFECT:3170	Bladder fibrosis	Side_Effect::C0521626	MATCHED
SIDE_EFFECT:3171	Ovarian failure	Side_Effect::C0747102	MATCHED
SIDE_EFFECT:3172	Generalized urticaria	Side_Effect::C0750016	MATCHED
SIDE_EFFECT:3173	Myopericarditis	Side_Effect::C0854532	MATCHED
SIDE_EFFECT:3174	Oral mucosa sore	Side_Effect::C0858979	MATCHED
SIDE_EFFECT:3175	Carditis	Side_Effect::C0869523	MATCHED
SIDE_EFFECT:3176	Myocardial haemorrhage	Side_Effect::C0877077	MATCHED
SIDE_EFFECT:3177	Hypothrombinaemia	Side_Effect::C1142523	MATCHED
SIDE_EFFECT:3178	Palmar-plantar erythema	Side_Effect::C1328537	MATCHED
SIDE_EFFECT:3179	Myocardial necrosis	Side_Effect::C1442837	MATCHED
SIDE_EFFECT:318	Apnoea	Side_Effect::C0003578	MATCHED
SIDE_EFFECT:3180	Wound healing normal	Side_Effect::C1863751	MATCHED
SIDE_EFFECT:3181	Parotid gland inflammation	Side_Effect::C2242496	MATCHED
SIDE_EFFECT:3182	Bacterial colonisation	Side_Effect::C2747813	MATCHED
SIDE_EFFECT:3183	Enanthema	Side_Effect::C0014034	MATCHED
SIDE_EFFECT:3184	Gingival disorder	Side_Effect::C0017563	MATCHED
SIDE_EFFECT:3185	Gingival hypertrophy	Side_Effect::C0017567	MATCHED
SIDE_EFFECT:3186	Progressive multifocal leukoencephalopathy	Side_Effect::C0023524	MATCHED
SIDE_EFFECT:3187	Obstruction	Side_Effect::C0028778	MATCHED
SIDE_EFFECT:3188	Upper gastrointestinal haemorrhage	Side_Effect::C0041909	MATCHED
SIDE_EFFECT:3189	Synovial cyst	Side_Effect::C0085648	MATCHED
SIDE_EFFECT:319	Atrioventricular block	Side_Effect::C0004245	MATCHED
SIDE_EFFECT:3190	Microangiopathic haemolytic anaemia	Side_Effect::C0221021	MATCHED
SIDE_EFFECT:3191	Contraction skeletal muscle	Side_Effect::C0541840	MATCHED
SIDE_EFFECT:3192	Systemic mycosis	Side_Effect::C0553576	MATCHED
SIDE_EFFECT:3193	Erythrodermic psoriasis	Side_Effect::C0748052	MATCHED
SIDE_EFFECT:3194	Progressive renal failure	Side_Effect::C0748318	MATCHED
SIDE_EFFECT:3195	Graft loss	Side_Effect::C0877042	MATCHED
SIDE_EFFECT:3196	Renal graft loss	Side_Effect::C0877690	MATCHED
SIDE_EFFECT:3197	Cyclosporine toxicity	Side_Effect::C0948765	MATCHED
SIDE_EFFECT:3198	Transplant failure	Side_Effect::C1262018	MATCHED
SIDE_EFFECT:3199	Polyomavirus-associated nephropathy	Side_Effect::C1696946	MATCHED
SIDE_EFFECT:32	Haemorrhage	Side_Effect::C0019080	MATCHED
SIDE_EFFECT:320	Drowsiness	Side_Effect::C0013144	MATCHED
SIDE_EFFECT:3200	Malignant solid tumour	Side_Effect::C1698088	MATCHED
SIDE_EFFECT:3201	Acne vulgaris	Side_Effect::C0001144	MATCHED
SIDE_EFFECT:3202	Vascular headache	Side_Effect::C0042376	MATCHED
SIDE_EFFECT:3203	Urate crystalluria	Side_Effect::C0151582	MATCHED
SIDE_EFFECT:3204	Uterine fibroids enlarged	Side_Effect::C0151996	MATCHED
SIDE_EFFECT:3205	Retinal vascular disorder	Side_Effect::C0154833	MATCHED
SIDE_EFFECT:3206	Intra-abdominal haemorrhage	Side_Effect::C0236178	MATCHED
SIDE_EFFECT:3207	Spermatozoa abnormal	Side_Effect::C0541896	MATCHED
SIDE_EFFECT:3208	Foetal chromosome abnormality	Side_Effect::C1535919	MATCHED
SIDE_EFFECT:3209	Embolus	Side_Effect::C1704212	MATCHED
SIDE_EFFECT:321	Hyperventilation	Side_Effect::C0020578	MATCHED
SIDE_EFFECT:3210	Ovulation inhibited	Side_Effect::C3536683	MATCHED
SIDE_EFFECT:3211	Anovulatory cycle	Side_Effect::C0429468	MATCHED
SIDE_EFFECT:3212	Bartholin's cyst	Side_Effect::C0004767	MATCHED
SIDE_EFFECT:3213	Joint lock	Side_Effect::C0547000	MATCHED
SIDE_EFFECT:3214	Erythrocytosis	Side_Effect::C1527405	MATCHED
SIDE_EFFECT:3215	Splenic peliosis	Side_Effect::C2609073	MATCHED
SIDE_EFFECT:3216	Anoxia	Side_Effect::C0003130	MATCHED
SIDE_EFFECT:3217	Drug-induced lupus erythematosus	Side_Effect::C0263591	MATCHED
SIDE_EFFECT:3218	Tonic clonic movements	Side_Effect::C0919909	MATCHED
SIDE_EFFECT:3219	Red blotches	Side_Effect::C0857199	MATCHED
SIDE_EFFECT:322	Nasal congestion	Side_Effect::C0027424	MATCHED
SIDE_EFFECT:3220	Chondropathy	Side_Effect::C0007302	MATCHED
SIDE_EFFECT:3221	Subcutaneous abscess	Side_Effect::C0241266	MATCHED
SIDE_EFFECT:3222	Psychomotor skills impaired	Side_Effect::C0877167	MATCHED
SIDE_EFFECT:3223	Cryptococcal cutaneous infection	Side_Effect::C1096256	MATCHED
SIDE_EFFECT:3224	Pyramidal tract syndrome	Side_Effect::C1504405	MATCHED
SIDE_EFFECT:3225	Mucormycosis	Side_Effect::C0026718	MATCHED
SIDE_EFFECT:3226	Zygomycosis	Side_Effect::C0043541	MATCHED
SIDE_EFFECT:3227	Retinal degeneration	Side_Effect::C0035304	MATCHED
SIDE_EFFECT:3228	Dialysis dementia	Side_Effect::C0221040	MATCHED
SIDE_EFFECT:3229	Toxic encephalopathy	Side_Effect::C0149504	MATCHED
SIDE_EFFECT:323	Numbness	Side_Effect::C0028643	MATCHED
SIDE_EFFECT:3230	Immobile	Side_Effect::C0231441	MATCHED
SIDE_EFFECT:3231	Metaphyseal dysplasia	Side_Effect::C0265294	MATCHED
SIDE_EFFECT:3232	Eschar	Side_Effect::C0521172	MATCHED
SIDE_EFFECT:3233	Gastroenteritis yersinia	Side_Effect::C0853198	MATCHED
SIDE_EFFECT:3234	Dyschromatopsia	Side_Effect::C0858618	MATCHED
SIDE_EFFECT:3235	Pancreatic enzymes increased	Side_Effect::C0549369	MATCHED
SIDE_EFFECT:3236	Comedone	Side_Effect::C0221228	MATCHED
SIDE_EFFECT:3237	Fat embolism	Side_Effect::C0013928	MATCHED
SIDE_EFFECT:3238	Ocular hypertension	Side_Effect::C0028840	MATCHED
SIDE_EFFECT:3239	Hypotony of eye	Side_Effect::C0028841	MATCHED
SIDE_EFFECT:324	Sensory loss	Side_Effect::C0278134	MATCHED
SIDE_EFFECT:3240	Pseudotumor	Side_Effect::C0033844	MATCHED
SIDE_EFFECT:3241	Retinal tear	Side_Effect::C0035321	MATCHED
SIDE_EFFECT:3242	Vitreous haemorrhage	Side_Effect::C0042909	MATCHED
SIDE_EFFECT:3243	Adrenocortical insufficiency acute	Side_Effect::C0151467	MATCHED
SIDE_EFFECT:3244	Vitreous opacities	Side_Effect::C0152006	MATCHED
SIDE_EFFECT:3245	Anterior chamber flare	Side_Effect::C0423281	MATCHED
SIDE_EFFECT:3246	Anterior chamber cell	Side_Effect::C0423282	MATCHED
SIDE_EFFECT:3247	Migration of implant	Side_Effect::C0859229	MATCHED
SIDE_EFFECT:3248	Device dislocation	Side_Effect::C1608950	MATCHED
SIDE_EFFECT:3249	Anterior chamber inflammation	Side_Effect::C1096278	MATCHED
SIDE_EFFECT:325	Supraventricular extrasystoles	Side_Effect::C0033036	MATCHED
SIDE_EFFECT:3250	Retinal aneurysm	Side_Effect::C1535948	MATCHED
SIDE_EFFECT:3251	Complication of device insertion	Side_Effect::C1608942	MATCHED
SIDE_EFFECT:3252	Joint instability	Side_Effect::C0022410	MATCHED
SIDE_EFFECT:3253	Loss of skin markings	Side_Effect::C0860453	MATCHED
SIDE_EFFECT:3254	Skin depigmentation	Side_Effect::C0262977	MATCHED
SIDE_EFFECT:3255	Blood pressure systolic increased	Side_Effect::C0277884	MATCHED
SIDE_EFFECT:3256	Motor tic	Side_Effect::C0751900	MATCHED
SIDE_EFFECT:3257	Tic	Side_Effect::C0040188	MATCHED
SIDE_EFFECT:3259	Choreoathetoid movements	Side_Effect::C0234967	MATCHED
SIDE_EFFECT:326	Scotoma	Side_Effect::C0036454	MATCHED
SIDE_EFFECT:3261	Cardiac death	Side_Effect::C0376297	MATCHED
SIDE_EFFECT:3263	Compulsions	Side_Effect::C0600104	MATCHED
SIDE_EFFECT:3264	Fructose intolerance	Side_Effect::C0016751	MATCHED
SIDE_EFFECT:3265	Tingling skin	Side_Effect::C0235050	MATCHED
SIDE_EFFECT:3266	Ingrown hair	Side_Effect::C0263492	MATCHED
SIDE_EFFECT:3267	Pseudofolliculitis barbae	Side_Effect::C0549150	MATCHED
SIDE_EFFECT:3268	Numbness lips	Side_Effect::C0877197	MATCHED
SIDE_EFFECT:3269	Stinging skin	Side_Effect::C1274926	MATCHED
SIDE_EFFECT:327	Sinoatrial block	Side_Effect::C0037188	MATCHED
SIDE_EFFECT:3270	Fertilization	Side_Effect::C0015914	MATCHED
SIDE_EFFECT:3271	Assisted fertilisation	Side_Effect::C0521305	MATCHED
SIDE_EFFECT:3272	Body hair loss	Side_Effect::C0574770	MATCHED
SIDE_EFFECT:3274	Emotional poverty	Side_Effect::C0235113	MATCHED
SIDE_EFFECT:3275	Floppy infant	Side_Effect::C0270971	MATCHED
SIDE_EFFECT:3276	Burning rectal	Side_Effect::C0541819	MATCHED
SIDE_EFFECT:3277	Retching reflex decreased	Side_Effect::C0751476	MATCHED
SIDE_EFFECT:3278	Hyperexcitation	Side_Effect::C0856984	MATCHED
SIDE_EFFECT:3279	Diabetic ketoacidosis	Side_Effect::C0011880	MATCHED
SIDE_EFFECT:328	Device capturing issue	Side_Effect::C2747891	MATCHED
SIDE_EFFECT:3280	Subconjunctival hemorrhage	Side_Effect::C0038534	MATCHED
SIDE_EFFECT:3281	Immunoglobulin G low	Side_Effect::C0239987	MATCHED
SIDE_EFFECT:3282	Blood immunoglobulin G decreased	Side_Effect::C0853705	MATCHED
SIDE_EFFECT:3283	Pancreatic necrosis	Side_Effect::C0267953	MATCHED
SIDE_EFFECT:3284	Scotoma annular	Side_Effect::C0438434	MATCHED
SIDE_EFFECT:3285	Hepatorenal syndrome	Side_Effect::C0019212	MATCHED
SIDE_EFFECT:3286	Injection site abscess	Side_Effect::C0151464	MATCHED
SIDE_EFFECT:3287	Corneal perforation	Side_Effect::C0339293	MATCHED
SIDE_EFFECT:3288	Swelling of eyelid	Side_Effect::C0560024	MATCHED
SIDE_EFFECT:3289	Creatinine abnormal NOS	Side_Effect::C0740471	MATCHED
SIDE_EFFECT:329	Cerebrovascular accident	Side_Effect::C0038454	MATCHED
SIDE_EFFECT:3290	Eye allergy	Side_Effect::C0852875	MATCHED
SIDE_EFFECT:3291	Hemorrhoids aggravated	Side_Effect::C0856099	MATCHED
SIDE_EFFECT:3292	Abrasion NOS	Side_Effect::C1302752	MATCHED
SIDE_EFFECT:3293	Application site induration	Side_Effect::C1535849	MATCHED
SIDE_EFFECT:3294	Intestinal diaphragm disease	Side_Effect::C1608953	MATCHED
SIDE_EFFECT:3295	Globus hystericus	Side_Effect::C0017650	MATCHED
SIDE_EFFECT:3296	Urine phosphate increased	Side_Effect::C0948023	MATCHED
SIDE_EFFECT:3297	Urine phosphorus increased	Side_Effect::C1096658	MATCHED
SIDE_EFFECT:3298	Pseudodementia	Side_Effect::C0033797	MATCHED
SIDE_EFFECT:3299	Reflex sympathetic dystrophy	Side_Effect::C0034931	MATCHED
SIDE_EFFECT:33	Haemoglobin	Side_Effect::C0518015	MATCHED
SIDE_EFFECT:330	Sinus tachycardia	Side_Effect::C0039239	MATCHED
SIDE_EFFECT:3300	Complex regional pain syndrome	Side_Effect::C0458219	MATCHED
SIDE_EFFECT:3301	Cervicobrachial syndrome	Side_Effect::C0158281	MATCHED
SIDE_EFFECT:3302	Cycloplegia	Side_Effect::C0235238	MATCHED
SIDE_EFFECT:3303	Suppressed lactation	Side_Effect::C0269993	MATCHED
SIDE_EFFECT:3304	Transient global amnesia	Side_Effect::C0338591	MATCHED
SIDE_EFFECT:3305	Bloated feeling	Side_Effect::C0857257	MATCHED
SIDE_EFFECT:3306	Coagulation necrosis	Side_Effect::C1522058	MATCHED
SIDE_EFFECT:3307	Retinal depigmentation	Side_Effect::C0151891	MATCHED
SIDE_EFFECT:3308	Symptomatic hyperlactatemia	Side_Effect::C1142357	MATCHED
SIDE_EFFECT:3309	Portal hypertension	Side_Effect::C0020541	MATCHED
SIDE_EFFECT:331	Tinnitus	Side_Effect::C0040264	MATCHED
SIDE_EFFECT:3310	Itch burning	Side_Effect::C0858708	MATCHED
SIDE_EFFECT:3311	Gastrointestinal perforation	Side_Effect::C0151664	MATCHED
SIDE_EFFECT:3312	Necrotising fasciitis	Side_Effect::C0238124	MATCHED
SIDE_EFFECT:3313	Cellulitis gangrenous	Side_Effect::C0854456	MATCHED
SIDE_EFFECT:3314	Acute anaphylaxis	Side_Effect::C0857035	MATCHED
SIDE_EFFECT:3315	Scleral hyperaemia	Side_Effect::C0423271	MATCHED
SIDE_EFFECT:3316	Eyelid irritation	Side_Effect::C1112366	MATCHED
SIDE_EFFECT:3317	Application site discomfort	Side_Effect::C1328375	MATCHED
SIDE_EFFECT:3318	Posterior capsule opacification	Side_Effect::C1444680	MATCHED
SIDE_EFFECT:3319	Reproductive toxicity	Side_Effect::C3665888	MATCHED
SIDE_EFFECT:332	Torsade de pointes	Side_Effect::C0040479	MATCHED
SIDE_EFFECT:3320	Dissociation	Side_Effect::C0086168	MATCHED
SIDE_EFFECT:3321	Digoxin toxicity	Side_Effect::C0274727	MATCHED
SIDE_EFFECT:3322	Electrocardiogram PR prolongation	Side_Effect::C0600125	MATCHED
SIDE_EFFECT:3323	Digoxin effect	Side_Effect::C0857457	MATCHED
SIDE_EFFECT:3324	Supraventricular tachyarrhythmia	Side_Effect::C1698480	MATCHED
SIDE_EFFECT:3325	Mesenteric vascular insufficiency	Side_Effect::C1412000	MATCHED
SIDE_EFFECT:3326	Arteriospasm coronary	Side_Effect::C0010073	MATCHED
SIDE_EFFECT:3327	Nevus	Side_Effect::C0027960	MATCHED
SIDE_EFFECT:3328	Melanocytic naevus	Side_Effect::C0027962	MATCHED
SIDE_EFFECT:3329	Edema of lower extremities	Side_Effect::C0239340	MATCHED
SIDE_EFFECT:333	Ventricular fibrillation	Side_Effect::C0042510	MATCHED
SIDE_EFFECT:3330	Left ventricular dysfunction	Side_Effect::C0242698	MATCHED
SIDE_EFFECT:3331	Drug-induced parkinsonism	Side_Effect::C0270729	MATCHED
SIDE_EFFECT:3332	Sinoatrial node dysfunction	Side_Effect::C0428908	MATCHED
SIDE_EFFECT:3333	Sinus arrhythmia	Side_Effect::C0003813	MATCHED
SIDE_EFFECT:3334	Neck swelling	Side_Effect::C0578454	MATCHED
SIDE_EFFECT:3335	Acute liver damage	Side_Effect::C0857331	MATCHED
SIDE_EFFECT:3336	Osteoarticular pain	Side_Effect::C1536074	MATCHED
SIDE_EFFECT:3337	Acute liver injury	Side_Effect::C2242583	MATCHED
SIDE_EFFECT:3338	Intraoperative hemorrhage	Side_Effect::C0079027	MATCHED
SIDE_EFFECT:3339	Procedural haemorrhage	Side_Effect::C3203457	MATCHED
SIDE_EFFECT:334	Ventricular tachycardia	Side_Effect::C0042514	MATCHED
SIDE_EFFECT:3340	Sustained ventricular tachycardia	Side_Effect::C0750197	MATCHED
SIDE_EFFECT:3341	Transient cerebral ischemia	Side_Effect::C0917805	MATCHED
SIDE_EFFECT:3342	Electrocardiogram ST-T change	Side_Effect::C0919620	MATCHED
SIDE_EFFECT:3343	Seizure cerebral	Side_Effect::C1540600	MATCHED
SIDE_EFFECT:3344	Prostatism	Side_Effect::C0242453	MATCHED
SIDE_EFFECT:3345	Defect conduction intraventricular	Side_Effect::C0264909	MATCHED
SIDE_EFFECT:3346	Proarrhythmic effect	Side_Effect::C0861149	MATCHED
SIDE_EFFECT:3347	Fatigability	Side_Effect::C0231230	MATCHED
SIDE_EFFECT:3348	Autism	Side_Effect::C0004352	MATCHED
SIDE_EFFECT:3349	Fanconi syndrome	Side_Effect::C0015624	MATCHED
SIDE_EFFECT:335	Micturition urgency	Side_Effect::C0085606	MATCHED
SIDE_EFFECT:3350	Learning disorder	Side_Effect::C0023186	MATCHED
SIDE_EFFECT:3351	Discoid lupus erythematosus	Side_Effect::C0024138	MATCHED
SIDE_EFFECT:3352	Polycystic ovaries	Side_Effect::C0032460	MATCHED
SIDE_EFFECT:3353	Amenorrhea secondary	Side_Effect::C0232940	MATCHED
SIDE_EFFECT:3354	Cerebral atrophy	Side_Effect::C0235946	MATCHED
SIDE_EFFECT:3355	Neonatal and infancy disorder	Side_Effect::C0236101	MATCHED
SIDE_EFFECT:3356	Neonatal disorder	Side_Effect::C0021290	MATCHED
SIDE_EFFECT:3357	Petit mal status, epileptic	Side_Effect::C0270823	MATCHED
SIDE_EFFECT:3358	Coagulation factor decreased	Side_Effect::C0272315	MATCHED
SIDE_EFFECT:3359	Liver function test normal	Side_Effect::C0438235	MATCHED
SIDE_EFFECT:336	Pollakiuria	Side_Effect::C0042023	MATCHED
SIDE_EFFECT:3360	Spots before eyes	Side_Effect::C0542224	MATCHED
SIDE_EFFECT:3361	Hypofibrinogenaemia	Side_Effect::C0553681	MATCHED
SIDE_EFFECT:3362	Cerebellar atrophy	Side_Effect::C0740279	MATCHED
SIDE_EFFECT:3363	Epidermal necrosis	Side_Effect::C1167709	MATCHED
SIDE_EFFECT:3364	Autism spectrum disorder	Side_Effect::C1510586	MATCHED
SIDE_EFFECT:3365	Pharmacokinetic interaction	Side_Effect::C1868980	MATCHED
SIDE_EFFECT:3366	Hypervigilance	Side_Effect::C0235013	MATCHED
SIDE_EFFECT:3367	Lacrimal duct obstruction	Side_Effect::C0022906	MATCHED
SIDE_EFFECT:3368	Dacryostenosis acquired	Side_Effect::C1096185	MATCHED
SIDE_EFFECT:3369	Large intestine perforation	Side_Effect::C0151738	MATCHED
SIDE_EFFECT:337	Ventricular arrhythmia	Side_Effect::C0085612	MATCHED
SIDE_EFFECT:3370	Acute pulmonary oedema	Side_Effect::C0155919	MATCHED
SIDE_EFFECT:3371	Radiation pneumonitis	Side_Effect::C0206063	MATCHED
SIDE_EFFECT:3372	Neutropenic enterocolitis	Side_Effect::C0343387	MATCHED
SIDE_EFFECT:3373	Neutropenic colitis	Side_Effect::C0400823	MATCHED
SIDE_EFFECT:3374	Cancer pain	Side_Effect::C0596240	MATCHED
SIDE_EFFECT:3375	Nail toxicity	Side_Effect::C1167686	MATCHED
SIDE_EFFECT:3376	Neutropenic infection	Side_Effect::C1167779	MATCHED
SIDE_EFFECT:3377	Skin toxicity	Side_Effect::C1167791	MATCHED
SIDE_EFFECT:3378	Fluid imbalance	Side_Effect::C2364164	MATCHED
SIDE_EFFECT:3379	Localized rash	Side_Effect::C0497364	MATCHED
SIDE_EFFECT:338	Atrioventricular block first degree	Side_Effect::C0085614	MATCHED
SIDE_EFFECT:3380	Carcinoma of lung	Side_Effect::C0684249	MATCHED
SIDE_EFFECT:3381	Lung neoplasm malignant	Side_Effect::C0242379	MATCHED
SIDE_EFFECT:3382	Advanced breast cancer	Side_Effect::C3495917	MATCHED
SIDE_EFFECT:3383	Electrocardiogram abnormal specific	Side_Effect::C0236141	MATCHED
SIDE_EFFECT:3384	Wide complex tachycardia	Side_Effect::C0749249	MATCHED
SIDE_EFFECT:3385	Electrocardiogram poor R-wave progression	Side_Effect::C0877038	MATCHED
SIDE_EFFECT:3386	QRS axis abnormal	Side_Effect::C1112436	MATCHED
SIDE_EFFECT:3387	Serum prolactin increased	Side_Effect::C0857980	MATCHED
SIDE_EFFECT:3388	Arteritis	Side_Effect::C0003860	MATCHED
SIDE_EFFECT:3389	Assault	Side_Effect::C0004063	MATCHED
SIDE_EFFECT:339	Burning sensation	Side_Effect::C0085624	MATCHED
SIDE_EFFECT:3390	Physical assault	Side_Effect::C0740319	MATCHED
SIDE_EFFECT:3391	Deficiency anaemia	Side_Effect::C0041782	MATCHED
SIDE_EFFECT:3392	Erythropenia	Side_Effect::C0221395	MATCHED
SIDE_EFFECT:3393	Physical wandering	Side_Effect::C0233569	MATCHED
SIDE_EFFECT:3394	Withdrawal emotional	Side_Effect::C0235117	MATCHED
SIDE_EFFECT:3395	Increased thirst	Side_Effect::C0241379	MATCHED
SIDE_EFFECT:3396	Anaemia vitamin B12 deficiency	Side_Effect::C2004521	MATCHED
SIDE_EFFECT:3397	Choroidal detachment	Side_Effect::C0162279	MATCHED
SIDE_EFFECT:3398	Bronchial obstruction	Side_Effect::C0221725	MATCHED
SIDE_EFFECT:3399	Cold hands & feet	Side_Effect::C0857073	MATCHED
SIDE_EFFECT:34	Hypercalcaemia	Side_Effect::C0020437	MATCHED
SIDE_EFFECT:340	Mood swings	Side_Effect::C0085633	MATCHED
SIDE_EFFECT:3400	Eyelid pain	Side_Effect::C1142349	MATCHED
SIDE_EFFECT:3401	Essential hypertension	Side_Effect::C0085580	MATCHED
SIDE_EFFECT:3402	Tooth hypoplasia	Side_Effect::C0235357	MATCHED
SIDE_EFFECT:3403	Semen abnormal	Side_Effect::C0235756	MATCHED
SIDE_EFFECT:3404	Semen analysis abnormal	Side_Effect::C2363829	MATCHED
SIDE_EFFECT:3405	Retrograde ejaculation	Side_Effect::C0403673	MATCHED
SIDE_EFFECT:3406	Adjustment disorder	Side_Effect::C0001546	MATCHED
SIDE_EFFECT:3407	Breast cyst	Side_Effect::C0006144	MATCHED
SIDE_EFFECT:3408	Gingival recession	Side_Effect::C0017572	MATCHED
SIDE_EFFECT:3409	Nasopharyngeal disorder	Side_Effect::C0027438	MATCHED
SIDE_EFFECT:341	Affect lability	Side_Effect::C0233472	MATCHED
SIDE_EFFECT:3410	Transient insomnia	Side_Effect::C0393759	MATCHED
SIDE_EFFECT:3411	Sleep paralysis	Side_Effect::C0456511	MATCHED
SIDE_EFFECT:3412	Chronic insomnia	Side_Effect::C0751249	MATCHED
SIDE_EFFECT:3413	Infective tenosynovitis	Side_Effect::C0847403	MATCHED
SIDE_EFFECT:3414	Cellulitis staphylococcal	Side_Effect::C0853857	MATCHED
SIDE_EFFECT:3415	Lung adenocarcinoma stage I	Side_Effect::C0854985	MATCHED
SIDE_EFFECT:3416	Lip blister	Side_Effect::C0858751	MATCHED
SIDE_EFFECT:3417	Joint range of motion decreased	Side_Effect::C0877027	MATCHED
SIDE_EFFECT:3418	Blood pressure inadequately controlled	Side_Effect::C0919892	MATCHED
SIDE_EFFECT:3419	Electrocardiogram ST-T segment abnormal	Side_Effect::C0948376	MATCHED
SIDE_EFFECT:342	Atrioventricular block complete	Side_Effect::C0151517	MATCHED
SIDE_EFFECT:3420	Light anaesthesia	Side_Effect::C0475746	MATCHED
SIDE_EFFECT:3421	Bilirubin conjugated increased	Side_Effect::C0855625	MATCHED
SIDE_EFFECT:3422	Anemic	Side_Effect::C0857322	MATCHED
SIDE_EFFECT:3423	Vermiculation	Side_Effect::C0031133	MATCHED
SIDE_EFFECT:3424	Spasm of accommodation	Side_Effect::C0152196	MATCHED
SIDE_EFFECT:3425	Anophthalmos	Side_Effect::C0003119	MATCHED
SIDE_EFFECT:3426	Fasting	Side_Effect::C0015663	MATCHED
SIDE_EFFECT:3427	Lipidosis	Side_Effect::C0023794	MATCHED
SIDE_EFFECT:3428	Photocontact dermatitis	Side_Effect::C0162824	MATCHED
SIDE_EFFECT:3429	Hepatitis C antibody positive	Side_Effect::C0281863	MATCHED
SIDE_EFFECT:343	Ventricular extrasystoles	Side_Effect::C0151636	MATCHED
SIDE_EFFECT:3430	Rash recurrent	Side_Effect::C1735646	MATCHED
SIDE_EFFECT:3431	Anxiety disorder	Side_Effect::C0003469	MATCHED
SIDE_EFFECT:3432	Coxalgia	Side_Effect::C0019559	MATCHED
SIDE_EFFECT:3433	Serositis	Side_Effect::C0036749	MATCHED
SIDE_EFFECT:3434	Hypocapnia	Side_Effect::C0085383	MATCHED
SIDE_EFFECT:3435	Carbon dioxide decreased	Side_Effect::C0860711	MATCHED
SIDE_EFFECT:3436	Vascular calcification	Side_Effect::C0342649	MATCHED
SIDE_EFFECT:3437	Hypervitaminosis D	Side_Effect::C1442839	MATCHED
SIDE_EFFECT:3438	Deposit calcium	Side_Effect::C1533591	MATCHED
SIDE_EFFECT:3439	Intestinal infarction	Side_Effect::C0241950	MATCHED
SIDE_EFFECT:344	Haemorrhage intracranial	Side_Effect::C0151699	MATCHED
SIDE_EFFECT:3440	Pulse absent	Side_Effect::C0277899	MATCHED
SIDE_EFFECT:3441	Chlamydial infection	Side_Effect::C0008149	MATCHED
SIDE_EFFECT:3442	Bilious vomiting	Side_Effect::C0232599	MATCHED
SIDE_EFFECT:3443	Congenital hypertrophic pyloric stenosis	Side_Effect::C0700639	MATCHED
SIDE_EFFECT:3444	Penile discharge	Side_Effect::C0232861	MATCHED
SIDE_EFFECT:3445	Pain of lower extremities	Side_Effect::C0239376	MATCHED
SIDE_EFFECT:3446	Breast tension	Side_Effect::C1142383	MATCHED
SIDE_EFFECT:3447	Postmenopausal spotting	Side_Effect::C1328561	MATCHED
SIDE_EFFECT:3448	Postmenopausal haemorrhage	Side_Effect::C0032776	MATCHED
SIDE_EFFECT:3449	Ectopic ossification	Side_Effect::C0029396	MATCHED
SIDE_EFFECT:345	Intracranial pressure increased	Side_Effect::C0151740	MATCHED
SIDE_EFFECT:3450	Extraskeletal ossification	Side_Effect::C0334040	MATCHED
SIDE_EFFECT:3451	Hypercalcaemia of malignancy	Side_Effect::C0149911	MATCHED
SIDE_EFFECT:3452	Osteolytic lesion	Side_Effect::C0302313	MATCHED
SIDE_EFFECT:3453	Osteolysis	Side_Effect::C0221204	MATCHED
SIDE_EFFECT:3454	Upper abdominal discomfort	Side_Effect::C1868919	MATCHED
SIDE_EFFECT:3455	Lung cancer metastatic	Side_Effect::C0153676	MATCHED
SIDE_EFFECT:3456	Haematotoxicity	Side_Effect::C0920103	MATCHED
SIDE_EFFECT:3457	Nail pigmentation	Side_Effect::C1142520	MATCHED
SIDE_EFFECT:3458	Anal irritation	Side_Effect::C1735348	MATCHED
SIDE_EFFECT:3459	Enzyme abnormality	Side_Effect::C0151625	MATCHED
SIDE_EFFECT:346	Myocardial ischaemia	Side_Effect::C0151744	MATCHED
SIDE_EFFECT:3460	Benign prostatic hypertrophy	Side_Effect::C0005001	MATCHED
SIDE_EFFECT:3461	Eustachian tube disorder	Side_Effect::C0271468	MATCHED
SIDE_EFFECT:3462	Orbital oedema	Side_Effect::C0424813	MATCHED
SIDE_EFFECT:3463	Encephalocele	Side_Effect::C0014065	MATCHED
SIDE_EFFECT:3464	Placental disorder	Side_Effect::C0032045	MATCHED
SIDE_EFFECT:3465	Sudden infant death syndrome	Side_Effect::C0038644	MATCHED
SIDE_EFFECT:3466	Congenital genital malformation	Side_Effect::C0158687	MATCHED
SIDE_EFFECT:3467	Embolism limb	Side_Effect::C0235487	MATCHED
SIDE_EFFECT:3468	Peripheral embolism	Side_Effect::C0856049	MATCHED
SIDE_EFFECT:3469	Mononeuritis	Side_Effect::C0235880	MATCHED
SIDE_EFFECT:347	Respiratory arrest	Side_Effect::C0162297	MATCHED
SIDE_EFFECT:3470	Mucosal swelling	Side_Effect::C0236003	MATCHED
SIDE_EFFECT:3471	Oedema mucosal	Side_Effect::C0521481	MATCHED
SIDE_EFFECT:3472	Photosensitivity allergic reaction	Side_Effect::C0236106	MATCHED
SIDE_EFFECT:3473	Mean cell volume increased	Side_Effect::C0855791	MATCHED
SIDE_EFFECT:3474	Acquired megacolon	Side_Effect::C1384597	MATCHED
SIDE_EFFECT:3475	Transaminases decreased	Side_Effect::C1096286	MATCHED
SIDE_EFFECT:3476	Atherosclerosis	Side_Effect::C0004153	MATCHED
SIDE_EFFECT:3477	Liver fatty deposition	Side_Effect::C0151765	MATCHED
SIDE_EFFECT:3478	Urolithiasis	Side_Effect::C0451641	MATCHED
SIDE_EFFECT:3479	Calculus urinary	Side_Effect::C0042018	MATCHED
SIDE_EFFECT:348	Lightheadedness	Side_Effect::C0220870	MATCHED
SIDE_EFFECT:3480	Pulmonary alveolitis	Side_Effect::C0856597	MATCHED
SIDE_EFFECT:3481	Cramp of limb	Side_Effect::C0010263	MATCHED
SIDE_EFFECT:3482	Trigeminal neuralgia	Side_Effect::C0040997	MATCHED
SIDE_EFFECT:3483	Biliary tract disorder	Side_Effect::C0005424	MATCHED
SIDE_EFFECT:3484	Decubitus ulcer	Side_Effect::C0011127	MATCHED
SIDE_EFFECT:3485	Head injury	Side_Effect::C0018674	MATCHED
SIDE_EFFECT:3486	Drug withdrawal syndrome neonatal	Side_Effect::C0027609	MATCHED
SIDE_EFFECT:3487	Attention deficit disorder	Side_Effect::C0041671	MATCHED
SIDE_EFFECT:3488	Attention deficit/hyperactivity disorder	Side_Effect::C1263846	MATCHED
SIDE_EFFECT:3489	Tooth loss	Side_Effect::C0080233	MATCHED
SIDE_EFFECT:349	Skipped beats	Side_Effect::C0232124	MATCHED
SIDE_EFFECT:3490	Chronic pain	Side_Effect::C0150055	MATCHED
SIDE_EFFECT:3491	Deafness permanent	Side_Effect::C0151585	MATCHED
SIDE_EFFECT:3492	Partial permanent deafness	Side_Effect::C0151586	MATCHED
SIDE_EFFECT:3493	Partial transitory deafness	Side_Effect::C0151589	MATCHED
SIDE_EFFECT:3494	Hemorrhage of colon	Side_Effect::C0151694	MATCHED
SIDE_EFFECT:3495	Large intestinal haemorrhage	Side_Effect::C0948425	MATCHED
SIDE_EFFECT:3496	Accidental overdose	Side_Effect::C0151821	MATCHED
SIDE_EFFECT:3497	Acute pain	Side_Effect::C0184567	MATCHED
SIDE_EFFECT:3498	Bradycardia-tachycardia syndrome	Side_Effect::C0221047	MATCHED
SIDE_EFFECT:3499	Nail longitudinal striations	Side_Effect::C0263530	MATCHED
SIDE_EFFECT:35	Hyperkalaemia	Side_Effect::C0020461	MATCHED
SIDE_EFFECT:350	Extrasystoles	Side_Effect::C0340464	MATCHED
SIDE_EFFECT:3500	Nail ridging	Side_Effect::C0423820	MATCHED
SIDE_EFFECT:3501	Oral soft tissue disorder NOS	Side_Effect::C0266998	MATCHED
SIDE_EFFECT:3502	Lip ulceration	Side_Effect::C0267033	MATCHED
SIDE_EFFECT:3503	Lip pain	Side_Effect::C0267028	MATCHED
SIDE_EFFECT:3504	Gingival ulceration	Side_Effect::C0392378	MATCHED
SIDE_EFFECT:3505	Application site ulcer	Side_Effect::C0521492	MATCHED
SIDE_EFFECT:3506	Localised skin reaction	Side_Effect::C0549452	MATCHED
SIDE_EFFECT:3507	Skin reaction	Side_Effect::C0221743	MATCHED
SIDE_EFFECT:3508	Upper airway obstruction	Side_Effect::C0740852	MATCHED
SIDE_EFFECT:3509	Oral mucosal discolouration	Side_Effect::C0853939	MATCHED
SIDE_EFFECT:351	Apprehension	Side_Effect::C0233485	MATCHED
SIDE_EFFECT:3510	Tongue blistering	Side_Effect::C0853942	MATCHED
SIDE_EFFECT:3511	Lactate increased	Side_Effect::C0860752	MATCHED
SIDE_EFFECT:3512	Application site eczema	Side_Effect::C0919599	MATCHED
SIDE_EFFECT:3513	Subileus	Side_Effect::C0919671	MATCHED
SIDE_EFFECT:3514	Nasal mucosal disorder	Side_Effect::C0919894	MATCHED
SIDE_EFFECT:3515	Upper respiratory tract congestion	Side_Effect::C0949070	MATCHED
SIDE_EFFECT:3516	Oral pustule	Side_Effect::C1112257	MATCHED
SIDE_EFFECT:3517	Intentional drug misuse	Side_Effect::C1696685	MATCHED
SIDE_EFFECT:3518	Opioid naive	Side_Effect::C1739422	MATCHED
SIDE_EFFECT:3519	Therapy naive	Side_Effect::C0919936	MATCHED
SIDE_EFFECT:352	Head pressure	Side_Effect::C0235004	MATCHED
SIDE_EFFECT:3520	Intranasal hypoaesthesia	Side_Effect::C1868790	MATCHED
SIDE_EFFECT:3521	Neoplasm prostate	Side_Effect::C0033578	MATCHED
SIDE_EFFECT:3522	Androgenetic alopecia	Side_Effect::C0162311	MATCHED
SIDE_EFFECT:3523	Breast cancer male	Side_Effect::C0238033	MATCHED
SIDE_EFFECT:3524	Other dermatoses	Side_Effect::C0029574	MATCHED
SIDE_EFFECT:3525	Morbid dreams	Side_Effect::C0860646	MATCHED
SIDE_EFFECT:3526	Acalculous cholecystitis	Side_Effect::C0267841	MATCHED
SIDE_EFFECT:3527	Arterial aneurysm	Side_Effect::C0340613	MATCHED
SIDE_EFFECT:3528	Biliary fibrosis	Side_Effect::C0520571	MATCHED
SIDE_EFFECT:3529	Aspergillosis	Side_Effect::C0004030	MATCHED
SIDE_EFFECT:353	Excitability	Side_Effect::C0235169	MATCHED
SIDE_EFFECT:3530	Aspergillus infection	Side_Effect::C0851807	MATCHED
SIDE_EFFECT:3531	Opportunistic mycosis	Side_Effect::C0029119	MATCHED
SIDE_EFFECT:3532	Wrist drop	Side_Effect::C0231666	MATCHED
SIDE_EFFECT:3533	Radial nerve palsy	Side_Effect::C1306600	MATCHED
SIDE_EFFECT:3534	Renal function test abnormal	Side_Effect::C0236151	MATCHED
SIDE_EFFECT:3535	Autoimmune thrombocytopenia	Side_Effect::C0242584	MATCHED
SIDE_EFFECT:3536	Evans syndrome	Side_Effect::C0272126	MATCHED
SIDE_EFFECT:3537	Absolute neutrophil count decreased	Side_Effect::C1168174	MATCHED
SIDE_EFFECT:3538	Epstein-Barr virus infection	Side_Effect::C0149678	MATCHED
SIDE_EFFECT:3539	Fat atrophy	Side_Effect::C0333650	MATCHED
SIDE_EFFECT:354	Back distress	Side_Effect::C0235706	MATCHED
SIDE_EFFECT:3540	Lipoatrophy	Side_Effect::C1280433	MATCHED
SIDE_EFFECT:3541	Paralysis of bladder	Side_Effect::C0235093	MATCHED
SIDE_EFFECT:3542	Psychotic behaviour	Side_Effect::C0740409	MATCHED
SIDE_EFFECT:3543	Congenital skin disorder	Side_Effect::C0037268	MATCHED
SIDE_EFFECT:3544	Junctional tachycardia	Side_Effect::C0039235	MATCHED
SIDE_EFFECT:3545	Capillary fragility	Side_Effect::C0006905	MATCHED
SIDE_EFFECT:3546	Fullness abdominal	Side_Effect::C0235318	MATCHED
SIDE_EFFECT:3547	Tachycardia nervous	Side_Effect::C0858524	MATCHED
SIDE_EFFECT:3548	Hyphaema	Side_Effect::C0020581	MATCHED
SIDE_EFFECT:3549	Myringitis	Side_Effect::C0027134	MATCHED
SIDE_EFFECT:355	Throat tightness	Side_Effect::C0236071	MATCHED
SIDE_EFFECT:3550	External ear disorder	Side_Effect::C0155388	MATCHED
SIDE_EFFECT:3551	Acute gastroenteritis	Side_Effect::C0267446	MATCHED
SIDE_EFFECT:3552	Open wound	Side_Effect::C0332798	MATCHED
SIDE_EFFECT:3553	Ear canal erythema	Side_Effect::C0456495	MATCHED
SIDE_EFFECT:3554	Mechanical complication of implant	Side_Effect::C0854402	MATCHED
SIDE_EFFECT:3555	Implant expulsion	Side_Effect::C0854466	MATCHED
SIDE_EFFECT:3556	Device expulsion	Side_Effect::C0549478	MATCHED
SIDE_EFFECT:3557	Wound complication	Side_Effect::C1096106	MATCHED
SIDE_EFFECT:3558	Corneal irritation	Side_Effect::C1112489	MATCHED
SIDE_EFFECT:3559	Acute uveitis	Side_Effect::C1735373	MATCHED
SIDE_EFFECT:356	Taste metallic	Side_Effect::C0240327	MATCHED
SIDE_EFFECT:3560	Demyelination	Side_Effect::C0011304	MATCHED
SIDE_EFFECT:3561	Chronic conjunctivitis	Side_Effect::C0155145	MATCHED
SIDE_EFFECT:3562	Dysmetria	Side_Effect::C0234162	MATCHED
SIDE_EFFECT:3563	Dacryocanaliculitis	Side_Effect::C0423172	MATCHED
SIDE_EFFECT:3564	White matter lesion	Side_Effect::C2752009	MATCHED
SIDE_EFFECT:3565	Chondrodystrophy	Side_Effect::C0008449	MATCHED
SIDE_EFFECT:3566	Foetal alcohol syndrome	Side_Effect::C0015923	MATCHED
SIDE_EFFECT:3567	Hypomenorrhoea	Side_Effect::C0020624	MATCHED
SIDE_EFFECT:3568	Polymenorrhoea	Side_Effect::C0032519	MATCHED
SIDE_EFFECT:3569	Emphysema	Side_Effect::C0034067	MATCHED
SIDE_EFFECT:357	Atrioventricular block second degree	Side_Effect::C0264906	MATCHED
SIDE_EFFECT:3570	Urethritis noninfective	Side_Effect::C1328337	MATCHED
SIDE_EFFECT:3571	Buccoglossal syndrome	Side_Effect::C0151538	MATCHED
SIDE_EFFECT:3572	Corneal lesion	Side_Effect::C0151571	MATCHED
SIDE_EFFECT:3573	Cough decreased	Side_Effect::C0151574	MATCHED
SIDE_EFFECT:3574	Muscle haemorrhage	Side_Effect::C0151702	MATCHED
SIDE_EFFECT:3575	Intentional injury	Side_Effect::C0151737	MATCHED
SIDE_EFFECT:3576	Lactation female	Side_Effect::C0151752	MATCHED
SIDE_EFFECT:3577	Oesophageal varices haemorrhage	Side_Effect::C0155789	MATCHED
SIDE_EFFECT:3578	Enlarged clitoris	Side_Effect::C0156394	MATCHED
SIDE_EFFECT:3579	Abortion	Side_Effect::C0156543	MATCHED
SIDE_EFFECT:358	Chest pressure	Side_Effect::C0438716	MATCHED
SIDE_EFFECT:3580	Antisocial behaviour	Side_Effect::C0233523	MATCHED
SIDE_EFFECT:3581	Asocial behaviour	Side_Effect::C0233528	MATCHED
SIDE_EFFECT:3582	Antisocial personality disorder	Side_Effect::C0003431	MATCHED
SIDE_EFFECT:3583	Blacked-out (not amnesia)	Side_Effect::C0312422	MATCHED
SIDE_EFFECT:3584	Gastric ulcer haemorrhage	Side_Effect::C0341164	MATCHED
SIDE_EFFECT:3585	Toe walking	Side_Effect::C0427144	MATCHED
SIDE_EFFECT:3586	Battery	Side_Effect::C0542351	MATCHED
SIDE_EFFECT:3587	Genital haemorrhage	Side_Effect::C0854381	MATCHED
SIDE_EFFECT:3588	Carcinogenicity	Side_Effect::C0858970	MATCHED
SIDE_EFFECT:3589	Urogenital haemorrhage	Side_Effect::C0919591	MATCHED
SIDE_EFFECT:359	Tonic-clonic seizures	Side_Effect::C0494475	MATCHED
SIDE_EFFECT:3590	Cervix haemorrhage uterine	Side_Effect::C0948011	MATCHED
SIDE_EFFECT:3591	Histiocytosis X of lung	Side_Effect::C1455705	MATCHED
SIDE_EFFECT:3592	Langerhans' cell histiocytosis	Side_Effect::C0019621	MATCHED
SIDE_EFFECT:3593	Body height decreased	Side_Effect::C2732728	MATCHED
SIDE_EFFECT:3594	Paresthesia generalized	Side_Effect::C0151310	MATCHED
SIDE_EFFECT:3596	Labile blood pressure	Side_Effect::C0428895	MATCHED
SIDE_EFFECT:3599	Staggering gait	Side_Effect::C0701824	MATCHED
SIDE_EFFECT:36	Hypersensitivity	Side_Effect::C0020517	MATCHED
SIDE_EFFECT:360	Grand mal convulsion	Side_Effect::C0014549	MATCHED
SIDE_EFFECT:3600	Pulmonary infarction	Side_Effect::C0034074	MATCHED
SIDE_EFFECT:3601	Metastasis	Side_Effect::C0027627	MATCHED
SIDE_EFFECT:3602	Sulphaemoglobinaemia	Side_Effect::C0038732	MATCHED
SIDE_EFFECT:3603	Diabetes mellitus exacerbated	Side_Effect::C0235398	MATCHED
SIDE_EFFECT:3604	Breast neoplasm NOS male	Side_Effect::C0242788	MATCHED
SIDE_EFFECT:3605	Metastatic carcinoma	Side_Effect::C1384494	MATCHED
SIDE_EFFECT:3606	Nasal soreness	Side_Effect::C0549293	MATCHED
SIDE_EFFECT:3607	Telangiectasis facial	Side_Effect::C0858684	MATCHED
SIDE_EFFECT:3608	Stinging of nose	Side_Effect::C0859871	MATCHED
SIDE_EFFECT:3609	Eczema infected	Side_Effect::C1322253	MATCHED
SIDE_EFFECT:361	Blood pressure increased	Side_Effect::C0497247	MATCHED
SIDE_EFFECT:3610	Agoraphobia	Side_Effect::C0001818	MATCHED
SIDE_EFFECT:3611	Hypochondriasis	Side_Effect::C0020604	MATCHED
SIDE_EFFECT:3612	Central nervous system neoplasm	Side_Effect::C0085136	MATCHED
SIDE_EFFECT:3613	Haematospermia	Side_Effect::C0149707	MATCHED
SIDE_EFFECT:3614	Syndrome screaming	Side_Effect::C0151899	MATCHED
SIDE_EFFECT:3615	Screaming	Side_Effect::C0521008	MATCHED
SIDE_EFFECT:3616	Obsessive rumination	Side_Effect::C0233697	MATCHED
SIDE_EFFECT:3617	Obsessive thoughts	Side_Effect::C0679048	MATCHED
SIDE_EFFECT:3618	Somnolence neonatal	Side_Effect::C0235774	MATCHED
SIDE_EFFECT:3619	Menstruation delayed	Side_Effect::C0240322	MATCHED
SIDE_EFFECT:362	Electrocardiogram ST segment elevation	Side_Effect::C0520886	MATCHED
SIDE_EFFECT:3620	Heart alternation	Side_Effect::C0919661	MATCHED
SIDE_EFFECT:3621	Compulsive personality disorder	Side_Effect::C1704373	MATCHED
SIDE_EFFECT:3622	Obsessive-compulsive personality disorder	Side_Effect::C0009595	MATCHED
SIDE_EFFECT:3623	Activation syndrome	Side_Effect::C1868709	MATCHED
SIDE_EFFECT:3624	Judgement impaired	Side_Effect::C0233818	MATCHED
SIDE_EFFECT:3625	Overactivity	Side_Effect::C1536696	MATCHED
SIDE_EFFECT:3626	Transaminitis	Side_Effect::C1096646	MATCHED
SIDE_EFFECT:3627	Conjunctival irritation	Side_Effect::C0239093	MATCHED
SIDE_EFFECT:3628	Crystalluria calcium	Side_Effect::C0151580	MATCHED
SIDE_EFFECT:3629	Digitalis intoxication (NOS)	Side_Effect::C0151595	MATCHED
SIDE_EFFECT:363	Electrocardiogram ST segment depression	Side_Effect::C0520887	MATCHED
SIDE_EFFECT:3630	COPD exacerbation	Side_Effect::C0740304	MATCHED
SIDE_EFFECT:3631	Albumin globulin ratio abnormal	Side_Effect::C0151472	MATCHED
SIDE_EFFECT:3632	Eosinophil count increased	Side_Effect::C2240374	MATCHED
SIDE_EFFECT:3633	Cranial nerve disorder	Side_Effect::C0010266	MATCHED
SIDE_EFFECT:3634	Oral lesion	Side_Effect::C0149744	MATCHED
SIDE_EFFECT:3635	Atrial rhythm	Side_Effect::C0232203	MATCHED
SIDE_EFFECT:3636	Cardiac pain	Side_Effect::C0423636	MATCHED
SIDE_EFFECT:3637	Nail abnormality NOS	Side_Effect::C0853087	MATCHED
SIDE_EFFECT:3638	Albumin urine increased	Side_Effect::C0861120	MATCHED
SIDE_EFFECT:3639	Albumin urine present	Side_Effect::C0564622	MATCHED
SIDE_EFFECT:364	Sinus arrest	Side_Effect::C0541782	MATCHED
SIDE_EFFECT:3640	Swelling of limb	Side_Effect::C0158369	MATCHED
SIDE_EFFECT:3641	Skin bacterial infection	Side_Effect::C0162627	MATCHED
SIDE_EFFECT:3642	Limb paresis	Side_Effect::C0587246	MATCHED
SIDE_EFFECT:3643	Monoparesis	Side_Effect::C0270795	MATCHED
SIDE_EFFECT:3644	Rhythm idioventricular	Side_Effect::C0700363	MATCHED
SIDE_EFFECT:3645	Urinary sediment abnormal	Side_Effect::C0920114	MATCHED
SIDE_EFFECT:3646	Cutaneous T-cell lymphoma	Side_Effect::C0079773	MATCHED
SIDE_EFFECT:3647	Mycosis fungoides	Side_Effect::C0026948	MATCHED
SIDE_EFFECT:3648	Found dead (cause undetermined)	Side_Effect::C0277589	MATCHED
SIDE_EFFECT:365	Non-sustained ventricular tachycardia	Side_Effect::C0750194	MATCHED
SIDE_EFFECT:3650	Central line infection	Side_Effect::C1096243	MATCHED
SIDE_EFFECT:3651	Cardiopulmonary failure	Side_Effect::C1444565	MATCHED
SIDE_EFFECT:3652	Electrolyte depletion	Side_Effect::C0151614	MATCHED
SIDE_EFFECT:3653	Polyangiitis	Side_Effect::C0264939	MATCHED
SIDE_EFFECT:3654	Thrombophilia	Side_Effect::C0398623	MATCHED
SIDE_EFFECT:3655	Hypercoagulation	Side_Effect::C0542027	MATCHED
SIDE_EFFECT:3656	Chronic diarrhea	Side_Effect::C0401151	MATCHED
SIDE_EFFECT:3657	Pseudo-Bartter syndrome	Side_Effect::C0853277	MATCHED
SIDE_EFFECT:3658	Orthostatic intolerance	Side_Effect::C1535893	MATCHED
SIDE_EFFECT:3659	Decompensated cirrhosis	Side_Effect::C1619727	MATCHED
SIDE_EFFECT:366	Limb discomfort	Side_Effect::C0854303	MATCHED
SIDE_EFFECT:3660	Staphylococcal skin infection	Side_Effect::C0038166	MATCHED
SIDE_EFFECT:3661	Conjunctivitis exacerbated	Side_Effect::C0549350	MATCHED
SIDE_EFFECT:3662	Occipital neuralgia	Side_Effect::C0007863	MATCHED
SIDE_EFFECT:3663	Chorioretinitis	Side_Effect::C0008513	MATCHED
SIDE_EFFECT:3664	Diabetic retinopathy	Side_Effect::C0011884	MATCHED
SIDE_EFFECT:3665	Leg ulcer	Side_Effect::C0023223	MATCHED
SIDE_EFFECT:3666	Capillary fragility increased	Side_Effect::C0151541	MATCHED
SIDE_EFFECT:3667	Pulmonary thrombosis	Side_Effect::C0151946	MATCHED
SIDE_EFFECT:3668	Angular cheilitis	Side_Effect::C0221237	MATCHED
SIDE_EFFECT:3669	Pericardial rub	Side_Effect::C0232267	MATCHED
SIDE_EFFECT:367	Nodal block	Side_Effect::C0857153	MATCHED
SIDE_EFFECT:3670	Aura	Side_Effect::C0236018	MATCHED
SIDE_EFFECT:3671	Scrotal swelling	Side_Effect::C0282005	MATCHED
SIDE_EFFECT:3672	Blood urea abnormal	Side_Effect::C0438242	MATCHED
SIDE_EFFECT:3673	Difficulty focusing eyes	Side_Effect::C0541881	MATCHED
SIDE_EFFECT:3674	Labored breathing	Side_Effect::C0553668	MATCHED
SIDE_EFFECT:3675	Parasuicide	Side_Effect::C0595861	MATCHED
SIDE_EFFECT:3676	Diabetic peripheral neuropathy	Side_Effect::C0740447	MATCHED
SIDE_EFFECT:3677	Diabetic neuropathy	Side_Effect::C0011882	MATCHED
SIDE_EFFECT:3678	Lip haemorrhage	Side_Effect::C0849835	MATCHED
SIDE_EFFECT:3679	Blood glucose fluctuation	Side_Effect::C0877314	MATCHED
SIDE_EFFECT:368	General discomfort	Side_Effect::C0858924	MATCHED
SIDE_EFFECT:3680	Inner ear infection	Side_Effect::C1168225	MATCHED
SIDE_EFFECT:3681	Penile swelling	Side_Effect::C1282799	MATCHED
SIDE_EFFECT:3682	Vascular dementia	Side_Effect::C0011269	MATCHED
SIDE_EFFECT:3683	Lower gastrointestinal haemorrhage	Side_Effect::C0024050	MATCHED
SIDE_EFFECT:3684	Transplant rejection	Side_Effect::C0018129	MATCHED
SIDE_EFFECT:3685	Postoperative complications NOS	Side_Effect::C0032787	MATCHED
SIDE_EFFECT:3686	Post procedural complication	Side_Effect::C1141930	MATCHED
SIDE_EFFECT:3687	Postoperative wound infection	Side_Effect::C0038941	MATCHED
SIDE_EFFECT:3688	Sepsis secondary	Side_Effect::C0235855	MATCHED
SIDE_EFFECT:3689	Injection site thrombosis	Side_Effect::C0521501	MATCHED
SIDE_EFFECT:369	Ear discomfort	Side_Effect::C0948296	MATCHED
SIDE_EFFECT:3690	Catheter infection	Side_Effect::C0742006	MATCHED
SIDE_EFFECT:3691	Catheter sepsis	Side_Effect::C0742007	MATCHED
SIDE_EFFECT:3692	Device related sepsis	Side_Effect::C2747852	MATCHED
SIDE_EFFECT:3693	Traffic accident	Side_Effect::C0000932	MATCHED
SIDE_EFFECT:3694	Traumatic lung injury	Side_Effect::C0273115	MATCHED
SIDE_EFFECT:3695	Tendon reflex decreased	Side_Effect::C0700078	MATCHED
SIDE_EFFECT:3696	Bilirubin normal	Side_Effect::C0858307	MATCHED
SIDE_EFFECT:3697	Blood bilirubin normal	Side_Effect::C0853289	MATCHED
SIDE_EFFECT:3698	Oral toxicity	Side_Effect::C1142072	MATCHED
SIDE_EFFECT:3699	Allergic bronchospasm	Side_Effect::C1609536	MATCHED
SIDE_EFFECT:37	Hypertension	Side_Effect::C0020538	MATCHED
SIDE_EFFECT:370	Gastrointestinal discomfort	Side_Effect::C1096250	MATCHED
SIDE_EFFECT:3700	Respiratory distress syndrome	Side_Effect::C1704437	MATCHED
SIDE_EFFECT:3701	Acute appendicitis	Side_Effect::C0085693	MATCHED
SIDE_EFFECT:3702	Fertility male decreased	Side_Effect::C0151640	MATCHED
SIDE_EFFECT:3703	Retinal oedema	Side_Effect::C0242420	MATCHED
SIDE_EFFECT:3704	Angioedema of larynx	Side_Effect::C0857323	MATCHED
SIDE_EFFECT:3705	Fat necrosis	Side_Effect::C0015668	MATCHED
SIDE_EFFECT:3706	Ear roaring	Side_Effect::C0235282	MATCHED
SIDE_EFFECT:3707	Myasthenia gravis-like syndrome	Side_Effect::C0235905	MATCHED
SIDE_EFFECT:3708	Alcoholism	Side_Effect::C0001973	MATCHED
SIDE_EFFECT:3709	Balanoposthitis	Side_Effect::C0004691	MATCHED
SIDE_EFFECT:371	Coronary artery disease	Side_Effect::C1956346	MATCHED
SIDE_EFFECT:3710	Hypoglycaemic coma	Side_Effect::C0020617	MATCHED
SIDE_EFFECT:3711	Spine malformation	Side_Effect::C0158775	MATCHED
SIDE_EFFECT:3712	Epigastric fullness	Side_Effect::C0232570	MATCHED
SIDE_EFFECT:3713	Poor concentration	Side_Effect::C0233417	MATCHED
SIDE_EFFECT:3714	Hernia congenital	Side_Effect::C0235832	MATCHED
SIDE_EFFECT:3715	Breast neoplasm benign female	Side_Effect::C0235922	MATCHED
SIDE_EFFECT:3716	Pallor of skin	Side_Effect::C0241137	MATCHED
SIDE_EFFECT:3717	Cerebrovascular insufficiency	Side_Effect::C0241832	MATCHED
SIDE_EFFECT:3718	Benign gastrointestinal neoplasm	Side_Effect::C0497538	MATCHED
SIDE_EFFECT:3719	Hypoglycaemic episode	Side_Effect::C0745153	MATCHED
SIDE_EFFECT:372	Tingling sensation	Side_Effect::C2242996	MATCHED
SIDE_EFFECT:3720	Elevated liver enzyme levels	Side_Effect::C0857093	MATCHED
SIDE_EFFECT:3721	Hypoglycemic reaction	Side_Effect::C0271710	MATCHED
SIDE_EFFECT:3722	Gastrointestinal fullness	Side_Effect::C0858217	MATCHED
SIDE_EFFECT:3723	Intestinal pseudo-obstruction	Side_Effect::C0021847	MATCHED
SIDE_EFFECT:3724	Gastrointestinal hypomotility	Side_Effect::C0948779	MATCHED
SIDE_EFFECT:3725	Tongue dry	Side_Effect::C0426498	MATCHED
SIDE_EFFECT:3726	Tracheostomy infection	Side_Effect::C0695236	MATCHED
SIDE_EFFECT:3727	Moaning	Side_Effect::C0859032	MATCHED
SIDE_EFFECT:3728	Increased viscosity of bronchial secretion	Side_Effect::C1096275	MATCHED
SIDE_EFFECT:3729	Coagulation time prolonged	Side_Effect::C0151563	MATCHED
SIDE_EFFECT:373	Abscess	Side_Effect::C0000833	MATCHED
SIDE_EFFECT:3730	Puncture site pain	Side_Effect::C1697642	MATCHED
SIDE_EFFECT:3731	Aseptic peritonitis	Side_Effect::C0338375	MATCHED
SIDE_EFFECT:3732	Noninfectious peritonitis	Side_Effect::C3203695	MATCHED
SIDE_EFFECT:3733	Peritonitis bacterial	Side_Effect::C0341503	MATCHED
SIDE_EFFECT:3734	Disequilibrium syndrome	Side_Effect::C0394006	MATCHED
SIDE_EFFECT:3735	Fungal peritonitis	Side_Effect::C0401013	MATCHED
SIDE_EFFECT:3736	Chapped skin	Side_Effect::C0549202	MATCHED
SIDE_EFFECT:3737	Skin fissures	Side_Effect::C0221245	MATCHED
SIDE_EFFECT:3738	Hypertensive nephropathy	Side_Effect::C0848548	MATCHED
SIDE_EFFECT:3739	Device interaction	Side_Effect::C0853893	MATCHED
SIDE_EFFECT:374	Central nervous system disorder	Side_Effect::C0007682	MATCHED
SIDE_EFFECT:3740	Serum osmolality increased	Side_Effect::C0857432	MATCHED
SIDE_EFFECT:3741	Blood osmolarity increased	Side_Effect::C0853754	MATCHED
SIDE_EFFECT:3742	Catheter blockage	Side_Effect::C0948808	MATCHED
SIDE_EFFECT:3743	Device occlusion	Side_Effect::C1608397	MATCHED
SIDE_EFFECT:3744	Catheter site inflammation	Side_Effect::C0948817	MATCHED
SIDE_EFFECT:3745	Catheter site infection	Side_Effect::C1112210	MATCHED
SIDE_EFFECT:3746	Sclerosing encapsulating peritonitis	Side_Effect::C1141885	MATCHED
SIDE_EFFECT:3747	Peritoneal cloudy effluent	Side_Effect::C1868771	MATCHED
SIDE_EFFECT:3748	Chronic interstitial nephritis	Side_Effect::C0238304	MATCHED
SIDE_EFFECT:3749	Psychotic state	Side_Effect::C0459435	MATCHED
SIDE_EFFECT:375	Coma	Side_Effect::C0009421	MATCHED
SIDE_EFFECT:3750	Argininosuccinate synthetase deficiency	Side_Effect::C0175683	MATCHED
SIDE_EFFECT:3751	Spastic paralysis	Side_Effect::C0085621	MATCHED
SIDE_EFFECT:3752	Retrograde amnesia	Side_Effect::C0002624	MATCHED
SIDE_EFFECT:3753	Bladder distension	Side_Effect::C0005687	MATCHED
SIDE_EFFECT:3754	Ataxic gait	Side_Effect::C0751837	MATCHED
SIDE_EFFECT:3755	Mental aberration	Side_Effect::C0858950	MATCHED
SIDE_EFFECT:3756	Dyshidrotic eczema	Side_Effect::C0032633	MATCHED
SIDE_EFFECT:3757	Paradoxical pressor response	Side_Effect::C0221733	MATCHED
SIDE_EFFECT:3758	Acne infantile	Side_Effect::C0263437	MATCHED
SIDE_EFFECT:3759	Application site folliculitis	Side_Effect::C1167675	MATCHED
SIDE_EFFECT:376	Cardiac failure congestive	Side_Effect::C0018802	MATCHED
SIDE_EFFECT:3760	Administration site infection	Side_Effect::C1735864	MATCHED
SIDE_EFFECT:3761	Oesophagitis ulcerative	Side_Effect::C2586050	MATCHED
SIDE_EFFECT:3762	Rebound effect	Side_Effect::C0549262	MATCHED
SIDE_EFFECT:3763	Barrett's oesophagus	Side_Effect::C0004763	MATCHED
SIDE_EFFECT:3764	Cheyne-Stokes respiration	Side_Effect::C0008039	MATCHED
SIDE_EFFECT:3765	Muscle tone flaccid	Side_Effect::C0026825	MATCHED
SIDE_EFFECT:3766	Post herpetic neuralgia	Side_Effect::C0032768	MATCHED
SIDE_EFFECT:3767	VT	Side_Effect::C0040210	MATCHED
SIDE_EFFECT:3768	Urethral stenosis	Side_Effect::C0041974	MATCHED
SIDE_EFFECT:3769	Brain cancer metastatic	Side_Effect::C0220650	MATCHED
SIDE_EFFECT:377	Haemolysis	Side_Effect::C0019054	MATCHED
SIDE_EFFECT:3770	Metastases to central nervous system	Side_Effect::C0686377	MATCHED
SIDE_EFFECT:3771	Cutis anserina	Side_Effect::C0232452	MATCHED
SIDE_EFFECT:3772	Tranquillisation excessive	Side_Effect::C0235194	MATCHED
SIDE_EFFECT:3773	Walking disability	Side_Effect::C0311394	MATCHED
SIDE_EFFECT:3774	Bedridden	Side_Effect::C0741453	MATCHED
SIDE_EFFECT:3775	Pain worsened	Side_Effect::C0853946	MATCHED
SIDE_EFFECT:3776	Gastrointestinal motility disorder	Side_Effect::C0854121	MATCHED
SIDE_EFFECT:3777	Breakthrough pain	Side_Effect::C1135120	MATCHED
SIDE_EFFECT:3778	Tumour invasion	Side_Effect::C1269955	MATCHED
SIDE_EFFECT:3779	Bezoar	Side_Effect::C1321581	MATCHED
SIDE_EFFECT:378	Hypokalaemia	Side_Effect::C0020621	MATCHED
SIDE_EFFECT:3780	Central scotoma	Side_Effect::C0152191	MATCHED
SIDE_EFFECT:3781	Erythema annulare centrifugum	Side_Effect::C0263358	MATCHED
SIDE_EFFECT:3782	Erythema annulare	Side_Effect::C0234906	MATCHED
SIDE_EFFECT:3783	Lividity	Side_Effect::C0332579	MATCHED
SIDE_EFFECT:3784	Edema transient	Side_Effect::C0333244	MATCHED
SIDE_EFFECT:3785	Halo vision	Side_Effect::C0422974	MATCHED
SIDE_EFFECT:3786	Mucosal pigmentation	Side_Effect::C1963822	MATCHED
SIDE_EFFECT:3787	Macular pigmentation	Side_Effect::C3160840	MATCHED
SIDE_EFFECT:3788	Dermatitis radiation NOS	Side_Effect::C0034561	MATCHED
SIDE_EFFECT:3789	Radiation skin injury	Side_Effect::C1504383	MATCHED
SIDE_EFFECT:379	Irritability	Side_Effect::C0022107	MATCHED
SIDE_EFFECT:3790	Erythema infectiosum	Side_Effect::C0085273	MATCHED
SIDE_EFFECT:3791	Aphagia	Side_Effect::C0221470	MATCHED
SIDE_EFFECT:3792	Serum iron decreased	Side_Effect::C0235988	MATCHED
SIDE_EFFECT:3793	Blood iron decreased	Side_Effect::C0853785	MATCHED
SIDE_EFFECT:3794	Solid tumour	Side_Effect::C0280100	MATCHED
SIDE_EFFECT:3795	Melanonychia	Side_Effect::C1142305	MATCHED
SIDE_EFFECT:3796	Splenic sequestration	Side_Effect::C1260402	MATCHED
SIDE_EFFECT:3797	Strabismus	Side_Effect::C0038379	MATCHED
SIDE_EFFECT:3798	Ventricular flutter	Side_Effect::C0152173	MATCHED
SIDE_EFFECT:3799	Cyclophoria	Side_Effect::C0152219	MATCHED
SIDE_EFFECT:38	Hypotension	Side_Effect::C0020649	MATCHED
SIDE_EFFECT:380	Necrosis	Side_Effect::C0027540	MATCHED
SIDE_EFFECT:3800	Bowel sounds decreased	Side_Effect::C0232695	MATCHED
SIDE_EFFECT:3801	Rash scarlatiniform	Side_Effect::C0263355	MATCHED
SIDE_EFFECT:3802	Hot dry skin	Side_Effect::C0549363	MATCHED
SIDE_EFFECT:3803	Stridor inspiratory	Side_Effect::C0677600	MATCHED
SIDE_EFFECT:3804	Cardiac syncope	Side_Effect::C0751535	MATCHED
SIDE_EFFECT:3805	Conjunctivitis papillary	Side_Effect::C0854165	MATCHED
SIDE_EFFECT:3806	Pneumonia bacterial	Side_Effect::C0004626	MATCHED
SIDE_EFFECT:3807	Bronchopulmonary dysplasia	Side_Effect::C0006287	MATCHED
SIDE_EFFECT:3808	Glomerulitis	Side_Effect::C0017657	MATCHED
SIDE_EFFECT:3809	Periventricular leukomalacia	Side_Effect::C0023529	MATCHED
SIDE_EFFECT:381	Phlebitis	Side_Effect::C0031542	MATCHED
SIDE_EFFECT:3810	Meningoencephalitis	Side_Effect::C0025309	MATCHED
SIDE_EFFECT:3811	Mixed connective tissue disease	Side_Effect::C0026272	MATCHED
SIDE_EFFECT:3812	Azotaemia of renal origin	Side_Effect::C0235446	MATCHED
SIDE_EFFECT:3813	Intraventricular haemorrhage	Side_Effect::C0240059	MATCHED
SIDE_EFFECT:3814	Wound haemorrhage	Side_Effect::C0241742	MATCHED
SIDE_EFFECT:3815	Toxic neuropathy	Side_Effect::C0270934	MATCHED
SIDE_EFFECT:3816	Teeth clenching	Side_Effect::C0424444	MATCHED
SIDE_EFFECT:3817	Glomerular filtration rate decreased	Side_Effect::C0853068	MATCHED
SIDE_EFFECT:3818	Color vision change	Side_Effect::C2609264	MATCHED
SIDE_EFFECT:3819	Colour blindness acquired	Side_Effect::C0155018	MATCHED
SIDE_EFFECT:382	Salivation	Side_Effect::C0036104	MATCHED
SIDE_EFFECT:3820	Delirium toxic	Side_Effect::C0234983	MATCHED
SIDE_EFFECT:3821	Repetitive speech	Side_Effect::C0392185	MATCHED
SIDE_EFFECT:3822	Myocardial depression	Side_Effect::C0340515	MATCHED
SIDE_EFFECT:3823	Venipuncture site hemorrhage	Side_Effect::C0919666	MATCHED
SIDE_EFFECT:3824	Vessel puncture site haemorrhage	Side_Effect::C1096225	MATCHED
SIDE_EFFECT:3825	Endotracheal tube obstruction	Side_Effect::C1868879	MATCHED
SIDE_EFFECT:3826	Endotracheal intubation complication	Side_Effect::C0281803	MATCHED
SIDE_EFFECT:3827	Instability vasomotor	Side_Effect::C0542051	MATCHED
SIDE_EFFECT:3828	Chemical phlebitis	Side_Effect::C1963921	MATCHED
SIDE_EFFECT:3829	Anaemia neonatal	Side_Effect::C0002891	MATCHED
SIDE_EFFECT:383	Salivary hypersecretion	Side_Effect::C0037036	MATCHED
SIDE_EFFECT:3830	Echolalia	Side_Effect::C0013528	MATCHED
SIDE_EFFECT:3831	Fever of unknown origin	Side_Effect::C0015970	MATCHED
SIDE_EFFECT:3832	Acute promyelocytic leukaemia	Side_Effect::C0023487	MATCHED
SIDE_EFFECT:3833	Pelvic neoplasm	Side_Effect::C0030793	MATCHED
SIDE_EFFECT:3834	Rickets	Side_Effect::C0035579	MATCHED
SIDE_EFFECT:3835	Bundle branch block right	Side_Effect::C0085615	MATCHED
SIDE_EFFECT:3836	Portal vein thrombosis	Side_Effect::C0155773	MATCHED
SIDE_EFFECT:3837	Aminoaciduria	Side_Effect::C0238621	MATCHED
SIDE_EFFECT:3838	Frank hematuria	Side_Effect::C0473237	MATCHED
SIDE_EFFECT:3839	Psychosis depressive	Side_Effect::C0743072	MATCHED
SIDE_EFFECT:384	Thrombophlebitis	Side_Effect::C0040046	MATCHED
SIDE_EFFECT:3840	Blood oestrogen decreased	Side_Effect::C0853021	MATCHED
SIDE_EFFECT:3841	Blood gonadotrophin increased	Side_Effect::C0853973	MATCHED
SIDE_EFFECT:3842	Electrocardiogram ST segment abnormal	Side_Effect::C0855335	MATCHED
SIDE_EFFECT:3843	Feeling of residual urine	Side_Effect::C0859037	MATCHED
SIDE_EFFECT:3844	Cerebral arteriosclerosis	Side_Effect::C0877854	MATCHED
SIDE_EFFECT:3845	Febrile bone marrow aplasia	Side_Effect::C1095923	MATCHED
SIDE_EFFECT:3846	Ovulation disorder	Side_Effect::C1411873	MATCHED
SIDE_EFFECT:3847	Renal rickets	Side_Effect::C1527410	MATCHED
SIDE_EFFECT:3848	Bladder irritation	Side_Effect::C2945586	MATCHED
SIDE_EFFECT:3849	Lithium toxicity	Side_Effect::C0238242	MATCHED
SIDE_EFFECT:385	Venous thrombosis	Side_Effect::C0042487	MATCHED
SIDE_EFFECT:3850	Periarthritis	Side_Effect::C0031037	MATCHED
SIDE_EFFECT:3851	Spleen disorder	Side_Effect::C0037997	MATCHED
SIDE_EFFECT:3852	Gastric flu	Side_Effect::C0277525	MATCHED
SIDE_EFFECT:3853	Haemophilia	Side_Effect::C0684275	MATCHED
SIDE_EFFECT:3854	Bilirubin unconjugated increased	Side_Effect::C0740435	MATCHED
SIDE_EFFECT:3855	Blood bilirubin unconjugated increased	Side_Effect::C0854134	MATCHED
SIDE_EFFECT:3856	Glucose increased	Side_Effect::C0860803	MATCHED
SIDE_EFFECT:3857	Acute haemolytic anaemia	Side_Effect::C1387528	MATCHED
SIDE_EFFECT:3858	Ankylosing spondylitis	Side_Effect::C0038013	MATCHED
SIDE_EFFECT:3859	Muscle movement involuntary	Side_Effect::C0221722	MATCHED
SIDE_EFFECT:386	Lacrimation	Side_Effect::C0423153	MATCHED
SIDE_EFFECT:3860	Periorbital pain	Side_Effect::C0234656	MATCHED
SIDE_EFFECT:3861	Pulmonary vasculitis	Side_Effect::C0234962	MATCHED
SIDE_EFFECT:3862	Gastric perforation	Side_Effect::C0235884	MATCHED
SIDE_EFFECT:3863	Ileitis regional	Side_Effect::C0267380	MATCHED
SIDE_EFFECT:3864	Post procedural oedema	Side_Effect::C1504411	MATCHED
SIDE_EFFECT:3865	Arterial spasm	Side_Effect::C0085617	MATCHED
SIDE_EFFECT:3866	Anosognosia	Side_Effect::C0234507	MATCHED
SIDE_EFFECT:3867	Iodism	Side_Effect::C0238201	MATCHED
SIDE_EFFECT:3868	Ventricular hypokinesia	Side_Effect::C0919702	MATCHED
SIDE_EFFECT:3869	Facial neuralgia	Side_Effect::C0015467	MATCHED
SIDE_EFFECT:387	Lacrimation increased	Side_Effect::C0152227	MATCHED
SIDE_EFFECT:3870	Grimacing	Side_Effect::C0239779	MATCHED
SIDE_EFFECT:3871	VIth nerve paralysis	Side_Effect::C0271355	MATCHED
SIDE_EFFECT:3872	Wave slowing	Side_Effect::C0858603	MATCHED
SIDE_EFFECT:3873	Echoacousia	Side_Effect::C1262195	MATCHED
SIDE_EFFECT:3874	Dysacusis	Side_Effect::C1510450	MATCHED
SIDE_EFFECT:3875	Cyanotic heart disease	Side_Effect::C1394290	MATCHED
SIDE_EFFECT:3876	Compartment syndrome	Side_Effect::C0009492	MATCHED
SIDE_EFFECT:3877	Thyrotoxic crisis	Side_Effect::C0040127	MATCHED
SIDE_EFFECT:3878	Tongue paralysis	Side_Effect::C0235074	MATCHED
SIDE_EFFECT:388	Water retention	Side_Effect::C0542203	MATCHED
SIDE_EFFECT:3880	White blood cell count increased	Side_Effect::C0750426	MATCHED
SIDE_EFFECT:3883	Pain burning	Side_Effect::C0234230	MATCHED
SIDE_EFFECT:3884	Viral syndrome	Side_Effect::C0042740	MATCHED
SIDE_EFFECT:3885	Consciousness clouding	Side_Effect::C0683369	MATCHED
SIDE_EFFECT:3888	Quadriplegia	Side_Effect::C0034372	MATCHED
SIDE_EFFECT:3889	Renal infarct	Side_Effect::C0035085	MATCHED
SIDE_EFFECT:389	Fluid retention	Side_Effect::C0268000	MATCHED
SIDE_EFFECT:3890	Vascular insufficiency	Side_Effect::C0232352	MATCHED
SIDE_EFFECT:3891	Glottic edema	Side_Effect::C0264315	MATCHED
SIDE_EFFECT:3893	Vascular pseudoaneurysm	Side_Effect::C1510412	MATCHED
SIDE_EFFECT:3896	Acute glaucoma	Side_Effect::C0281773	MATCHED
SIDE_EFFECT:3897	Prostatomegaly	Side_Effect::C0426732	MATCHED
SIDE_EFFECT:3898	Nasal oedema	Side_Effect::C0475765	MATCHED
SIDE_EFFECT:3899	Glaucoma both eyes	Side_Effect::C0857112	MATCHED
SIDE_EFFECT:39	Influenza	Side_Effect::C0021400	MATCHED
SIDE_EFFECT:390	Hypochromic anaemia	Side_Effect::C0002884	MATCHED
SIDE_EFFECT:3900	Numbness in leg	Side_Effect::C0857160	MATCHED
SIDE_EFFECT:3901	Nasal mucus blood tinged	Side_Effect::C0863111	MATCHED
SIDE_EFFECT:3902	Abnormalities of the hair	Side_Effect::C0157733	MATCHED
SIDE_EFFECT:3903	Neck oedema of	Side_Effect::C0240464	MATCHED
SIDE_EFFECT:3904	Chronic renal insufficiency	Side_Effect::C0403447	MATCHED
SIDE_EFFECT:3905	Upper limb oedema	Side_Effect::C0522035	MATCHED
SIDE_EFFECT:3906	Colon cancer	Side_Effect::C0007102	MATCHED
SIDE_EFFECT:3907	Lung neoplasm	Side_Effect::C0024121	MATCHED
SIDE_EFFECT:3908	Embolus leg	Side_Effect::C0151618	MATCHED
SIDE_EFFECT:3909	Hypotension orthostatic symptomatic	Side_Effect::C0740482	MATCHED
SIDE_EFFECT:391	Anuria	Side_Effect::C0003460	MATCHED
SIDE_EFFECT:3910	Hand rash	Side_Effect::C0857117	MATCHED
SIDE_EFFECT:3911	Breath holding	Side_Effect::C0235744	MATCHED
SIDE_EFFECT:3912	Postoperative ileus	Side_Effect::C0400877	MATCHED
SIDE_EFFECT:3913	Breath holding attack	Side_Effect::C0424332	MATCHED
SIDE_EFFECT:3914	Nicotinic acid deficiency	Side_Effect::C0030783	MATCHED
SIDE_EFFECT:3915	Paraesthesia foot	Side_Effect::C0239652	MATCHED
SIDE_EFFECT:3916	Pyridoxine deficiency	Side_Effect::C1527330	MATCHED
SIDE_EFFECT:3917	Vitamin B6 deficiency	Side_Effect::C0936215	MATCHED
SIDE_EFFECT:3918	Iris hyperpigmentation	Side_Effect::C0877306	MATCHED
SIDE_EFFECT:3919	Sinus rhythm	Side_Effect::C0232201	MATCHED
SIDE_EFFECT:392	Balanitis	Side_Effect::C0004690	MATCHED
SIDE_EFFECT:3920	Breast pain male	Side_Effect::C0235792	MATCHED
SIDE_EFFECT:3921	Implantation complication	Side_Effect::C0235895	MATCHED
SIDE_EFFECT:3922	Implant site reaction	Side_Effect::C0521510	MATCHED
SIDE_EFFECT:3923	Hepatic enzyme abnormal	Side_Effect::C0438237	MATCHED
SIDE_EFFECT:3924	Pneumocystis carinii infection	Side_Effect::C0851886	MATCHED
SIDE_EFFECT:3925	Pneumocystis jirovecii infection	Side_Effect::C0276908	MATCHED
SIDE_EFFECT:3926	Clonic movements	Side_Effect::C0857332	MATCHED
SIDE_EFFECT:3927	Pyogenic granuloma	Side_Effect::C0085653	MATCHED
SIDE_EFFECT:3928	Fontanelle bulging	Side_Effect::C0235014	MATCHED
SIDE_EFFECT:3929	Oily hair	Side_Effect::C0277961	MATCHED
SIDE_EFFECT:393	Joint dislocation	Side_Effect::C0012691	MATCHED
SIDE_EFFECT:3930	Rash bullous	Side_Effect::C0235819	MATCHED
SIDE_EFFECT:3931	Bullous lichen planus	Side_Effect::C0023648	MATCHED
SIDE_EFFECT:3932	Myopathy toxic	Side_Effect::C0154769	MATCHED
SIDE_EFFECT:3933	Mesenteric artery thrombosis	Side_Effect::C0267410	MATCHED
SIDE_EFFECT:3934	Increased effect	Side_Effect::C0595938	MATCHED
SIDE_EFFECT:3935	Intestinal cramps	Side_Effect::C0877617	MATCHED
SIDE_EFFECT:3936	Chronic hepatitis	Side_Effect::C0019189	MATCHED
SIDE_EFFECT:3937	Oedema auricular	Side_Effect::C0239211	MATCHED
SIDE_EFFECT:3938	Auricular swelling	Side_Effect::C0549297	MATCHED
SIDE_EFFECT:3939	Gas	Side_Effect::C0596601	MATCHED
SIDE_EFFECT:394	Ecchymosis	Side_Effect::C0013491	MATCHED
SIDE_EFFECT:3940	Pancreatic enzymes abnormal	Side_Effect::C0855440	MATCHED
SIDE_EFFECT:3941	Facial pain	Side_Effect::C0015468	MATCHED
SIDE_EFFECT:3942	Action tremor	Side_Effect::C0234376	MATCHED
SIDE_EFFECT:3943	Red cell aplasia	Side_Effect::C0281963	MATCHED
SIDE_EFFECT:3944	Oscillopsia	Side_Effect::C0422980	MATCHED
SIDE_EFFECT:3945	Sudden unexplained death in epilepsy	Side_Effect::C1536075	MATCHED
SIDE_EFFECT:3946	Laryngeal neoplasm	Side_Effect::C0023055	MATCHED
SIDE_EFFECT:3947	Metaplasia	Side_Effect::C0025568	MATCHED
SIDE_EFFECT:3948	Pleural disorder	Side_Effect::C0032226	MATCHED
SIDE_EFFECT:3949	Avitaminosis	Side_Effect::C0376286	MATCHED
SIDE_EFFECT:395	Fibrosis	Side_Effect::C0016059	MATCHED
SIDE_EFFECT:3950	Hypovitaminosis	Side_Effect::C1510471	MATCHED
SIDE_EFFECT:3951	Disease recurrence	Side_Effect::C0679254	MATCHED
SIDE_EFFECT:3952	Electrolytes NOS decreased	Side_Effect::C0740464	MATCHED
SIDE_EFFECT:3953	Blood electrolytes decreased	Side_Effect::C0853885	MATCHED
SIDE_EFFECT:3954	Fundic gland polyp	Side_Effect::C0920184	MATCHED
SIDE_EFFECT:3955	Crystal urine present	Side_Effect::C0948002	MATCHED
SIDE_EFFECT:3956	B-cell lymphoma	Side_Effect::C0079731	MATCHED
SIDE_EFFECT:3957	Cholecystitis acute	Side_Effect::C0149520	MATCHED
SIDE_EFFECT:3958	Mucous stools	Side_Effect::C0241254	MATCHED
SIDE_EFFECT:3959	Blood gastrin increased	Side_Effect::C0853890	MATCHED
SIDE_EFFECT:396	Fracture	Side_Effect::C0016658	MATCHED
SIDE_EFFECT:3960	Gastrointestinal hypermotility	Side_Effect::C0948395	MATCHED
SIDE_EFFECT:3961	Ophthalmic herpes simplex	Side_Effect::C0019357	MATCHED
SIDE_EFFECT:3962	Malignant hypertension	Side_Effect::C0020540	MATCHED
SIDE_EFFECT:3963	Hypouricaemia	Side_Effect::C0221333	MATCHED
SIDE_EFFECT:3964	Sperm concentration	Side_Effect::C1261167	MATCHED
SIDE_EFFECT:3965	Juvenile idiopathic arthritis	Side_Effect::C3495559	MATCHED
SIDE_EFFECT:3966	Oestrogen deficiency	Side_Effect::C0853662	MATCHED
SIDE_EFFECT:3967	Tumour pain	Side_Effect::C0854069	MATCHED
SIDE_EFFECT:3968	Mucosal dryness	Side_Effect::C0854113	MATCHED
SIDE_EFFECT:3969	Cerebrovascular infarction	Side_Effect::C1262200	MATCHED
SIDE_EFFECT:397	Multiple fractures	Side_Effect::C0016655	MATCHED
SIDE_EFFECT:3970	Carotid bruit	Side_Effect::C0007280	MATCHED
SIDE_EFFECT:3973	Pituitary adenoma	Side_Effect::C0032000	MATCHED
SIDE_EFFECT:3974	Pituitary tumour benign	Side_Effect::C0496901	MATCHED
SIDE_EFFECT:3975	Pituitary apoplexy	Side_Effect::C0032001	MATCHED
SIDE_EFFECT:3976	Pituitary haemorrhage	Side_Effect::C0342406	MATCHED
SIDE_EFFECT:3979	Anal fistula	Side_Effect::C0205929	MATCHED
SIDE_EFFECT:398	Haematoma	Side_Effect::C0018944	MATCHED
SIDE_EFFECT:3980	Rectal polyp	Side_Effect::C0034887	MATCHED
SIDE_EFFECT:3983	Spinal fracture	Side_Effect::C0080179	MATCHED
SIDE_EFFECT:3988	Pituitary infarction	Side_Effect::C0342405	MATCHED
SIDE_EFFECT:3989	Effusion of knee	Side_Effect::C0343166	MATCHED
SIDE_EFFECT:399	Inguinal hernia	Side_Effect::C0019294	MATCHED
SIDE_EFFECT:3990	Joint effusion	Side_Effect::C1253936	MATCHED
SIDE_EFFECT:3991	Prostate cancer	Side_Effect::C0376358	MATCHED
SIDE_EFFECT:3992	Red blood cell count decreased	Side_Effect::C0427457	MATCHED
SIDE_EFFECT:3997	Blood testosterone increased	Side_Effect::C0853118	MATCHED
SIDE_EFFECT:3998	Injection site warmth	Side_Effect::C0858934	MATCHED
SIDE_EFFECT:4	Amblyopia	Side_Effect::C0002418	MATCHED
SIDE_EFFECT:40	Cramps of lower extremities	Side_Effect::C0023218	MATCHED
SIDE_EFFECT:400	Hyperbilirubinaemia	Side_Effect::C0020433	MATCHED
SIDE_EFFECT:4000	Pupillary disorder	Side_Effect::C0034124	MATCHED
SIDE_EFFECT:4001	Antibiotic-associated diarrhea	Side_Effect::C0578159	MATCHED
SIDE_EFFECT:4002	Creatine phosphokinase serum increased	Side_Effect::C0241005	MATCHED
SIDE_EFFECT:4003	Catheter site phlebitis	Side_Effect::C0948818	MATCHED
SIDE_EFFECT:4004	Catheter site pain	Side_Effect::C0949103	MATCHED
SIDE_EFFECT:4005	Red man syndrome	Side_Effect::C1306792	MATCHED
SIDE_EFFECT:4006	Persistent foetal circulation	Side_Effect::C0031190	MATCHED
SIDE_EFFECT:4007	Orthopnoea	Side_Effect::C0085619	MATCHED
SIDE_EFFECT:4008	Atrial fibrillation and flutter	Side_Effect::C0155709	MATCHED
SIDE_EFFECT:4009	Papillary muscle rupture	Side_Effect::C0155713	MATCHED
SIDE_EFFECT:401	Hypercapnia	Side_Effect::C0020440	MATCHED
SIDE_EFFECT:4010	Lymphocytoma cutis	Side_Effect::C0311220	MATCHED
SIDE_EFFECT:4011	Diabetic complication	Side_Effect::C0342257	MATCHED
SIDE_EFFECT:4012	Painful respiration	Side_Effect::C0423729	MATCHED
SIDE_EFFECT:4013	Gastrointestinal cramps	Side_Effect::C0877664	MATCHED
SIDE_EFFECT:4014	Postinfarction angina	Side_Effect::C1142492	MATCHED
SIDE_EFFECT:4015	Dyspnoea paroxysmal nocturnal	Side_Effect::C1956415	MATCHED
SIDE_EFFECT:4016	Orthostatic collapse	Side_Effect::C0877090	MATCHED
SIDE_EFFECT:4017	Hyperparathyroidism	Side_Effect::C0020502	MATCHED
SIDE_EFFECT:4018	Scotoma of blind spot area	Side_Effect::C0152192	MATCHED
SIDE_EFFECT:4019	Hypertonicity	Side_Effect::C0235396	MATCHED
SIDE_EFFECT:402	Carbon dioxide increased	Side_Effect::C0860713	MATCHED
SIDE_EFFECT:4020	Skin xerosis	Side_Effect::C0263465	MATCHED
SIDE_EFFECT:4021	Euthyroid goiter	Side_Effect::C0302859	MATCHED
SIDE_EFFECT:4022	Lithium poisoning	Side_Effect::C0568180	MATCHED
SIDE_EFFECT:4023	Albumin high	Side_Effect::C0740469	MATCHED
SIDE_EFFECT:4024	Blood albumin increased	Side_Effect::C0853776	MATCHED
SIDE_EFFECT:4025	Refractory anemia	Side_Effect::C0002893	MATCHED
SIDE_EFFECT:4026	Refractory cytopenia with unilineage dysplasia	Side_Effect::C2826318	MATCHED
SIDE_EFFECT:4027	Acute diarrhea	Side_Effect::C0740441	MATCHED
SIDE_EFFECT:4028	Obstructive sleep apnea syndrome	Side_Effect::C0520679	MATCHED
SIDE_EFFECT:4029	Oversedation	Side_Effect::C0542127	MATCHED
SIDE_EFFECT:403	Hypercholesterolaemia	Side_Effect::C0020443	MATCHED
SIDE_EFFECT:4030	Diabetic vascular disorder	Side_Effect::C0011875	MATCHED
SIDE_EFFECT:4031	Nose infection NOS	Side_Effect::C0555970	MATCHED
SIDE_EFFECT:4032	Drug-induced cough	Side_Effect::C1142295	MATCHED
SIDE_EFFECT:4033	Menarche	Side_Effect::C0025274	MATCHED
SIDE_EFFECT:4034	PCO2	Side_Effect::C0391839	MATCHED
SIDE_EFFECT:4035	Skin maceration	Side_Effect::C0558143	MATCHED
SIDE_EFFECT:4036	Chemical burn	Side_Effect::C0006435	MATCHED
SIDE_EFFECT:4037	Chemical injury	Side_Effect::C0441713	MATCHED
SIDE_EFFECT:4038	Mediastinum neoplasm	Side_Effect::C0025063	MATCHED
SIDE_EFFECT:4039	Superior vena cava syndrome	Side_Effect::C0038833	MATCHED
SIDE_EFFECT:404	Hyperaemia	Side_Effect::C0020452	MATCHED
SIDE_EFFECT:4040	Platelet count normal	Side_Effect::C0427564	MATCHED
SIDE_EFFECT:4041	Macular fibrosis	Side_Effect::C0694575	MATCHED
SIDE_EFFECT:4042	Abortion missed	Side_Effect::C0000814	MATCHED
SIDE_EFFECT:4043	Anovulation	Side_Effect::C0003128	MATCHED
SIDE_EFFECT:4044	Cholangitis	Side_Effect::C0008311	MATCHED
SIDE_EFFECT:4045	Cataract diabetic	Side_Effect::C0011876	MATCHED
SIDE_EFFECT:4046	Eating disorder	Side_Effect::C0013473	MATCHED
SIDE_EFFECT:4047	Oesophageal atresia	Side_Effect::C0014850	MATCHED
SIDE_EFFECT:4048	Congenital megacolon	Side_Effect::C0019569	MATCHED
SIDE_EFFECT:4049	Polyhydramnios	Side_Effect::C0020224	MATCHED
SIDE_EFFECT:405	Hyperglycaemia	Side_Effect::C0020456	MATCHED
SIDE_EFFECT:4050	Hydrops foetalis	Side_Effect::C0020305	MATCHED
SIDE_EFFECT:4051	Neurofibroma	Side_Effect::C0027830	MATCHED
SIDE_EFFECT:4052	Turner's syndrome	Side_Effect::C0041408	MATCHED
SIDE_EFFECT:4053	Uterine disorder	Side_Effect::C0042131	MATCHED
SIDE_EFFECT:4054	Spina bifida	Side_Effect::C0080178	MATCHED
SIDE_EFFECT:4055	Injection site atrophy	Side_Effect::C0151512	MATCHED
SIDE_EFFECT:4056	Cerebral venous thrombosis	Side_Effect::C0151945	MATCHED
SIDE_EFFECT:4057	Optic ischaemic neuropathy	Side_Effect::C0155305	MATCHED
SIDE_EFFECT:4058	Vaginal dysplasia	Side_Effect::C0156384	MATCHED
SIDE_EFFECT:4059	Congenital diaphragmatic hernia	Side_Effect::C0235833	MATCHED
SIDE_EFFECT:406	Hypertriglyceridaemia	Side_Effect::C0020557	MATCHED
SIDE_EFFECT:4060	Sickle cell anaemia with crisis	Side_Effect::C0238425	MATCHED
SIDE_EFFECT:4061	Oestrogen low	Side_Effect::C0239302	MATCHED
SIDE_EFFECT:4062	Limb deformity	Side_Effect::C0239337	MATCHED
SIDE_EFFECT:4063	Sexually active	Side_Effect::C0241028	MATCHED
SIDE_EFFECT:4064	Testosterone low	Side_Effect::C0241357	MATCHED
SIDE_EFFECT:4065	Vaginal cyst	Side_Effect::C0241619	MATCHED
SIDE_EFFECT:4066	Vulval abscess	Side_Effect::C0262666	MATCHED
SIDE_EFFECT:4067	Ear malformation	Side_Effect::C0266589	MATCHED
SIDE_EFFECT:4068	Blighted ovum	Side_Effect::C0266648	MATCHED
SIDE_EFFECT:4069	Uterine cyst	Side_Effect::C0269188	MATCHED
SIDE_EFFECT:407	Blood triglycerides increased	Side_Effect::C0853692	MATCHED
SIDE_EFFECT:4070	Antepartum hemorrhage	Side_Effect::C0269608	MATCHED
SIDE_EFFECT:4071	Cervix carcinoma	Side_Effect::C0302592	MATCHED
SIDE_EFFECT:4072	Progesterone levels	Side_Effect::C0428409	MATCHED
SIDE_EFFECT:4073	Progesterone	Side_Effect::C0373705	MATCHED
SIDE_EFFECT:4074	Smear cervix abnormal	Side_Effect::C0476427	MATCHED
SIDE_EFFECT:4075	Benign hydatidiform mole	Side_Effect::C0549315	MATCHED
SIDE_EFFECT:4076	Dysfunction adrenal	Side_Effect::C0549609	MATCHED
SIDE_EFFECT:4077	Adrenal disorder	Side_Effect::C0001621	MATCHED
SIDE_EFFECT:4078	Porphyria aggravated	Side_Effect::C0856148	MATCHED
SIDE_EFFECT:4079	Vaginal mucosal blistering	Side_Effect::C0877089	MATCHED
SIDE_EFFECT:408	Hypertrophy	Side_Effect::C0020564	MATCHED
SIDE_EFFECT:4080	Single umbilical artery	Side_Effect::C1384670	MATCHED
SIDE_EFFECT:4081	Platelet aggregation inhibition	Side_Effect::C0919737	MATCHED
SIDE_EFFECT:4082	Telogen effluvium	Side_Effect::C0263518	MATCHED
SIDE_EFFECT:4083	Diffuse alopecia	Side_Effect::C0406458	MATCHED
SIDE_EFFECT:4084	Mosquito bite	Side_Effect::C0417744	MATCHED
SIDE_EFFECT:4085	Emotional problems	Side_Effect::C0677660	MATCHED
SIDE_EFFECT:4086	Bad dreams	Side_Effect::C0857051	MATCHED
SIDE_EFFECT:4087	Heart rate abnormal	Side_Effect::C1744601	MATCHED
SIDE_EFFECT:4088	Joint crepitation	Side_Effect::C0231592	MATCHED
SIDE_EFFECT:4089	Accident at home	Side_Effect::C0521208	MATCHED
SIDE_EFFECT:409	Hypoglycaemia	Side_Effect::C0020615	MATCHED
SIDE_EFFECT:4090	Arthralgia aggravated	Side_Effect::C0549234	MATCHED
SIDE_EFFECT:4091	Duodenal ulcer perforation	Side_Effect::C0740401	MATCHED
SIDE_EFFECT:4092	Dyspepsia aggravated	Side_Effect::C0853926	MATCHED
SIDE_EFFECT:4093	Back pain aggravated	Side_Effect::C0856133	MATCHED
SIDE_EFFECT:4094	Blood count abnormal	Side_Effect::C1535970	MATCHED
SIDE_EFFECT:4095	Muscle necrosis	Side_Effect::C0235957	MATCHED
SIDE_EFFECT:4096	Radiation myelopathy	Side_Effect::C0270769	MATCHED
SIDE_EFFECT:4097	Muscle damage	Side_Effect::C0410158	MATCHED
SIDE_EFFECT:4098	Muscle injury	Side_Effect::C0410256	MATCHED
SIDE_EFFECT:4099	Muscle fibrosis	Side_Effect::C0877009	MATCHED
SIDE_EFFECT:41	Muscle spasms	Side_Effect::C0037763	MATCHED
SIDE_EFFECT:410	Body temperature decreased	Side_Effect::C0020672	MATCHED
SIDE_EFFECT:4100	Ectropion	Side_Effect::C0013592	MATCHED
SIDE_EFFECT:4101	Thready pulse	Side_Effect::C0232132	MATCHED
SIDE_EFFECT:4102	Pulse pressure decreased	Side_Effect::C0240840	MATCHED
SIDE_EFFECT:4103	Pulse abnormal	Side_Effect::C0235472	MATCHED
SIDE_EFFECT:4104	Antidiuretic hormone abnormality	Side_Effect::C0860811	MATCHED
SIDE_EFFECT:4105	Blood antidiuretic hormone abnormal	Side_Effect::C0853592	MATCHED
SIDE_EFFECT:4106	Diverticulum intestinal	Side_Effect::C1510475	MATCHED
SIDE_EFFECT:4107	Complex partial seizures	Side_Effect::C0149958	MATCHED
SIDE_EFFECT:4108	Polyarthropathy	Side_Effect::C0702154	MATCHED
SIDE_EFFECT:4109	Paresthesia lips	Side_Effect::C0240204	MATCHED
SIDE_EFFECT:411	Hypothermia	Side_Effect::C0413252	MATCHED
SIDE_EFFECT:4110	Adenovirus infection	Side_Effect::C0001486	MATCHED
SIDE_EFFECT:4111	Peptic ulcer perforation	Side_Effect::C0030925	MATCHED
SIDE_EFFECT:4112	Kidney fibrosis	Side_Effect::C0151650	MATCHED
SIDE_EFFECT:4113	Body mass index decreased	Side_Effect::C0231255	MATCHED
SIDE_EFFECT:4114	Micturition burning	Side_Effect::C0423736	MATCHED
SIDE_EFFECT:4115	Ear congestion	Side_Effect::C0849796	MATCHED
SIDE_EFFECT:4116	Pancolitis	Side_Effect::C0868908	MATCHED
SIDE_EFFECT:4117	Rectal cramps	Side_Effect::C0877613	MATCHED
SIDE_EFFECT:4118	Rectal spasm	Side_Effect::C1112789	MATCHED
SIDE_EFFECT:4119	Blood methaemoglobin present	Side_Effect::C1112762	MATCHED
SIDE_EFFECT:412	Leg pain	Side_Effect::C0023222	MATCHED
SIDE_EFFECT:4120	Pleuropericarditis	Side_Effect::C1167732	MATCHED
SIDE_EFFECT:4121	Ketonemia	Side_Effect::C0235430	MATCHED
SIDE_EFFECT:4122	Acetonaemia	Side_Effect::C1260871	MATCHED
SIDE_EFFECT:4123	Oedema aggravated	Side_Effect::C0856110	MATCHED
SIDE_EFFECT:4124	Vitamin B12 absorption decreased	Side_Effect::C0858738	MATCHED
SIDE_EFFECT:4125	Bowel spasm	Side_Effect::C0426649	MATCHED
SIDE_EFFECT:4126	Serum testosterone decreased	Side_Effect::C0857983	MATCHED
SIDE_EFFECT:4127	Haemorrhagic urticaria	Side_Effect::C1167785	MATCHED
SIDE_EFFECT:4128	Muscular incoordination	Side_Effect::C0231527	MATCHED
SIDE_EFFECT:4129	Burkitt's lymphoma	Side_Effect::C0006413	MATCHED
SIDE_EFFECT:413	Pain in extremity	Side_Effect::C0030196	MATCHED
SIDE_EFFECT:4130	Cytomegalovirus infection	Side_Effect::C0010823	MATCHED
SIDE_EFFECT:4131	Stress fracture	Side_Effect::C0016664	MATCHED
SIDE_EFFECT:4132	Histoplasmosis	Side_Effect::C0019655	MATCHED
SIDE_EFFECT:4133	Nocardiosis	Side_Effect::C0028242	MATCHED
SIDE_EFFECT:4134	Hidradenitis	Side_Effect::C0085160	MATCHED
SIDE_EFFECT:4135	Pneumonia cytomegaloviral	Side_Effect::C0276253	MATCHED
SIDE_EFFECT:4136	Hepatic atrophy	Side_Effect::C0391996	MATCHED
SIDE_EFFECT:4137	Pulmonary lymphoma	Side_Effect::C0519063	MATCHED
SIDE_EFFECT:4138	Partial seizures	Side_Effect::C0751495	MATCHED
SIDE_EFFECT:4139	Psoriatic plaque	Side_Effect::C0920235	MATCHED
SIDE_EFFECT:414	Mydriasis	Side_Effect::C0026961	MATCHED
SIDE_EFFECT:4140	Soft tissue necrosis	Side_Effect::C1561230	MATCHED
SIDE_EFFECT:4141	Herpes simplex hepatitis	Side_Effect::C1963747	MATCHED
SIDE_EFFECT:4142	Carotid sinus hypersensitivity	Side_Effect::C0741983	MATCHED
SIDE_EFFECT:4143	Carotid sinus syndrome	Side_Effect::C0221046	MATCHED
SIDE_EFFECT:4144	Uterine contractions	Side_Effect::C0042130	MATCHED
SIDE_EFFECT:4145	Uterine contractions during pregnancy	Side_Effect::C0919567	MATCHED
SIDE_EFFECT:4146	Stereotypy	Side_Effect::C0038273	MATCHED
SIDE_EFFECT:4147	Sudden cardiac death	Side_Effect::C0085298	MATCHED
SIDE_EFFECT:4148	Benign neoplasm	Side_Effect::C0086692	MATCHED
SIDE_EFFECT:4149	Weight gain poor	Side_Effect::C0231246	MATCHED
SIDE_EFFECT:415	Nodule	Side_Effect::C0028259	MATCHED
SIDE_EFFECT:4150	Chest pain exertional	Side_Effect::C0232288	MATCHED
SIDE_EFFECT:4151	Hallucination, tactile	Side_Effect::C0233767	MATCHED
SIDE_EFFECT:4152	Therapeutic response decreased	Side_Effect::C0235827	MATCHED
SIDE_EFFECT:4153	Reversible ischaemic neurological deficit	Side_Effect::C0553690	MATCHED
SIDE_EFFECT:4154	White blood cell count abnormal	Side_Effect::C0580531	MATCHED
SIDE_EFFECT:4155	Vocal tic	Side_Effect::C0751901	MATCHED
SIDE_EFFECT:4156	Sympathomimetic effect	Side_Effect::C0877014	MATCHED
SIDE_EFFECT:4157	Feeling sad	Side_Effect::C3536794	MATCHED
SIDE_EFFECT:4158	Pituitary-dependent Cushing's syndrome	Side_Effect::C0221406	MATCHED
SIDE_EFFECT:4159	Skin thinness	Side_Effect::C0423757	MATCHED
SIDE_EFFECT:416	Pelvic pain	Side_Effect::C0030794	MATCHED
SIDE_EFFECT:4160	Slough injection site	Side_Effect::C0542215	MATCHED
SIDE_EFFECT:4161	Injection site exfoliation	Side_Effect::C2363949	MATCHED
SIDE_EFFECT:4162	Latent tuberculosis	Side_Effect::C1609538	MATCHED
SIDE_EFFECT:4163	Leriche syndrome	Side_Effect::C0023370	MATCHED
SIDE_EFFECT:4164	Aortic embolus	Side_Effect::C0741165	MATCHED
SIDE_EFFECT:4165	Urinary tract obstruction	Side_Effect::C0178879	MATCHED
SIDE_EFFECT:4166	Friction rub	Side_Effect::C0744221	MATCHED
SIDE_EFFECT:4167	General symptom	Side_Effect::C0159028	MATCHED
SIDE_EFFECT:4168	Tetanus-like	Side_Effect::C0235069	MATCHED
SIDE_EFFECT:4169	Tetanus	Side_Effect::C0039614	MATCHED
SIDE_EFFECT:417	Penis disorder	Side_Effect::C0030846	MATCHED
SIDE_EFFECT:4170	Autonomic dysfunction	Side_Effect::C0741307	MATCHED
SIDE_EFFECT:4171	Acute depression	Side_Effect::C1386135	MATCHED
SIDE_EFFECT:4172	Oedema labial genital	Side_Effect::C0151606	MATCHED
SIDE_EFFECT:4173	Candida cervicitis	Side_Effect::C0742224	MATCHED
SIDE_EFFECT:4174	Myelofibrosis	Side_Effect::C0026987	MATCHED
SIDE_EFFECT:4175	Myeloid metaplasia	Side_Effect::C0027013	MATCHED
SIDE_EFFECT:4176	Gingival swelling	Side_Effect::C0235324	MATCHED
SIDE_EFFECT:4177	Regurgitation of food	Side_Effect::C0522064	MATCHED
SIDE_EFFECT:4178	Athetosis	Side_Effect::C0004158	MATCHED
SIDE_EFFECT:4179	Pupils pinpoint	Side_Effect::C0235231	MATCHED
SIDE_EFFECT:418	Peyronie's disease	Side_Effect::C0030848	MATCHED
SIDE_EFFECT:4180	Mean arterial pressure	Side_Effect::C0428886	MATCHED
SIDE_EFFECT:4181	Mean arterial pressure decreased	Side_Effect::C0520854	MATCHED
SIDE_EFFECT:4182	Injection site coldness	Side_Effect::C0919593	MATCHED
SIDE_EFFECT:4183	Pain during injection	Side_Effect::C1096717	MATCHED
SIDE_EFFECT:4184	Argumentativeness	Side_Effect::C1701474	MATCHED
SIDE_EFFECT:4185	Central retinal vein occlusion	Side_Effect::C0154841	MATCHED
SIDE_EFFECT:4186	Reflex bradycardia	Side_Effect::C0232191	MATCHED
SIDE_EFFECT:4187	Hypersensation skin	Side_Effect::C0235006	MATCHED
SIDE_EFFECT:4188	Itchy scalp	Side_Effect::C0240941	MATCHED
SIDE_EFFECT:4189	Paresthesia of scalp	Side_Effect::C0877634	MATCHED
SIDE_EFFECT:419	Peritonitis	Side_Effect::C0031154	MATCHED
SIDE_EFFECT:4190	Ectopic ACTH syndrome	Side_Effect::C0001231	MATCHED
SIDE_EFFECT:4191	Multiparous	Side_Effect::C0026751	MATCHED
SIDE_EFFECT:4192	Adrenal carcinoma	Side_Effect::C1370740	MATCHED
SIDE_EFFECT:4193	Adrenal gland cancer	Side_Effect::C0750887	MATCHED
SIDE_EFFECT:4194	Acid phosphatase high	Side_Effect::C0151848	MATCHED
SIDE_EFFECT:4195	Blood acid phosphatase increased	Side_Effect::C0853050	MATCHED
SIDE_EFFECT:4196	Orthostatic hypertension	Side_Effect::C0544618	MATCHED
SIDE_EFFECT:4197	Autoimmune hepatitis	Side_Effect::C0241910	MATCHED
SIDE_EFFECT:4198	Blood uric acid decreased	Side_Effect::C0855644	MATCHED
SIDE_EFFECT:4199	Plasma triglycerides increased	Side_Effect::C0858041	MATCHED
SIDE_EFFECT:42	Melaena	Side_Effect::C0025222	MATCHED
SIDE_EFFECT:420	Tight foreskin	Side_Effect::C0031538	MATCHED
SIDE_EFFECT:4200	Plasma cholesterol increased	Side_Effect::C0858226	MATCHED
SIDE_EFFECT:4201	Mineralocorticoid deficiency	Side_Effect::C1955743	MATCHED
SIDE_EFFECT:4202	Foot and mouth disease	Side_Effect::C0016514	MATCHED
SIDE_EFFECT:4203	Breast cancer stage IV	Side_Effect::C0278488	MATCHED
SIDE_EFFECT:4204	Lymphocyte abnormal	Side_Effect::C0427546	MATCHED
SIDE_EFFECT:4205	Lymphocyte count abnormal	Side_Effect::C0580550	MATCHED
SIDE_EFFECT:4206	Platelet count abnormal	Side_Effect::C0580317	MATCHED
SIDE_EFFECT:4207	Increased agitation	Side_Effect::C0858249	MATCHED
SIDE_EFFECT:4208	Menstrual cycle prolonged	Side_Effect::C0919662	MATCHED
SIDE_EFFECT:4209	Urine odour foul	Side_Effect::C0549447	MATCHED
SIDE_EFFECT:421	Phimosis	Side_Effect::C0345326	MATCHED
SIDE_EFFECT:4210	Insect bite NOS	Side_Effect::C0021564	MATCHED
SIDE_EFFECT:4211	Temper tantrum	Side_Effect::C0233558	MATCHED
SIDE_EFFECT:4212	Vasculitic rash	Side_Effect::C0521161	MATCHED
SIDE_EFFECT:4213	Abdominal injury	Side_Effect::C0848377	MATCHED
SIDE_EFFECT:4214	Hepatic infiltration eosinophilic	Side_Effect::C1611157	MATCHED
SIDE_EFFECT:4215	Spontaneous penile erection	Side_Effect::C0877144	MATCHED
SIDE_EFFECT:4216	Punding	Side_Effect::C1963933	MATCHED
SIDE_EFFECT:4217	Respiratory failure aggravated	Side_Effect::C2363912	MATCHED
SIDE_EFFECT:4218	Hypovolaemic shock	Side_Effect::C0020683	MATCHED
SIDE_EFFECT:4219	Opioid abuse	Side_Effect::C0029095	MATCHED
SIDE_EFFECT:422	Pneumopericardium	Side_Effect::C0032319	MATCHED
SIDE_EFFECT:4220	Prolonged labour	Side_Effect::C0152154	MATCHED
SIDE_EFFECT:4221	Genital swelling	Side_Effect::C1963789	MATCHED
SIDE_EFFECT:4222	Rhinitis atrophic	Side_Effect::C0035459	MATCHED
SIDE_EFFECT:4223	Gamma globulins increased	Side_Effect::C0151669	MATCHED
SIDE_EFFECT:4224	Immunoglobulins increased	Side_Effect::C0151729	MATCHED
SIDE_EFFECT:4225	Injection site hypersensitivity	Side_Effect::C0151726	MATCHED
SIDE_EFFECT:4226	Hand pain	Side_Effect::C0239833	MATCHED
SIDE_EFFECT:4227	Fluid intake reduced	Side_Effect::C0426597	MATCHED
SIDE_EFFECT:4228	Oral infection	Side_Effect::C0555971	MATCHED
SIDE_EFFECT:4229	International normalised ratio abnormal	Side_Effect::C0580417	MATCHED
SIDE_EFFECT:423	Priapism	Side_Effect::C0033117	MATCHED
SIDE_EFFECT:4230	Acute myocardial ischemia	Side_Effect::C0746731	MATCHED
SIDE_EFFECT:4231	Oral fungal infection	Side_Effect::C0877048	MATCHED
SIDE_EFFECT:4232	Infusion site extravasation	Side_Effect::C1608954	MATCHED
SIDE_EFFECT:4233	Benign neoplasm of skin	Side_Effect::C0004998	MATCHED
SIDE_EFFECT:4234	Bladder neoplasm	Side_Effect::C0005695	MATCHED
SIDE_EFFECT:4235	Endocarditis	Side_Effect::C0014118	MATCHED
SIDE_EFFECT:4236	Subacute bacterial endocarditis	Side_Effect::C0014122	MATCHED
SIDE_EFFECT:4237	Subacute endocarditis	Side_Effect::C0264863	MATCHED
SIDE_EFFECT:4238	Atypical mycobacterial infection	Side_Effect::C0026919	MATCHED
SIDE_EFFECT:4239	Pancreatic disorder	Side_Effect::C0030286	MATCHED
SIDE_EFFECT:424	Prostatic disorder	Side_Effect::C0033575	MATCHED
SIDE_EFFECT:4240	Reticuloendotheliosis	Side_Effect::C0035288	MATCHED
SIDE_EFFECT:4241	Reticuloendothelial system stimulated	Side_Effect::C0236174	MATCHED
SIDE_EFFECT:4242	Viraemia	Side_Effect::C0042749	MATCHED
SIDE_EFFECT:4243	Vocal cord paralysis	Side_Effect::C0042928	MATCHED
SIDE_EFFECT:4244	Fungaemia	Side_Effect::C0085082	MATCHED
SIDE_EFFECT:4245	Hormone level abnormal	Side_Effect::C0151477	MATCHED
SIDE_EFFECT:4246	Gammaglobulins decreased	Side_Effect::C0151666	MATCHED
SIDE_EFFECT:4247	Immunoglobulins decreased	Side_Effect::C0151728	MATCHED
SIDE_EFFECT:4248	Melanoma skin	Side_Effect::C0151779	MATCHED
SIDE_EFFECT:4249	Respiratory moniliasis	Side_Effect::C0153251	MATCHED
SIDE_EFFECT:425	Prostatitis	Side_Effect::C0033581	MATCHED
SIDE_EFFECT:4250	Venous pressure increased	Side_Effect::C0232115	MATCHED
SIDE_EFFECT:4251	Shift to the left	Side_Effect::C0240173	MATCHED
SIDE_EFFECT:4252	Disorder birth	Side_Effect::C0242354	MATCHED
SIDE_EFFECT:4253	Cytomegalovirus colitis	Side_Effect::C0341335	MATCHED
SIDE_EFFECT:4254	Multiple congenital abnormalities	Side_Effect::C0000772	MATCHED
SIDE_EFFECT:4255	Lymphocele	Side_Effect::C0024248	MATCHED
SIDE_EFFECT:4256	Kaposi's sarcoma	Side_Effect::C0036220	MATCHED
SIDE_EFFECT:4257	Parotid duct obstruction	Side_Effect::C0549334	MATCHED
SIDE_EFFECT:4258	Implant infection	Side_Effect::C0588128	MATCHED
SIDE_EFFECT:4259	Pregnancy loss	Side_Effect::C0687675	MATCHED
SIDE_EFFECT:426	Separation	Side_Effect::C0036679	MATCHED
SIDE_EFFECT:4260	Complications of transplant surgery	Side_Effect::C0854567	MATCHED
SIDE_EFFECT:4261	Cytomegalovirus gastritis	Side_Effect::C0877117	MATCHED
SIDE_EFFECT:4262	Postoperative wound complication	Side_Effect::C0877305	MATCHED
SIDE_EFFECT:4263	BK virus infection	Side_Effect::C1096691	MATCHED
SIDE_EFFECT:4264	Rash pemphigoid	Side_Effect::C0542175	MATCHED
SIDE_EFFECT:4265	Subjective visual disturbances	Side_Effect::C0155001	MATCHED
SIDE_EFFECT:4268	Alcohol withdrawal syndrome	Side_Effect::C0236663	MATCHED
SIDE_EFFECT:4269	Dependence on opiates	Side_Effect::C0524662	MATCHED
SIDE_EFFECT:427	Partner stress	Side_Effect::C1619718	MATCHED
SIDE_EFFECT:4270	Dementia Alzheimer's type	Side_Effect::C0002395	MATCHED
SIDE_EFFECT:4271	Heat exhaustion	Side_Effect::C0018839	MATCHED
SIDE_EFFECT:4272	Retinal artery occlusion	Side_Effect::C0035302	MATCHED
SIDE_EFFECT:4273	Cervical adenitis	Side_Effect::C0149642	MATCHED
SIDE_EFFECT:4274	Miliaria rubra	Side_Effect::C0162423	MATCHED
SIDE_EFFECT:4275	Stiff back	Side_Effect::C0221758	MATCHED
SIDE_EFFECT:4276	Groin pain	Side_Effect::C0239783	MATCHED
SIDE_EFFECT:4277	Excessive flatulence	Side_Effect::C0426623	MATCHED
SIDE_EFFECT:4278	Creatinine normal	Side_Effect::C0860945	MATCHED
SIDE_EFFECT:4279	Blood creatinine normal	Side_Effect::C0853035	MATCHED
SIDE_EFFECT:428	Neoplasm skin	Side_Effect::C0037286	MATCHED
SIDE_EFFECT:4280	Frequent headaches	Side_Effect::C0948396	MATCHED
SIDE_EFFECT:4281	Cerebral arterial aneurysm	Side_Effect::C1290398	MATCHED
SIDE_EFFECT:4282	Intracranial aneurysm	Side_Effect::C0007766	MATCHED
SIDE_EFFECT:4283	Epiphyses premature fusion	Side_Effect::C0151628	MATCHED
SIDE_EFFECT:4284	Intentional misuse	Side_Effect::C1142159	MATCHED
SIDE_EFFECT:4285	Prinzmetal angina	Side_Effect::C0002963	MATCHED
SIDE_EFFECT:4286	Parathyroid tumour	Side_Effect::C0030521	MATCHED
SIDE_EFFECT:4287	Pyelitis	Side_Effect::C0034183	MATCHED
SIDE_EFFECT:4288	Rheumatism	Side_Effect::C0035435	MATCHED
SIDE_EFFECT:4289	Rheumatic disorder	Side_Effect::C3495832	MATCHED
SIDE_EFFECT:429	Spermatocele	Side_Effect::C0037859	MATCHED
SIDE_EFFECT:4290	Detachment psychological	Side_Effect::C0541879	MATCHED
SIDE_EFFECT:4291	Phonophobia	Side_Effect::C0751466	MATCHED
SIDE_EFFECT:4292	Oral pruritus	Side_Effect::C0948521	MATCHED
SIDE_EFFECT:4293	Medication overuse headache	Side_Effect::C2349423	MATCHED
SIDE_EFFECT:4294	PRL increased	Side_Effect::C0553731	MATCHED
SIDE_EFFECT:4295	Incision site complication	Side_Effect::C1142172	MATCHED
SIDE_EFFECT:4296	Post procedural nausea	Side_Effect::C1262038	MATCHED
SIDE_EFFECT:4297	Postoperative shivering	Side_Effect::C1736186	MATCHED
SIDE_EFFECT:4298	Paraesthesia skin	Side_Effect::C0235046	MATCHED
SIDE_EFFECT:4299	Vertical infection transmission	Side_Effect::C0242648	MATCHED
SIDE_EFFECT:43	Hypertonia	Side_Effect::C0026826	MATCHED
SIDE_EFFECT:430	Swelling	Side_Effect::C0038999	MATCHED
SIDE_EFFECT:4300	Chronic hepatitis B	Side_Effect::C0524909	MATCHED
SIDE_EFFECT:4301	Palpable purpura	Side_Effect::C0151190	MATCHED
SIDE_EFFECT:4302	Unilateral vision loss	Side_Effect::C0750272	MATCHED
SIDE_EFFECT:4303	Gastrooesophageal sphincter insufficiency	Side_Effect::C1328327	MATCHED
SIDE_EFFECT:4304	Allergic hepatitis	Side_Effect::C1959797	MATCHED
SIDE_EFFECT:4305	Haptoglobin increased	Side_Effect::C0236061	MATCHED
SIDE_EFFECT:4306	Venous insufficiency	Side_Effect::C0042485	MATCHED
SIDE_EFFECT:4307	Wheezing inspiratory	Side_Effect::C0231874	MATCHED
SIDE_EFFECT:4308	Systolic ejection murmur	Side_Effect::C0694547	MATCHED
SIDE_EFFECT:4309	Delirium tremens	Side_Effect::C0001957	MATCHED
SIDE_EFFECT:431	Supraventricular tachycardia	Side_Effect::C0039240	MATCHED
SIDE_EFFECT:4310	Perceptual disturbance	Side_Effect::C0233746	MATCHED
SIDE_EFFECT:4311	Violent behavior	Side_Effect::C0424323	MATCHED
SIDE_EFFECT:4312	Vitamin B complex deficiency	Side_Effect::C0042850	MATCHED
SIDE_EFFECT:4313	Hyperpnea	Side_Effect::C0220854	MATCHED
SIDE_EFFECT:4314	Throbbing headache	Side_Effect::C0423618	MATCHED
SIDE_EFFECT:4315	Retrosternal discomfort	Side_Effect::C0857400	MATCHED
SIDE_EFFECT:4316	Pulse rate decrease marked	Side_Effect::C2230138	MATCHED
SIDE_EFFECT:4317	Thrombosis mesenteric vessel	Side_Effect::C0267412	MATCHED
SIDE_EFFECT:4318	Spotting menstrual	Side_Effect::C0312414	MATCHED
SIDE_EFFECT:4319	Benign hepatic neoplasm	Side_Effect::C0496870	MATCHED
SIDE_EFFECT:432	Tachyphylaxis	Side_Effect::C0039242	MATCHED
SIDE_EFFECT:4320	Genital discharge	Side_Effect::C1112274	MATCHED
SIDE_EFFECT:4321	Arterial thromboembolism	Side_Effect::C3544094	MATCHED
SIDE_EFFECT:4322	Explosive personality disorder	Side_Effect::C0152183	MATCHED
SIDE_EFFECT:4323	Intermittent explosive disorder	Side_Effect::C0021776	MATCHED
SIDE_EFFECT:4324	Hand swelling	Side_Effect::C0575805	MATCHED
SIDE_EFFECT:4325	Urinary protein increased	Side_Effect::C0858667	MATCHED
SIDE_EFFECT:4326	Erythema periorbital	Side_Effect::C0877440	MATCHED
SIDE_EFFECT:4327	Acute tonsillitis	Side_Effect::C0001361	MATCHED
SIDE_EFFECT:4328	Cervicitis	Side_Effect::C0007860	MATCHED
SIDE_EFFECT:4329	IUD expelled	Side_Effect::C0021899	MATCHED
SIDE_EFFECT:433	Testicular disorder	Side_Effect::C0039584	MATCHED
SIDE_EFFECT:4330	Papilloma	Side_Effect::C0030354	MATCHED
SIDE_EFFECT:4331	Uterine perforation	Side_Effect::C0042139	MATCHED
SIDE_EFFECT:4332	Vaginal neoplasm	Side_Effect::C0042258	MATCHED
SIDE_EFFECT:4333	Genital ulceration	Side_Effect::C0151281	MATCHED
SIDE_EFFECT:4334	Streptococcal sepsis	Side_Effect::C0152964	MATCHED
SIDE_EFFECT:4335	Uterine cervical lesion	Side_Effect::C0235656	MATCHED
SIDE_EFFECT:4336	IUD complication	Side_Effect::C0236167	MATCHED
SIDE_EFFECT:4337	Gas in stomach	Side_Effect::C0541976	MATCHED
SIDE_EFFECT:4338	Smear cervix normal	Side_Effect::C0853203	MATCHED
SIDE_EFFECT:4339	Device breakage	Side_Effect::C0853959	MATCHED
SIDE_EFFECT:434	Testicular pain	Side_Effect::C0039591	MATCHED
SIDE_EFFECT:4340	Hypoglycaemic unconsciousness	Side_Effect::C1737211	MATCHED
SIDE_EFFECT:4341	Gonorrhoea	Side_Effect::C0018081	MATCHED
SIDE_EFFECT:4342	Sexually transmitted disease	Side_Effect::C0036916	MATCHED
SIDE_EFFECT:4343	Chemical conjunctivitis	Side_Effect::C0149866	MATCHED
SIDE_EFFECT:4344	Chemical eye injury	Side_Effect::C1096387	MATCHED
SIDE_EFFECT:4345	Ear haemorrhage	Side_Effect::C0271412	MATCHED
SIDE_EFFECT:4346	Infection mixed	Side_Effect::C0275524	MATCHED
SIDE_EFFECT:4347	Glucose low	Side_Effect::C0860801	MATCHED
SIDE_EFFECT:4348	Instillation site irritation	Side_Effect::C1096668	MATCHED
SIDE_EFFECT:4349	Muscle enzyme increased	Side_Effect::C1141893	MATCHED
SIDE_EFFECT:435	Upper respiratory tract infection	Side_Effect::C0041912	MATCHED
SIDE_EFFECT:4350	Acute renal insufficiency	Side_Effect::C1565662	MATCHED
SIDE_EFFECT:4354	Buttock pain	Side_Effect::C0231710	MATCHED
SIDE_EFFECT:4355	Increased prolactin level	Side_Effect::C0747979	MATCHED
SIDE_EFFECT:4356	Acute schizophrenia	Side_Effect::C0857501	MATCHED
SIDE_EFFECT:4357	Creatine increased	Side_Effect::C0860942	MATCHED
SIDE_EFFECT:4358	Respiratory tract infection viral	Side_Effect::C0877203	MATCHED
SIDE_EFFECT:436	Urethral disorder	Side_Effect::C0041969	MATCHED
SIDE_EFFECT:4360	Diabetic coma	Side_Effect::C1263960	MATCHED
SIDE_EFFECT:4361	Diabetic hyperglycaemic coma	Side_Effect::C0853011	MATCHED
SIDE_EFFECT:4364	Blood bilirubin decreased	Side_Effect::C0877336	MATCHED
SIDE_EFFECT:4366	Carcinoid tumour	Side_Effect::C0007095	MATCHED
SIDE_EFFECT:4367	Dry eye syndrome	Side_Effect::C0013238	MATCHED
SIDE_EFFECT:4368	Zollinger-Ellison syndrome	Side_Effect::C0043515	MATCHED
SIDE_EFFECT:4369	Gastrinoma	Side_Effect::C0017150	MATCHED
SIDE_EFFECT:437	Laceration	Side_Effect::C0043246	MATCHED
SIDE_EFFECT:4370	Microcytic anaemia	Side_Effect::C0085576	MATCHED
SIDE_EFFECT:4371	Anterior ischemic optic neuropathy	Side_Effect::C0751711	MATCHED
SIDE_EFFECT:4372	Mucosal atrophy	Side_Effect::C2242595	MATCHED
SIDE_EFFECT:4373	Constipation aggravated	Side_Effect::C0856088	MATCHED
SIDE_EFFECT:4374	Serum gastrin increased	Side_Effect::C0858520	MATCHED
SIDE_EFFECT:4375	Mucosal discolouration	Side_Effect::C1096311	MATCHED
SIDE_EFFECT:4376	Genital disorder female	Side_Effect::C0017411	MATCHED
SIDE_EFFECT:4377	Nausea postoperative	Side_Effect::C0520904	MATCHED
SIDE_EFFECT:4378	Lymphocyte transformation test positive	Side_Effect::C1141863	MATCHED
SIDE_EFFECT:4379	Dysentery	Side_Effect::C0013369	MATCHED
SIDE_EFFECT:438	Trauma	Side_Effect::C0043251	MATCHED
SIDE_EFFECT:4380	Menopausal disorder	Side_Effect::C0025319	MATCHED
SIDE_EFFECT:4381	Faeces hard	Side_Effect::C0278016	MATCHED
SIDE_EFFECT:4382	Burning anal	Side_Effect::C0877605	MATCHED
SIDE_EFFECT:4383	Humerus fracture	Side_Effect::C0020162	MATCHED
SIDE_EFFECT:4384	Peritonsillar abscess	Side_Effect::C0031157	MATCHED
SIDE_EFFECT:4385	Tympanic membrane disorder	Side_Effect::C0041825	MATCHED
SIDE_EFFECT:4386	Eczema allergic atopic	Side_Effect::C0541922	MATCHED
SIDE_EFFECT:4389	Advanced cancer	Side_Effect::C0877373	MATCHED
SIDE_EFFECT:439	Injection site swelling	Side_Effect::C0151605	MATCHED
SIDE_EFFECT:4390	Dysaesthesia pharynx	Side_Effect::C1328291	MATCHED
SIDE_EFFECT:4394	Residual urine volume	Side_Effect::C0429774	MATCHED
SIDE_EFFECT:4395	Detrusor instability	Side_Effect::C1261562	MATCHED
SIDE_EFFECT:4396	Postoperative constipation	Side_Effect::C0948179	MATCHED
SIDE_EFFECT:4397	Post procedural constipation	Side_Effect::C2363914	MATCHED
SIDE_EFFECT:4399	Tendon pain	Side_Effect::C0231529	MATCHED
SIDE_EFFECT:44	Nausea	Side_Effect::C0027497	MATCHED
SIDE_EFFECT:440	Scrotal oedema	Side_Effect::C0151609	MATCHED
SIDE_EFFECT:4400	Adenocarcinoma	Side_Effect::C0001418	MATCHED
SIDE_EFFECT:4401	Metabolic encephalopathy	Side_Effect::C0006112	MATCHED
SIDE_EFFECT:4402	Cryptosporidiosis infection	Side_Effect::C0010418	MATCHED
SIDE_EFFECT:4403	Squamous cell carcinoma of lung	Side_Effect::C0149782	MATCHED
SIDE_EFFECT:4404	Scintillating scotoma	Side_Effect::C0235068	MATCHED
SIDE_EFFECT:4405	Coronary artery stenosis	Side_Effect::C0242231	MATCHED
SIDE_EFFECT:4406	Skin fibrosis	Side_Effect::C0263008	MATCHED
SIDE_EFFECT:4407	Madarosis	Side_Effect::C0271321	MATCHED
SIDE_EFFECT:4408	Malignant neoplasm of pancreas	Side_Effect::C0346647	MATCHED
SIDE_EFFECT:4409	Pancreatic carcinoma	Side_Effect::C0235974	MATCHED
SIDE_EFFECT:441	Injection site haemorrhage	Side_Effect::C0151698	MATCHED
SIDE_EFFECT:4410	Visual evoked potentials abnormal	Side_Effect::C0522214	MATCHED
SIDE_EFFECT:4411	Pulmonary thromboembolism	Side_Effect::C0524702	MATCHED
SIDE_EFFECT:4412	Nail discomfort	Side_Effect::C0549229	MATCHED
SIDE_EFFECT:4413	Vocal cord paresis	Side_Effect::C0751576	MATCHED
SIDE_EFFECT:4414	Ventricular failure	Side_Effect::C0849925	MATCHED
SIDE_EFFECT:4415	Metastatic pain	Side_Effect::C0857144	MATCHED
SIDE_EFFECT:4416	Nail bed tenderness	Side_Effect::C0877183	MATCHED
SIDE_EFFECT:4417	B-cell type acute leukaemia	Side_Effect::C1292769	MATCHED
SIDE_EFFECT:4418	Encephalopathy acute	Side_Effect::C1306587	MATCHED
SIDE_EFFECT:4419	Infusion site rash	Side_Effect::C1167945	MATCHED
SIDE_EFFECT:442	Injection site inflammation	Side_Effect::C0151734	MATCHED
SIDE_EFFECT:4420	Focal segmental glomerulosclerosis	Side_Effect::C0017668	MATCHED
SIDE_EFFECT:4421	Periodontal disease	Side_Effect::C0031090	MATCHED
SIDE_EFFECT:4422	Drug maladministration	Side_Effect::C0235140	MATCHED
SIDE_EFFECT:4423	Drug administration error	Side_Effect::C1536055	MATCHED
SIDE_EFFECT:4424	Gangrenous cholecystitis	Side_Effect::C0262494	MATCHED
SIDE_EFFECT:4425	Cholecystitis infective	Side_Effect::C1262168	MATCHED
SIDE_EFFECT:4426	Soft tissue inflammation	Side_Effect::C0853314	MATCHED
SIDE_EFFECT:4427	Skeletal muscle paralysis	Side_Effect::C0235055	MATCHED
SIDE_EFFECT:4428	External ophthalmoplegia	Side_Effect::C0162292	MATCHED
SIDE_EFFECT:4429	Buccal inflammation	Side_Effect::C0235340	MATCHED
SIDE_EFFECT:443	Penile oedema	Side_Effect::C0156308	MATCHED
SIDE_EFFECT:4430	Headache dull	Side_Effect::C0239885	MATCHED
SIDE_EFFECT:4431	Thrombophlebitis injection site	Side_Effect::C0542237	MATCHED
SIDE_EFFECT:4432	Oesophageal reflux aggravated	Side_Effect::C0549450	MATCHED
SIDE_EFFECT:4433	Non-accidental injury	Side_Effect::C0852878	MATCHED
SIDE_EFFECT:4434	Bulimia	Side_Effect::C0006370	MATCHED
SIDE_EFFECT:4435	Bulimia nervosa	Side_Effect::C2267227	MATCHED
SIDE_EFFECT:4436	Eclampsia	Side_Effect::C0013537	MATCHED
SIDE_EFFECT:4437	Genital disorder male	Side_Effect::C0017412	MATCHED
SIDE_EFFECT:4438	Laryngeal disorder	Side_Effect::C0023051	MATCHED
SIDE_EFFECT:4439	Chronic lymphocytic leukaemia	Side_Effect::C0023434	MATCHED
SIDE_EFFECT:444	Hypertrophic osteoarthropathy	Side_Effect::C0178703	MATCHED
SIDE_EFFECT:4440	Postpartum disorder	Side_Effect::C0034040	MATCHED
SIDE_EFFECT:4441	Sweat gland disorder	Side_Effect::C0038986	MATCHED
SIDE_EFFECT:4442	Tooth malformation	Side_Effect::C0040427	MATCHED
SIDE_EFFECT:4443	Uterine neoplasm	Side_Effect::C0042138	MATCHED
SIDE_EFFECT:4444	Breast atrophy	Side_Effect::C0151511	MATCHED
SIDE_EFFECT:4445	Premature delivery	Side_Effect::C0151526	MATCHED
SIDE_EFFECT:4446	Premature baby	Side_Effect::C0021294	MATCHED
SIDE_EFFECT:4447	Fertility female decreased	Side_Effect::C0151639	MATCHED
SIDE_EFFECT:4448	Anisocytosis	Side_Effect::C0221278	MATCHED
SIDE_EFFECT:4449	Spermatogenesis arrest	Side_Effect::C0232981	MATCHED
SIDE_EFFECT:445	Joint hyperextension	Side_Effect::C0231451	MATCHED
SIDE_EFFECT:4450	Adrenergic syndrome	Side_Effect::C0274714	MATCHED
SIDE_EFFECT:4451	Prostate carcinoma	Side_Effect::C0600139	MATCHED
SIDE_EFFECT:4452	Diabetes mellitus inadequate control	Side_Effect::C0860160	MATCHED
SIDE_EFFECT:4453	Oppositional	Side_Effect::C0860661	MATCHED
SIDE_EFFECT:4454	Negativism	Side_Effect::C0027562	MATCHED
SIDE_EFFECT:4455	Traumatic fracture	Side_Effect::C0877237	MATCHED
SIDE_EFFECT:4456	Male sexual dysfunction	Side_Effect::C1112443	MATCHED
SIDE_EFFECT:4457	Delayed orgasm	Side_Effect::C1112573	MATCHED
SIDE_EFFECT:4458	Glomerulonephritis membranous	Side_Effect::C0017665	MATCHED
SIDE_EFFECT:4459	Skin wrinkling	Side_Effect::C0037301	MATCHED
SIDE_EFFECT:446	Tachypnoea	Side_Effect::C0231835	MATCHED
SIDE_EFFECT:4460	Gingivostomatitis	Side_Effect::C0149704	MATCHED
SIDE_EFFECT:4461	Peptic ulcer reactivated	Side_Effect::C0151981	MATCHED
SIDE_EFFECT:4462	Elastosis perforans	Side_Effect::C0221271	MATCHED
SIDE_EFFECT:4463	Yellow nail syndrome	Side_Effect::C0221348	MATCHED
SIDE_EFFECT:4464	Iron deficiency	Side_Effect::C0240066	MATCHED
SIDE_EFFECT:4465	Goodpasture's syndrome	Side_Effect::C0403529	MATCHED
SIDE_EFFECT:4466	Coryza	Side_Effect::C0086066	MATCHED
SIDE_EFFECT:4467	Cytomegalovirus retinitis	Side_Effect::C0206178	MATCHED
SIDE_EFFECT:4468	Cytomegalovirus chorioretinitis	Side_Effect::C0877072	MATCHED
SIDE_EFFECT:4469	Encephalitis viral	Side_Effect::C0243010	MATCHED
SIDE_EFFECT:447	Respiratory rate decreased	Side_Effect::C0231837	MATCHED
SIDE_EFFECT:4470	Extrapulmonary pneumocystosis	Side_Effect::C1328552	MATCHED
SIDE_EFFECT:4471	Fibrinogen decreased	Side_Effect::C1295715	MATCHED
SIDE_EFFECT:4472	Blood fibrinogen decreased	Side_Effect::C0854062	MATCHED
SIDE_EFFECT:4473	Thyroid adenoma	Side_Effect::C0151468	MATCHED
SIDE_EFFECT:4474	Uricaciduria	Side_Effect::C0268105	MATCHED
SIDE_EFFECT:4475	Bone sarcoma	Side_Effect::C1704327	MATCHED
SIDE_EFFECT:4476	Polyradiculoneuritis	Side_Effect::C0936254	MATCHED
SIDE_EFFECT:4477	Pneumonia hypostatic	Side_Effect::C0264522	MATCHED
SIDE_EFFECT:4478	Toxic confusional state	Side_Effect::C0338642	MATCHED
SIDE_EFFECT:4479	Breast enlargement female	Side_Effect::C0235648	MATCHED
SIDE_EFFECT:448	Painful erection	Side_Effect::C0233973	MATCHED
SIDE_EFFECT:4480	Nocturnal confusion	Side_Effect::C0857386	MATCHED
SIDE_EFFECT:4481	Vitamin K deficiency	Side_Effect::C0042880	MATCHED
SIDE_EFFECT:4482	Primary pulmonary hypertension	Side_Effect::C0152171	MATCHED
SIDE_EFFECT:4483	Pulmonary arterial hypertension	Side_Effect::C2973725	MATCHED
SIDE_EFFECT:4484	Pancreatitis chronic	Side_Effect::C0149521	MATCHED
SIDE_EFFECT:4485	Underweight	Side_Effect::C0041667	MATCHED
SIDE_EFFECT:4486	Cough suppression	Side_Effect::C0522046	MATCHED
SIDE_EFFECT:4487	Antitussive therapy	Side_Effect::C1096670	MATCHED
SIDE_EFFECT:4488	Macular hole	Side_Effect::C0024441	MATCHED
SIDE_EFFECT:4489	Oculomucocutaneous syndrome	Side_Effect::C0236036	MATCHED
SIDE_EFFECT:449	Respiratory depression	Side_Effect::C0235063	MATCHED
SIDE_EFFECT:4490	Volume plasma increased	Side_Effect::C0232097	MATCHED
SIDE_EFFECT:4491	Volume blood increased	Side_Effect::C0085607	MATCHED
SIDE_EFFECT:4492	Glycosylated haemoglobin decreased	Side_Effect::C0855304	MATCHED
SIDE_EFFECT:4493	Hepatic enzyme decreased	Side_Effect::C1261989	MATCHED
SIDE_EFFECT:4494	Coombs direct test positive	Side_Effect::C0151569	MATCHED
SIDE_EFFECT:4495	Skin erosion	Side_Effect::C0241069	MATCHED
SIDE_EFFECT:4496	Caustic injury	Side_Effect::C0854388	MATCHED
SIDE_EFFECT:4497	Application site haemorrhage	Side_Effect::C0877094	MATCHED
SIDE_EFFECT:4498	Abdominal neoplasm	Side_Effect::C0000735	MATCHED
SIDE_EFFECT:4499	Bronchiolitis	Side_Effect::C0006271	MATCHED
SIDE_EFFECT:45	Pain	Side_Effect::C0030193	MATCHED
SIDE_EFFECT:450	Pulmonary function test decreased	Side_Effect::C0855775	MATCHED
SIDE_EFFECT:4500	Intervertebral discitis	Side_Effect::C0012624	MATCHED
SIDE_EFFECT:4501	Fasciitis	Side_Effect::C0015645	MATCHED
SIDE_EFFECT:4502	Congenital foot malformation	Side_Effect::C0016508	MATCHED
SIDE_EFFECT:4503	Gastrointestinal neoplasm	Side_Effect::C0017185	MATCHED
SIDE_EFFECT:4504	Atrial septal defect	Side_Effect::C0018817	MATCHED
SIDE_EFFECT:4505	Narcolepsy	Side_Effect::C0027404	MATCHED
SIDE_EFFECT:4506	Neuroma	Side_Effect::C0027858	MATCHED
SIDE_EFFECT:4507	Nasal disorder	Side_Effect::C0028432	MATCHED
SIDE_EFFECT:4508	Parasomnia	Side_Effect::C0030508	MATCHED
SIDE_EFFECT:4509	Lobar pneumonia	Side_Effect::C0032300	MATCHED
SIDE_EFFECT:451	Feeling strange	Side_Effect::C0235129	MATCHED
SIDE_EFFECT:4510	Fall	Side_Effect::C0085639	MATCHED
SIDE_EFFECT:4511	Cholecystitis chronic	Side_Effect::C0085694	MATCHED
SIDE_EFFECT:4512	Amaurosis fugax	Side_Effect::C0149793	MATCHED
SIDE_EFFECT:4513	Gallbladder cancer	Side_Effect::C0153452	MATCHED
SIDE_EFFECT:4514	Monarthritis	Side_Effect::C0158026	MATCHED
SIDE_EFFECT:4515	Flight of ideas	Side_Effect::C0233657	MATCHED
SIDE_EFFECT:4516	Dysgraphia	Side_Effect::C0234144	MATCHED
SIDE_EFFECT:4517	Vestibular ataxia	Side_Effect::C0235927	MATCHED
SIDE_EFFECT:4518	Carotid artery occlusion	Side_Effect::C0265101	MATCHED
SIDE_EFFECT:4519	Nail infection	Side_Effect::C0343026	MATCHED
SIDE_EFFECT:452	Burning feeling vagina	Side_Effect::C0236083	MATCHED
SIDE_EFFECT:4520	Oral neoplasm benign	Side_Effect::C0347197	MATCHED
SIDE_EFFECT:4521	Prostatic adenoma	Side_Effect::C0520477	MATCHED
SIDE_EFFECT:4522	Polymyalgia	Side_Effect::C0521516	MATCHED
SIDE_EFFECT:4523	Sleep phase rhythm disturbance	Side_Effect::C0852566	MATCHED
SIDE_EFFECT:4524	Cognitive deterioration	Side_Effect::C0854193	MATCHED
SIDE_EFFECT:4525	Sleep attacks	Side_Effect::C0855247	MATCHED
SIDE_EFFECT:4526	Colorectal cancer	Side_Effect::C1527249	MATCHED
SIDE_EFFECT:4527	Compulsive sexual behaviour	Side_Effect::C2242574	MATCHED
SIDE_EFFECT:4528	Compulsive shopping	Side_Effect::C2242575	MATCHED
SIDE_EFFECT:4529	Dry scalp	Side_Effect::C0847631	MATCHED
SIDE_EFFECT:453	Vulvovaginal burning sensation	Side_Effect::C1963790	MATCHED
SIDE_EFFECT:4530	Eye penetration	Side_Effect::C0015409	MATCHED
SIDE_EFFECT:4532	Ischaemic neuropathy	Side_Effect::C0238309	MATCHED
SIDE_EFFECT:4533	Aseptic necrosis of bone	Side_Effect::C0520474	MATCHED
SIDE_EFFECT:4534	Paranoid state	Side_Effect::C1456786	MATCHED
SIDE_EFFECT:4535	Potassium deficiency	Side_Effect::C0032827	MATCHED
SIDE_EFFECT:4536	Adrenal cortex atrophy	Side_Effect::C0151510	MATCHED
SIDE_EFFECT:4537	Adrenal atrophy	Side_Effect::C0342490	MATCHED
SIDE_EFFECT:4538	Eosinopenia	Side_Effect::C0272195	MATCHED
SIDE_EFFECT:4539	Steroid acne	Side_Effect::C0406479	MATCHED
SIDE_EFFECT:454	Perineal pain	Side_Effect::C0240717	MATCHED
SIDE_EFFECT:4540	Lipids abnormal	Side_Effect::C0549634	MATCHED
SIDE_EFFECT:4541	Long-term memory loss	Side_Effect::C0701810	MATCHED
SIDE_EFFECT:4542	Steroid psychosis	Side_Effect::C2363722	MATCHED
SIDE_EFFECT:4543	Substance-induced psychotic disorder	Side_Effect::C2987469	MATCHED
SIDE_EFFECT:4544	Haemoglobin normal	Side_Effect::C0474529	MATCHED
SIDE_EFFECT:4545	Low pH	Side_Effect::C0728725	MATCHED
SIDE_EFFECT:4546	Blood pH decreased	Side_Effect::C0853028	MATCHED
SIDE_EFFECT:4547	Carotid pulse	Side_Effect::C1096529	MATCHED
SIDE_EFFECT:4548	Hypergammaglobulinaemia	Side_Effect::C0020455	MATCHED
SIDE_EFFECT:4549	Paroxysmal atrial tachycardia	Side_Effect::C0030587	MATCHED
SIDE_EFFECT:455	Urethral haemorrhage	Side_Effect::C0241558	MATCHED
SIDE_EFFECT:4550	pH urine decreased	Side_Effect::C0854059	MATCHED
SIDE_EFFECT:4551	Pseudocholinesterase deficiency	Side_Effect::C0268379	MATCHED
SIDE_EFFECT:4552	Lumbar puncture headache	Side_Effect::C0270697	MATCHED
SIDE_EFFECT:4553	Post lumbar puncture syndrome	Side_Effect::C1262010	MATCHED
SIDE_EFFECT:4554	Poikilocytosis	Side_Effect::C0221281	MATCHED
SIDE_EFFECT:4555	Worry	Side_Effect::C0233481	MATCHED
SIDE_EFFECT:4556	Perineal pain female	Side_Effect::C0235641	MATCHED
SIDE_EFFECT:4557	Vaginal burning sensation	Side_Effect::C0241618	MATCHED
SIDE_EFFECT:4558	Paroxysmal atrial fibrillation	Side_Effect::C0235480	MATCHED
SIDE_EFFECT:4559	Collagen-vascular disease	Side_Effect::C0262428	MATCHED
SIDE_EFFECT:456	Diabetic	Side_Effect::C0241863	MATCHED
SIDE_EFFECT:4560	Atrial hypertrophy	Side_Effect::C0340278	MATCHED
SIDE_EFFECT:4561	Embolism arterial (limb)	Side_Effect::C0852628	MATCHED
SIDE_EFFECT:4562	Cardioactive drug level above therapeutic	Side_Effect::C0855931	MATCHED
SIDE_EFFECT:4563	Proarrhythmia	Side_Effect::C0861148	MATCHED
SIDE_EFFECT:4564	Conjunctival congestion	Side_Effect::C0235263	MATCHED
SIDE_EFFECT:4565	Ground glass appearance	Side_Effect::C0860516	MATCHED
SIDE_EFFECT:4566	Descemetitis	Side_Effect::C0920192	MATCHED
SIDE_EFFECT:4567	Unspecified condition originating in the perinatal period	Side_Effect::C0270075	MATCHED
SIDE_EFFECT:4568	Cloudy urine	Side_Effect::C0278034	MATCHED
SIDE_EFFECT:4569	Postoperative fever	Side_Effect::C0424786	MATCHED
SIDE_EFFECT:457	Diabetes mellitus	Side_Effect::C0011849	MATCHED
SIDE_EFFECT:4570	Nodal tachycardia	Side_Effect::C0428982	MATCHED
SIDE_EFFECT:4571	Bucking	Side_Effect::C0852885	MATCHED
SIDE_EFFECT:4572	Airway complication of anaesthesia	Side_Effect::C0919569	MATCHED
SIDE_EFFECT:4573	Osmolality increased	Side_Effect::C0860728	MATCHED
SIDE_EFFECT:4574	Paraesthesia hand	Side_Effect::C0239836	MATCHED
SIDE_EFFECT:4575	Hypoglycaemic seizure	Side_Effect::C0877056	MATCHED
SIDE_EFFECT:4576	Peripheral arterial disease	Side_Effect::C1704436	MATCHED
SIDE_EFFECT:4577	Peripheral arterial occlusive disease	Side_Effect::C1306889	MATCHED
SIDE_EFFECT:4578	Cholinergic crisis	Side_Effect::C0393947	MATCHED
SIDE_EFFECT:4579	Nicotinic effects	Side_Effect::C0549428	MATCHED
SIDE_EFFECT:458	Scrotal disorder	Side_Effect::C0268919	MATCHED
SIDE_EFFECT:4580	Atrophic glossitis	Side_Effect::C0155964	MATCHED
SIDE_EFFECT:4581	Electrocardiogram QRS complex prolonged	Side_Effect::C0235475	MATCHED
SIDE_EFFECT:4582	Edema hands	Side_Effect::C0239819	MATCHED
SIDE_EFFECT:4583	Depressive episode	Side_Effect::C0349217	MATCHED
SIDE_EFFECT:4584	Parkinsonian gait	Side_Effect::C0427160	MATCHED
SIDE_EFFECT:4585	Urine drug screen positive	Side_Effect::C0743300	MATCHED
SIDE_EFFECT:4586	Drug screen positive	Side_Effect::C0743295	MATCHED
SIDE_EFFECT:4587	Polycystic kidney	Side_Effect::C0022680	MATCHED
SIDE_EFFECT:4588	Congenital cystic kidney disease	Side_Effect::C0311245	MATCHED
SIDE_EFFECT:4589	Ileal ulcer	Side_Effect::C0520564	MATCHED
SIDE_EFFECT:459	Redness	Side_Effect::C0332575	MATCHED
SIDE_EFFECT:4590	Bicytopenia	Side_Effect::C1142446	MATCHED
SIDE_EFFECT:4591	Hypoperfusion	Side_Effect::C0442856	MATCHED
SIDE_EFFECT:4592	Vascular stenosis	Side_Effect::C0679403	MATCHED
SIDE_EFFECT:4593	Mycobacterial infection	Side_Effect::C0026918	MATCHED
SIDE_EFFECT:4594	Alveolar proteinosis	Side_Effect::C0034050	MATCHED
SIDE_EFFECT:4595	Arterial anomaly	Side_Effect::C0151489	MATCHED
SIDE_EFFECT:4596	Congenital arterial malformation	Side_Effect::C0265935	MATCHED
SIDE_EFFECT:4597	Decreased tolerance	Side_Effect::C0151955	MATCHED
SIDE_EFFECT:4598	Drug tolerance decreased	Side_Effect::C0521854	MATCHED
SIDE_EFFECT:4599	Incisional hernia	Side_Effect::C0267716	MATCHED
SIDE_EFFECT:46	Palpitations	Side_Effect::C0030252	MATCHED
SIDE_EFFECT:460	Ventricular hypertrophy	Side_Effect::C0340279	MATCHED
SIDE_EFFECT:4600	Hepatic artery thrombosis	Side_Effect::C0392106	MATCHED
SIDE_EFFECT:4601	Chronic allograft nephropathy	Side_Effect::C0403592	MATCHED
SIDE_EFFECT:4602	Post transplant lymphoproliferative disorder	Side_Effect::C0432487	MATCHED
SIDE_EFFECT:4603	Acute allograft rejection	Side_Effect::C1735634	MATCHED
SIDE_EFFECT:4604	Ascariasis	Side_Effect::C0003950	MATCHED
SIDE_EFFECT:4605	Type 1 diabetes mellitus	Side_Effect::C0011854	MATCHED
SIDE_EFFECT:4606	Sarcoidosis	Side_Effect::C0036202	MATCHED
SIDE_EFFECT:4607	Cutaneous sarcoidosis	Side_Effect::C0036203	MATCHED
SIDE_EFFECT:4608	Vogt-Koyanagi-Harada syndrome	Side_Effect::C0042170	MATCHED
SIDE_EFFECT:4609	Enterobiasis	Side_Effect::C0086227	MATCHED
SIDE_EFFECT:461	Stiffness	Side_Effect::C0427008	MATCHED
SIDE_EFFECT:4610	Serous retinal detachment	Side_Effect::C0154822	MATCHED
SIDE_EFFECT:4611	Lacrimal gland disorder	Side_Effect::C0235228	MATCHED
SIDE_EFFECT:4612	Retinal exudates	Side_Effect::C0240897	MATCHED
SIDE_EFFECT:4613	Cotton wool spots	Side_Effect::C0271053	MATCHED
SIDE_EFFECT:4614	Mononeuropathy	Side_Effect::C0494491	MATCHED
SIDE_EFFECT:4615	CD4 lymphocytes decreased	Side_Effect::C0853142	MATCHED
SIDE_EFFECT:4616	Psychiatric evaluation abnormal	Side_Effect::C1095967	MATCHED
SIDE_EFFECT:4617	Mitochondrial toxicity	Side_Effect::C1096176	MATCHED
SIDE_EFFECT:4618	Thyroglobulin increased	Side_Effect::C1096195	MATCHED
SIDE_EFFECT:4619	Anti-thyroid antibody positive	Side_Effect::C1168134	MATCHED
SIDE_EFFECT:462	Respiratory distress	Side_Effect::C0476273	MATCHED
SIDE_EFFECT:4620	Injection site dryness	Side_Effect::C1868843	MATCHED
SIDE_EFFECT:4621	Tongue pigmentation	Side_Effect::C2609174	MATCHED
SIDE_EFFECT:4622	Acrodynia	Side_Effect::C0001198	MATCHED
SIDE_EFFECT:4623	Bone neoplasm	Side_Effect::C0005967	MATCHED
SIDE_EFFECT:4624	Pseudomembranous enterocolitis	Side_Effect::C0014358	MATCHED
SIDE_EFFECT:4625	Cor pulmonale	Side_Effect::C0034072	MATCHED
SIDE_EFFECT:4626	Granuloma skin	Side_Effect::C0151684	MATCHED
SIDE_EFFECT:4627	Mesenteric occlusion	Side_Effect::C0151815	MATCHED
SIDE_EFFECT:4628	Paraesthesia NEC	Side_Effect::C0852679	MATCHED
SIDE_EFFECT:4629	Albinism	Side_Effect::C0001916	MATCHED
SIDE_EFFECT:463	Penile pain	Side_Effect::C0497481	MATCHED
SIDE_EFFECT:4630	Automatism	Side_Effect::C0004377	MATCHED
SIDE_EFFECT:4631	Oesophageal motility disorder	Side_Effect::C0014858	MATCHED
SIDE_EFFECT:4632	Foramen ovale patent	Side_Effect::C0016522	MATCHED
SIDE_EFFECT:4633	Long QT syndrome	Side_Effect::C0023976	MATCHED
SIDE_EFFECT:4634	Pancreatic neoplasm	Side_Effect::C0030297	MATCHED
SIDE_EFFECT:4635	Injection site cyst	Side_Effect::C0151584	MATCHED
SIDE_EFFECT:4636	Corpus callosum agenesis	Side_Effect::C0175754	MATCHED
SIDE_EFFECT:4637	Platelet production decreased	Side_Effect::C0221147	MATCHED
SIDE_EFFECT:4638	Posture abnormal	Side_Effect::C0231471	MATCHED
SIDE_EFFECT:4639	Oropharyngeal spasm	Side_Effect::C0234952	MATCHED
SIDE_EFFECT:464	Tooth abscess	Side_Effect::C0518988	MATCHED
SIDE_EFFECT:4640	Tongue spasm	Side_Effect::C0234953	MATCHED
SIDE_EFFECT:4641	Laryngotracheal oedema	Side_Effect::C0235551	MATCHED
SIDE_EFFECT:4642	Osteodystrophy	Side_Effect::C0264009	MATCHED
SIDE_EFFECT:4643	Otitis media chronic	Side_Effect::C0271441	MATCHED
SIDE_EFFECT:4644	Risus sardonicus	Side_Effect::C0343494	MATCHED
SIDE_EFFECT:4645	Emprosthotonus	Side_Effect::C0392168	MATCHED
SIDE_EFFECT:4646	Pleurothotonus	Side_Effect::C0520821	MATCHED
SIDE_EFFECT:4647	Injection site ulcer	Side_Effect::C0521507	MATCHED
SIDE_EFFECT:4648	Eye rolling	Side_Effect::C0522336	MATCHED
SIDE_EFFECT:4649	Unresponsive to stimuli	Side_Effect::C0857494	MATCHED
SIDE_EFFECT:465	Pain localised	Side_Effect::C0520962	MATCHED
SIDE_EFFECT:4650	Injection site cellulitis	Side_Effect::C0919590	MATCHED
SIDE_EFFECT:4651	Long QT syndrome congenital	Side_Effect::C1141890	MATCHED
SIDE_EFFECT:4652	Glabellar reflex abnormal	Side_Effect::C1142017	MATCHED
SIDE_EFFECT:4653	Postural orthostatic tachycardia syndrome	Side_Effect::C1299624	MATCHED
SIDE_EFFECT:4654	Oculo-respiratory syndrome	Side_Effect::C1328377	MATCHED
SIDE_EFFECT:4655	Oculorespiratory syndrome	Side_Effect::C1963718	MATCHED
SIDE_EFFECT:4656	Acarodermatitis	Side_Effect::C1504343	MATCHED
SIDE_EFFECT:4657	Electrocardiogram QT interval abnormal	Side_Effect::C1504435	MATCHED
SIDE_EFFECT:4658	Head titubation	Side_Effect::C1608410	MATCHED
SIDE_EFFECT:4659	Plateletcrit decreased	Side_Effect::C1611162	MATCHED
SIDE_EFFECT:466	Injection site bruising	Side_Effect::C0521508	MATCHED
SIDE_EFFECT:4660	C1 esterase deficiency acquired	Side_Effect::C1696700	MATCHED
SIDE_EFFECT:4661	Molluscum contagiosum	Side_Effect::C0026393	MATCHED
SIDE_EFFECT:4662	Xanthomatosis	Side_Effect::C0043325	MATCHED
SIDE_EFFECT:4663	Adrenal cortical hypofunction	Side_Effect::C0405580	MATCHED
SIDE_EFFECT:4664	Electroretinogram abnormal	Side_Effect::C0476397	MATCHED
SIDE_EFFECT:4665	Retinogram abnormal	Side_Effect::C1167863	MATCHED
SIDE_EFFECT:4666	Local throat irritation	Side_Effect::C0542075	MATCHED
SIDE_EFFECT:4667	Bladder disorder	Side_Effect::C0005686	MATCHED
SIDE_EFFECT:4668	Brain disorder NOS	Side_Effect::C0006111	MATCHED
SIDE_EFFECT:4669	Oesophageal rupture	Side_Effect::C0281839	MATCHED
SIDE_EFFECT:467	Drug effect decreased	Side_Effect::C0521845	MATCHED
SIDE_EFFECT:4670	Congenital joint malformation	Side_Effect::C0521546	MATCHED
SIDE_EFFECT:4671	Carcinoma colon	Side_Effect::C0699790	MATCHED
SIDE_EFFECT:4672	Freezing phenomenon	Side_Effect::C1262022	MATCHED
SIDE_EFFECT:4673	Traumatic arthropathy	Side_Effect::C0152086	MATCHED
SIDE_EFFECT:4674	Ankle sprain	Side_Effect::C0160087	MATCHED
SIDE_EFFECT:4675	Duodenal perforation	Side_Effect::C0267356	MATCHED
SIDE_EFFECT:4676	Back strain	Side_Effect::C0347721	MATCHED
SIDE_EFFECT:4677	Calculus bladder	Side_Effect::C0005683	MATCHED
SIDE_EFFECT:4678	Endometrial neoplasm malignant	Side_Effect::C0007103	MATCHED
SIDE_EFFECT:4679	Laryngeal cancer	Side_Effect::C0007107	MATCHED
SIDE_EFFECT:468	Abdominal pain localised	Side_Effect::C0522061	MATCHED
SIDE_EFFECT:4680	Adenocarcinoma of prostate	Side_Effect::C0007112	MATCHED
SIDE_EFFECT:4681	Rectal cancer	Side_Effect::C0007113	MATCHED
SIDE_EFFECT:4682	Actinic keratosis	Side_Effect::C0022602	MATCHED
SIDE_EFFECT:4683	Seborrhoeic keratosis	Side_Effect::C0022603	MATCHED
SIDE_EFFECT:4684	Middle ear effusion	Side_Effect::C0029883	MATCHED
SIDE_EFFECT:4685	Poliomyelitis	Side_Effect::C0032371	MATCHED
SIDE_EFFECT:4686	Oesophageal carcinoma	Side_Effect::C0152018	MATCHED
SIDE_EFFECT:4687	Intervertebral disc degeneration	Side_Effect::C0158266	MATCHED
SIDE_EFFECT:4688	Angiomyolipoma	Side_Effect::C0206633	MATCHED
SIDE_EFFECT:4689	Therapeutic response increased	Side_Effect::C0235821	MATCHED
SIDE_EFFECT:469	Injection site haematoma	Side_Effect::C0542008	MATCHED
SIDE_EFFECT:4690	Hyperbilirubinemia aggravated	Side_Effect::C0235851	MATCHED
SIDE_EFFECT:4691	Parkinsonism aggravated	Side_Effect::C0235960	MATCHED
SIDE_EFFECT:4692	Salivary duct obstruction	Side_Effect::C0235984	MATCHED
SIDE_EFFECT:4693	Gastrointestinal stromal tumour	Side_Effect::C0238198	MATCHED
SIDE_EFFECT:4694	Anaplastic thyroid cancer	Side_Effect::C0238461	MATCHED
SIDE_EFFECT:4695	Rotator cuff syndrome	Side_Effect::C0263912	MATCHED
SIDE_EFFECT:4696	Migraine without aura	Side_Effect::C0338480	MATCHED
SIDE_EFFECT:4697	Localized osteoarthritis	Side_Effect::C0409962	MATCHED
SIDE_EFFECT:4698	Ischaemic hepatitis	Side_Effect::C0473117	MATCHED
SIDE_EFFECT:4699	Brain neoplasm benign	Side_Effect::C0496899	MATCHED
SIDE_EFFECT:47	Parathyroid disorder	Side_Effect::C0030517	MATCHED
SIDE_EFFECT:470	Feeling jittery	Side_Effect::C0549209	MATCHED
SIDE_EFFECT:4700	Abdominal adhesions	Side_Effect::C0549357	MATCHED
SIDE_EFFECT:4701	Pelvic peritoneal adhesions	Side_Effect::C0740278	MATCHED
SIDE_EFFECT:4702	Peritoneal adhesions	Side_Effect::C0156181	MATCHED
SIDE_EFFECT:4703	Phosphate increased	Side_Effect::C0860988	MATCHED
SIDE_EFFECT:4704	Blood phosphorus increased	Side_Effect::C0919625	MATCHED
SIDE_EFFECT:4705	Infected cyst	Side_Effect::C1142249	MATCHED
SIDE_EFFECT:4706	Bone spur	Side_Effect::C1956089	MATCHED
SIDE_EFFECT:4707	Acute cholestatic hepatitis	Side_Effect::C1735630	MATCHED
SIDE_EFFECT:4708	Dental discomfort	Side_Effect::C1096257	MATCHED
SIDE_EFFECT:4709	Protein allergy	Side_Effect::C1112677	MATCHED
SIDE_EFFECT:471	Yeast infection	Side_Effect::C0750466	MATCHED
SIDE_EFFECT:4710	Lactic acidosis syndrome	Side_Effect::C1142358	MATCHED
SIDE_EFFECT:4711	Asymptomatic hyperlactatemia	Side_Effect::C1142524	MATCHED
SIDE_EFFECT:4712	Festinating gait	Side_Effect::C0231694	MATCHED
SIDE_EFFECT:4713	Lip burning sensation of	Side_Effect::C0859371	MATCHED
SIDE_EFFECT:4714	Adhesion	Side_Effect::C0001511	MATCHED
SIDE_EFFECT:4715	Mastitis acute female	Side_Effect::C0235667	MATCHED
SIDE_EFFECT:4716	Vasospasm cerebral	Side_Effect::C0265110	MATCHED
SIDE_EFFECT:4717	Cerebral vasoconstriction	Side_Effect::C1167661	MATCHED
SIDE_EFFECT:4718	Call-Fleming syndrome	Side_Effect::C1142239	MATCHED
SIDE_EFFECT:4719	Reversible cerebral vasoconstriction syndrome	Side_Effect::C3544214	MATCHED
SIDE_EFFECT:472	Fungal infection	Side_Effect::C0026946	MATCHED
SIDE_EFFECT:4720	Fluorosis	Side_Effect::C0016325	MATCHED
SIDE_EFFECT:4721	Fluoride increased	Side_Effect::C0852203	MATCHED
SIDE_EFFECT:4722	Glomerulonephritis membranoproliferative	Side_Effect::C0017662	MATCHED
SIDE_EFFECT:4723	Unexpected therapeutic effect	Side_Effect::C0235735	MATCHED
SIDE_EFFECT:4724	Therapeutic response unexpected	Side_Effect::C0853141	MATCHED
SIDE_EFFECT:4725	Acute nephritis	Side_Effect::C0268733	MATCHED
SIDE_EFFECT:4726	Sudden hearing loss	Side_Effect::C0011057	MATCHED
SIDE_EFFECT:4727	Iris disorder	Side_Effect::C0022078	MATCHED
SIDE_EFFECT:4728	Retinal vascular occlusion	Side_Effect::C0035326	MATCHED
SIDE_EFFECT:4729	Chloropsia	Side_Effect::C0235260	MATCHED
SIDE_EFFECT:473	Drug ineffective	Side_Effect::C0852908	MATCHED
SIDE_EFFECT:4730	Scleral discolouration	Side_Effect::C0235980	MATCHED
SIDE_EFFECT:4731	Soft tissue disorder	Side_Effect::C0263978	MATCHED
SIDE_EFFECT:4732	Penile haemorrhage	Side_Effect::C0269002	MATCHED
SIDE_EFFECT:4733	Erythropsia	Side_Effect::C0271211	MATCHED
SIDE_EFFECT:4734	Arteriosclerotic retinopathy	Side_Effect::C0339478	MATCHED
SIDE_EFFECT:4735	Other disorders of eye	Side_Effect::C0497217	MATCHED
SIDE_EFFECT:4736	Vaso-occlusive crisis	Side_Effect::C0750151	MATCHED
SIDE_EFFECT:4737	Cyanopsia	Side_Effect::C0854725	MATCHED
SIDE_EFFECT:4738	Visual brightness	Side_Effect::C0877154	MATCHED
SIDE_EFFECT:4739	AION	Side_Effect::C1852242	MATCHED
SIDE_EFFECT:474	Injection site pruritus	Side_Effect::C0852995	MATCHED
SIDE_EFFECT:4740	Arteritic anterior ischaemic optic neuropathy	Side_Effect::C2242711	MATCHED
SIDE_EFFECT:4741	Eosinophilic myocarditis	Side_Effect::C0151788	MATCHED
SIDE_EFFECT:4742	Sprue	Side_Effect::C0205707	MATCHED
SIDE_EFFECT:4743	Blood parathyroid hormone increased	Side_Effect::C0853023	MATCHED
SIDE_EFFECT:4744	Mastocytosis	Side_Effect::C0024899	MATCHED
SIDE_EFFECT:4745	Chronic eosinophilic leukaemia	Side_Effect::C0346421	MATCHED
SIDE_EFFECT:4746	Haemorrhagic ovarian cyst	Side_Effect::C0473311	MATCHED
SIDE_EFFECT:4747	Renal cancer	Side_Effect::C0740457	MATCHED
SIDE_EFFECT:4748	Scleral haemorrhage	Side_Effect::C0748536	MATCHED
SIDE_EFFECT:4749	Tumour haemorrhage	Side_Effect::C0877584	MATCHED
SIDE_EFFECT:475	Application site pruritus	Side_Effect::C0853714	MATCHED
SIDE_EFFECT:4750	Pharyngeal mucositis	Side_Effect::C1699324	MATCHED
SIDE_EFFECT:4751	Unable to walk	Side_Effect::C0560046	MATCHED
SIDE_EFFECT:4752	Abasia	Side_Effect::C0877217	MATCHED
SIDE_EFFECT:4753	Insulinoma	Side_Effect::C0021670	MATCHED
SIDE_EFFECT:4754	Syndrome Fanconi-like	Side_Effect::C0151638	MATCHED
SIDE_EFFECT:4755	Fanconi syndrome acquired	Side_Effect::C0341702	MATCHED
SIDE_EFFECT:4756	Proximal renal tubular acidosis	Side_Effect::C0268435	MATCHED
SIDE_EFFECT:4757	Shock insulin	Side_Effect::C1527401	MATCHED
SIDE_EFFECT:4758	Shock hypoglycaemic	Side_Effect::C0851302	MATCHED
SIDE_EFFECT:4759	Fistula	Side_Effect::C0016169	MATCHED
SIDE_EFFECT:476	Local reaction	Side_Effect::C0853813	MATCHED
SIDE_EFFECT:4760	T-cell lymphoma	Side_Effect::C0079772	MATCHED
SIDE_EFFECT:4761	Pelvi-ureteric obstruction	Side_Effect::C0521619	MATCHED
SIDE_EFFECT:4762	Enterococcal infection	Side_Effect::C0851881	MATCHED
SIDE_EFFECT:4763	Myoglobinaemia	Side_Effect::C1142397	MATCHED
SIDE_EFFECT:4764	Biliary sludge	Side_Effect::C0282074	MATCHED
SIDE_EFFECT:4765	Cluster headache	Side_Effect::C0009088	MATCHED
SIDE_EFFECT:4766	Abdominal aortic aneurysm	Side_Effect::C0162871	MATCHED
SIDE_EFFECT:4767	Aortic aneurysm	Side_Effect::C0003486	MATCHED
SIDE_EFFECT:4768	Menstrual cycle abnormal	Side_Effect::C0232933	MATCHED
SIDE_EFFECT:4769	Cerebellar infarction	Side_Effect::C0236073	MATCHED
SIDE_EFFECT:477	Hypotension symptomatic	Side_Effect::C0863113	MATCHED
SIDE_EFFECT:4770	Musculoskeletal deformity	Side_Effect::C0281914	MATCHED
SIDE_EFFECT:4771	Hypertensive episode	Side_Effect::C0520539	MATCHED
SIDE_EFFECT:4772	Hemiplegia transient	Side_Effect::C0521662	MATCHED
SIDE_EFFECT:4773	Injection site stinging	Side_Effect::C1142080	MATCHED
SIDE_EFFECT:4774	Voice disturbance	Side_Effect::C1527340	MATCHED
SIDE_EFFECT:4775	Temporal arteritis	Side_Effect::C1956391	MATCHED
SIDE_EFFECT:4776	Nasal inflammation	Side_Effect::C2718128	MATCHED
SIDE_EFFECT:4777	Subcutaneous bleeding	Side_Effect::C2750515	MATCHED
SIDE_EFFECT:4778	Bullous impetigo	Side_Effect::C0021100	MATCHED
SIDE_EFFECT:4779	Kaposi's varicelliform eruption	Side_Effect::C0022504	MATCHED
SIDE_EFFECT:478	Peritonsillitis	Side_Effect::C0877267	MATCHED
SIDE_EFFECT:4780	Pancreatic pseudocyst	Side_Effect::C0030299	MATCHED
SIDE_EFFECT:4781	Urge incontinence	Side_Effect::C0150045	MATCHED
SIDE_EFFECT:4782	Chest pressure sensation of	Side_Effect::C0232285	MATCHED
SIDE_EFFECT:4783	Fat tissue increased	Side_Effect::C0235433	MATCHED
SIDE_EFFECT:4784	Pancreatitis acute on chronic	Side_Effect::C0262417	MATCHED
SIDE_EFFECT:4785	Netherton's syndrome	Side_Effect::C0265962	MATCHED
SIDE_EFFECT:4786	Bile duct stenosis	Side_Effect::C0267925	MATCHED
SIDE_EFFECT:4787	Pancreatitis necrotising	Side_Effect::C0267941	MATCHED
SIDE_EFFECT:4788	Haemoglobin abnormal	Side_Effect::C0349705	MATCHED
SIDE_EFFECT:4789	Gastrooesophagitis	Side_Effect::C0392034	MATCHED
SIDE_EFFECT:479	Skin tear	Side_Effect::C0877377	MATCHED
SIDE_EFFECT:4790	Electrocardiogram T wave abnormal	Side_Effect::C0438167	MATCHED
SIDE_EFFECT:4791	Echocardiogram abnormal	Side_Effect::C0476369	MATCHED
SIDE_EFFECT:4792	Writing impaired	Side_Effect::C0584995	MATCHED
SIDE_EFFECT:4793	Mobility decreased	Side_Effect::C0700572	MATCHED
SIDE_EFFECT:4794	Varicella zoster	Side_Effect::C0740380	MATCHED
SIDE_EFFECT:4795	Herpes simplex dermatitis	Side_Effect::C0854331	MATCHED
SIDE_EFFECT:4796	Herpes dermatitis	Side_Effect::C1262170	MATCHED
SIDE_EFFECT:4797	Gastrointestinal ulcer perforation	Side_Effect::C0858346	MATCHED
SIDE_EFFECT:4798	Anxiety symptoms NOS	Side_Effect::C0860603	MATCHED
SIDE_EFFECT:4799	Eczema herpeticum	Side_Effect::C0936250	MATCHED
SIDE_EFFECT:48	Paraesthesia	Side_Effect::C0030554	MATCHED
SIDE_EFFECT:480	Flu symptoms	Side_Effect::C0948873	MATCHED
SIDE_EFFECT:4800	Primary graft dysfunction	Side_Effect::C0948031	MATCHED
SIDE_EFFECT:4801	Graft dysfunction	Side_Effect::C1167870	MATCHED
SIDE_EFFECT:4802	Venous thrombosis deep limb	Side_Effect::C1321632	MATCHED
SIDE_EFFECT:4803	Post transplant diabetes mellitus	Side_Effect::C1504532	MATCHED
SIDE_EFFECT:4804	Myocardial hypertrophy	Side_Effect::C3495916	MATCHED
SIDE_EFFECT:4805	Cardiac hypertrophy	Side_Effect::C1383860	MATCHED
SIDE_EFFECT:4806	Anogenital warts	Side_Effect::C0009663	MATCHED
SIDE_EFFECT:4807	Diabetic nephropathy	Side_Effect::C0011881	MATCHED
SIDE_EFFECT:4808	Tinea versicolour	Side_Effect::C0040262	MATCHED
SIDE_EFFECT:4809	Papillary thyroid cancer	Side_Effect::C0238463	MATCHED
SIDE_EFFECT:481	Device malfunction	Side_Effect::C1504465	MATCHED
SIDE_EFFECT:4810	Uterine polyp	Side_Effect::C0156369	MATCHED
SIDE_EFFECT:4811	Hepatic cyst	Side_Effect::C0267834	MATCHED
SIDE_EFFECT:4812	Sarcoma uterus	Side_Effect::C0338113	MATCHED
SIDE_EFFECT:4813	Endometrial adenocarcinoma	Side_Effect::C1153706	MATCHED
SIDE_EFFECT:4814	Nettle rash	Side_Effect::C1536459	MATCHED
SIDE_EFFECT:4815	Dacryocystitis	Side_Effect::C0010930	MATCHED
SIDE_EFFECT:4816	Conjunctival cyst	Side_Effect::C0155170	MATCHED
SIDE_EFFECT:4817	Blepharitis allergic	Side_Effect::C0271308	MATCHED
SIDE_EFFECT:4818	Eczema eyelids	Side_Effect::C0155177	MATCHED
SIDE_EFFECT:4819	Methicillin-resistant Staphylococcus aureus infection	Side_Effect::C0343401	MATCHED
SIDE_EFFECT:482	Regurgitation	Side_Effect::C2004489	MATCHED
SIDE_EFFECT:4820	Acute allergic reaction	Side_Effect::C0413234	MATCHED
SIDE_EFFECT:4821	Corneal defect	Side_Effect::C0948085	MATCHED
SIDE_EFFECT:4822	Equilibrium loss	Side_Effect::C0278126	MATCHED
SIDE_EFFECT:4823	Brain stem glioma	Side_Effect::C0677865	MATCHED
SIDE_EFFECT:4824	Polymorphic light eruption	Side_Effect::C0031736	MATCHED
SIDE_EFFECT:4825	Hyposmia	Side_Effect::C2364082	MATCHED
SIDE_EFFECT:4826	Burn	Side_Effect::C0006434	MATCHED
SIDE_EFFECT:4827	Leukoplakia	Side_Effect::C0023531	MATCHED
SIDE_EFFECT:4828	Male orgasmic disorder	Side_Effect::C0033949	MATCHED
SIDE_EFFECT:4829	Varicocele	Side_Effect::C0042341	MATCHED
SIDE_EFFECT:483	Erection prolonged	Side_Effect::C2242621	MATCHED
SIDE_EFFECT:4830	Growth accelerated	Side_Effect::C0151685	MATCHED
SIDE_EFFECT:4831	Clitoral engorgement	Side_Effect::C0233976	MATCHED
SIDE_EFFECT:4832	Korsakoff's psychosis (non-alcoholic)	Side_Effect::C0268671	MATCHED
SIDE_EFFECT:4833	Wernicke-Korsakoff syndrome	Side_Effect::C0349464	MATCHED
SIDE_EFFECT:4834	Breast induration	Side_Effect::C0269268	MATCHED
SIDE_EFFECT:4835	Gingival oedema	Side_Effect::C0277986	MATCHED
SIDE_EFFECT:4836	Prostatic intraepithelial neoplasia	Side_Effect::C0282612	MATCHED
SIDE_EFFECT:4837	Prostatic dysplasia	Side_Effect::C3160830	MATCHED
SIDE_EFFECT:4838	Nipple disorder	Side_Effect::C0405479	MATCHED
SIDE_EFFECT:4839	Red blood cell count increased	Side_Effect::C0427458	MATCHED
SIDE_EFFECT:484	Erection increased	Side_Effect::C0541941	MATCHED
SIDE_EFFECT:4840	Blood urea normal	Side_Effect::C0438241	MATCHED
SIDE_EFFECT:4841	Poor urinary stream	Side_Effect::C0455880	MATCHED
SIDE_EFFECT:4842	Pulmonary microemboli	Side_Effect::C0520546	MATCHED
SIDE_EFFECT:4843	Erythropoiesis abnormal	Side_Effect::C0702109	MATCHED
SIDE_EFFECT:4844	Buccal mucosal roughening	Side_Effect::C0856152	MATCHED
SIDE_EFFECT:4845	Raised serum lipid levels	Side_Effect::C0856968	MATCHED
SIDE_EFFECT:4846	Lipids increased	Side_Effect::C0851043	MATCHED
SIDE_EFFECT:4847	Oestradiol increased	Side_Effect::C0860851	MATCHED
SIDE_EFFECT:4848	Abnormal clotting factor	Side_Effect::C0877331	MATCHED
SIDE_EFFECT:4849	Redness gum	Side_Effect::C0877497	MATCHED
SIDE_EFFECT:485	Abnormal ejaculation	Side_Effect::C2937350	MATCHED
SIDE_EFFECT:4850	Gingival erythema	Side_Effect::C0239735	MATCHED
SIDE_EFFECT:4851	Gingival blister	Side_Effect::C0877639	MATCHED
SIDE_EFFECT:4852	Impatience	Side_Effect::C0919568	MATCHED
SIDE_EFFECT:4853	Injection site discomfort	Side_Effect::C1096267	MATCHED
SIDE_EFFECT:4854	Free prostate-specific antigen increased	Side_Effect::C1096506	MATCHED
SIDE_EFFECT:4855	Prostate examination abnormal	Side_Effect::C1096657	MATCHED
SIDE_EFFECT:4856	Prostate induration	Side_Effect::C1112346	MATCHED
SIDE_EFFECT:4857	Pulmonary oil microembolism	Side_Effect::C2721578	MATCHED
SIDE_EFFECT:4858	Corneal stromal edema	Side_Effect::C0474444	MATCHED
SIDE_EFFECT:4859	Causalgia	Side_Effect::C0007462	MATCHED
SIDE_EFFECT:486	Ejaculation disorder	Side_Effect::C0235969	MATCHED
SIDE_EFFECT:4860	Erythroleukaemia	Side_Effect::C0023440	MATCHED
SIDE_EFFECT:4861	Disorder periosteal	Side_Effect::C0151846	MATCHED
SIDE_EFFECT:4862	Bone tenderness	Side_Effect::C0238807	MATCHED
SIDE_EFFECT:4863	Spleen palpable	Side_Effect::C0241228	MATCHED
SIDE_EFFECT:4864	Diverticular perforation	Side_Effect::C0853013	MATCHED
SIDE_EFFECT:4865	Bronchopneumopathy	Side_Effect::C1096448	MATCHED
SIDE_EFFECT:4866	Eosinophilic cystitis	Side_Effect::C0742965	MATCHED
SIDE_EFFECT:4867	Papanicolaou smear suspicious	Side_Effect::C0151834	MATCHED
SIDE_EFFECT:4868	Attention concentration difficulty	Side_Effect::C0858899	MATCHED
SIDE_EFFECT:4869	Paresthesia of fingers	Side_Effect::C0239591	MATCHED
SIDE_EFFECT:487	Cerebral haemorrhage	Side_Effect::C2937358	MATCHED
SIDE_EFFECT:4870	Spotting vaginal	Side_Effect::C0728993	MATCHED
SIDE_EFFECT:4871	Eye ulcer	Side_Effect::C0848383	MATCHED
SIDE_EFFECT:4872	Traumatic haemorrhage	Side_Effect::C0040797	MATCHED
SIDE_EFFECT:4873	Operative bleeding	Side_Effect::C3267156	MATCHED
SIDE_EFFECT:4874	Aphakic cystoid macular oedema	Side_Effect::C0920195	MATCHED
SIDE_EFFECT:4875	Vaginal odour	Side_Effect::C0235678	MATCHED
SIDE_EFFECT:4876	Spinal epidural haematoma	Side_Effect::C0877172	MATCHED
SIDE_EFFECT:4877	ST segment elevation myocardial infarction	Side_Effect::C1536220	MATCHED
SIDE_EFFECT:4878	Corneal abrasion	Side_Effect::C0010032	MATCHED
SIDE_EFFECT:4879	Deafness unilateral	Side_Effect::C2607947	MATCHED
SIDE_EFFECT:488	Penile curvature	Side_Effect::C2938970	MATCHED
SIDE_EFFECT:4880	Cochlear toxicity	Side_Effect::C3495950	MATCHED
SIDE_EFFECT:4881	Presbyopia	Side_Effect::C0033075	MATCHED
SIDE_EFFECT:4882	Acidosis hyperchloraemic	Side_Effect::C0085569	MATCHED
SIDE_EFFECT:4883	Distractibility	Side_Effect::C0233415	MATCHED
SIDE_EFFECT:4884	Convulsions aggravated	Side_Effect::C0234975	MATCHED
SIDE_EFFECT:4885	Upper motor neurone lesion	Side_Effect::C0235834	MATCHED
SIDE_EFFECT:4886	Expressive language disorder	Side_Effect::C0236826	MATCHED
SIDE_EFFECT:4887	Drug - food interaction	Side_Effect::C0242785	MATCHED
SIDE_EFFECT:4888	Food interaction	Side_Effect::C0242784	MATCHED
SIDE_EFFECT:4889	Ketogenic diet	Side_Effect::C0259972	MATCHED
SIDE_EFFECT:489	Penile haematoma	Side_Effect::C2938972	MATCHED
SIDE_EFFECT:4890	Essential tremor	Side_Effect::C0270736	MATCHED
SIDE_EFFECT:4891	Familial tremor	Side_Effect::C0393615	MATCHED
SIDE_EFFECT:4892	Bicarbonate level	Side_Effect::C0428196	MATCHED
SIDE_EFFECT:4893	Blood bicarbonate	Side_Effect::C0853263	MATCHED
SIDE_EFFECT:4894	Word finding difficulty	Side_Effect::C0454643	MATCHED
SIDE_EFFECT:4895	Learning disability	Side_Effect::C0751265	MATCHED
SIDE_EFFECT:4896	Blood bicarbonate decreased	Side_Effect::C0852909	MATCHED
SIDE_EFFECT:4897	Lack of spontaneous speech	Side_Effect::C0855217	MATCHED
SIDE_EFFECT:4898	Circadian rhythm sleep disorder	Side_Effect::C0877792	MATCHED
SIDE_EFFECT:4899	Orgasmic sensation decreased	Side_Effect::C0948856	MATCHED
SIDE_EFFECT:49	Pharyngitis	Side_Effect::C0031350	MATCHED
SIDE_EFFECT:490	Abnormal vision	Side_Effect::C3665386	MATCHED
SIDE_EFFECT:4900	Altered visual depth perception	Side_Effect::C1096444	MATCHED
SIDE_EFFECT:4901	Tandem gait test abnormal	Side_Effect::C1142034	MATCHED
SIDE_EFFECT:4902	Urticaria localised	Side_Effect::C1261981	MATCHED
SIDE_EFFECT:4903	Calculus ureteric	Side_Effect::C1456865	MATCHED
SIDE_EFFECT:4904	Hypoaesthesia facial	Side_Effect::C1696943	MATCHED
SIDE_EFFECT:4905	Thrombocytopenia aggravated	Side_Effect::C0853334	MATCHED
SIDE_EFFECT:4906	Cyst epidermal	Side_Effect::C0014511	MATCHED
SIDE_EFFECT:4907	Face injury	Side_Effect::C0015459	MATCHED
SIDE_EFFECT:4908	Herpangina	Side_Effect::C0019338	MATCHED
SIDE_EFFECT:4909	Rectal prolapse	Side_Effect::C0034888	MATCHED
SIDE_EFFECT:491	Visual impairment	Side_Effect::C3665347	MATCHED
SIDE_EFFECT:4910	Tendon injury	Side_Effect::C0039504	MATCHED
SIDE_EFFECT:4911	Pyelonephritis chronic	Side_Effect::C0085697	MATCHED
SIDE_EFFECT:4912	Arthralgia of temporomandibular joint	Side_Effect::C0155943	MATCHED
SIDE_EFFECT:4913	Temporomandibular joint syndrome	Side_Effect::C0039496	MATCHED
SIDE_EFFECT:4914	Small intestinal obstruction	Side_Effect::C0235329	MATCHED
SIDE_EFFECT:4915	Mammogram abnormal	Side_Effect::C0262365	MATCHED
SIDE_EFFECT:4916	Back disorder	Side_Effect::C0263888	MATCHED
SIDE_EFFECT:4917	Otitis media serous	Side_Effect::C0271453	MATCHED
SIDE_EFFECT:4918	Hand fracture	Side_Effect::C0435632	MATCHED
SIDE_EFFECT:4919	Poor peripheral circulation	Side_Effect::C0520547	MATCHED
SIDE_EFFECT:492	Atresia biliary	Side_Effect::C0005411	MATCHED
SIDE_EFFECT:4920	Genital itching female	Side_Effect::C0521634	MATCHED
SIDE_EFFECT:4921	Duodenal ulcer aggravated	Side_Effect::C0541913	MATCHED
SIDE_EFFECT:4922	Dizziness aggravated	Side_Effect::C0549239	MATCHED
SIDE_EFFECT:4923	Gastritis aggravated	Side_Effect::C0549277	MATCHED
SIDE_EFFECT:4924	Potassium abnormal NOS	Side_Effect::C0549635	MATCHED
SIDE_EFFECT:4925	Blood potassium abnormal	Side_Effect::C0853759	MATCHED
SIDE_EFFECT:4926	Blood glucose abnormal	Side_Effect::C0580546	MATCHED
SIDE_EFFECT:4927	Dyssomnia	Side_Effect::C0700201	MATCHED
SIDE_EFFECT:4928	Foot infection fungal NOS	Side_Effect::C0744131	MATCHED
SIDE_EFFECT:4929	Eczema exacerbated	Side_Effect::C0853246	MATCHED
SIDE_EFFECT:493	Congenital absence of bile ducts	Side_Effect::C0266241	MATCHED
SIDE_EFFECT:4930	Osteoarthritis aggravated	Side_Effect::C0853312	MATCHED
SIDE_EFFECT:4931	Blood cholesterol abnormal	Side_Effect::C0853595	MATCHED
SIDE_EFFECT:4932	Lymphocyte count increased	Side_Effect::C0853698	MATCHED
SIDE_EFFECT:4933	Exacerbation of hot flushes	Side_Effect::C0853762	MATCHED
SIDE_EFFECT:4934	Alanine aminotransferase decreased	Side_Effect::C0855618	MATCHED
SIDE_EFFECT:4935	Aspartate aminotransferase decreased	Side_Effect::C0855622	MATCHED
SIDE_EFFECT:4936	Pancreatitis aggravated	Side_Effect::C0856100	MATCHED
SIDE_EFFECT:4937	Headache aggravated	Side_Effect::C0876980	MATCHED
SIDE_EFFECT:4938	Food aversion	Side_Effect::C0877173	MATCHED
SIDE_EFFECT:4939	Band neutrophil count increased	Side_Effect::C0919777	MATCHED
SIDE_EFFECT:494	Microcephaly	Side_Effect::C0025958	MATCHED
SIDE_EFFECT:4940	Red cell distribution width increased	Side_Effect::C0948014	MATCHED
SIDE_EFFECT:4941	Analgesic effect	Side_Effect::C0948482	MATCHED
SIDE_EFFECT:4942	Analgesic therapy	Side_Effect::C0412784	MATCHED
SIDE_EFFECT:4943	Mean platelet volume decreased	Side_Effect::C1096368	MATCHED
SIDE_EFFECT:4944	Genitourinary tract infection	Side_Effect::C1279247	MATCHED
SIDE_EFFECT:4945	Uric acid increased	Side_Effect::C1868912	MATCHED
SIDE_EFFECT:4946	Orthostatic dysregulation	Side_Effect::C3203485	MATCHED
SIDE_EFFECT:4947	Serum creatinine decreased	Side_Effect::C0428282	MATCHED
SIDE_EFFECT:4948	Upper respiratory tract inflammation	Side_Effect::C0877266	MATCHED
SIDE_EFFECT:4949	Renal cortical necrosis	Side_Effect::C0022656	MATCHED
SIDE_EFFECT:495	Sickle cell anaemia	Side_Effect::C0002895	MATCHED
SIDE_EFFECT:4950	Aortic dissection	Side_Effect::C0340643	MATCHED
SIDE_EFFECT:4951	Hemiparesis (left)	Side_Effect::C0457436	MATCHED
SIDE_EFFECT:4952	Multiple allergies	Side_Effect::C0740281	MATCHED
SIDE_EFFECT:4953	Acne cystic	Side_Effect::C0010666	MATCHED
SIDE_EFFECT:4954	Circumscribed scleroderma	Side_Effect::C0036420	MATCHED
SIDE_EFFECT:4955	Morphoea	Side_Effect::C1527383	MATCHED
SIDE_EFFECT:4956	Hypertension paroxysmal	Side_Effect::C0221154	MATCHED
SIDE_EFFECT:4957	Occipital headache	Side_Effect::C0231613	MATCHED
SIDE_EFFECT:4958	Leukonychia	Side_Effect::C0240182	MATCHED
SIDE_EFFECT:4959	Agnosia	Side_Effect::C0001816	MATCHED
SIDE_EFFECT:496	Edema cerebral	Side_Effect::C0006114	MATCHED
SIDE_EFFECT:4960	Hypervitaminosis A	Side_Effect::C0020579	MATCHED
SIDE_EFFECT:4961	Ochronosis	Side_Effect::C0028817	MATCHED
SIDE_EFFECT:4962	Osteitis	Side_Effect::C0029400	MATCHED
SIDE_EFFECT:4963	Wheezing expiratory	Side_Effect::C0231875	MATCHED
SIDE_EFFECT:4964	Buccal mucosa ulceration	Side_Effect::C0235344	MATCHED
SIDE_EFFECT:4965	Scrotal ulcer	Side_Effect::C0268948	MATCHED
SIDE_EFFECT:4966	Retinoic acid syndrome	Side_Effect::C0860564	MATCHED
SIDE_EFFECT:4967	Cerebellar oedema	Side_Effect::C1112625	MATCHED
SIDE_EFFECT:4968	Slow speech	Side_Effect::C1859270	MATCHED
SIDE_EFFECT:4969	Application site stinging	Side_Effect::C2721737	MATCHED
SIDE_EFFECT:497	Choking	Side_Effect::C0008301	MATCHED
SIDE_EFFECT:4970	Hyperostosis	Side_Effect::C0020492	MATCHED
SIDE_EFFECT:4971	Eruptive xanthoma	Side_Effect::C0221252	MATCHED
SIDE_EFFECT:4972	Nail dystrophy	Side_Effect::C0221260	MATCHED
SIDE_EFFECT:4973	Acne fulminans	Side_Effect::C0263445	MATCHED
SIDE_EFFECT:4974	Excessive granulation tissue	Side_Effect::C0263634	MATCHED
SIDE_EFFECT:4975	Muscle tone disorder	Side_Effect::C0851647	MATCHED
SIDE_EFFECT:4978	Blindness day	Side_Effect::C0018975	MATCHED
SIDE_EFFECT:4979	Idiosyncratic drug reaction	Side_Effect::C0919578	MATCHED
SIDE_EFFECT:498	Nasal obstruction	Side_Effect::C0027429	MATCHED
SIDE_EFFECT:4980	Smarting	Side_Effect::C0235048	MATCHED
SIDE_EFFECT:4981	Short period	Side_Effect::C0425946	MATCHED
SIDE_EFFECT:4982	Granulocytosis	Side_Effect::C1282609	MATCHED
SIDE_EFFECT:4983	Lung nodule	Side_Effect::C0034079	MATCHED
SIDE_EFFECT:4984	Pulmonary mass	Side_Effect::C0149726	MATCHED
SIDE_EFFECT:4985	Plantar warts	Side_Effect::C0042548	MATCHED
SIDE_EFFECT:4986	Sore nose	Side_Effect::C0857495	MATCHED
SIDE_EFFECT:4987	Chemical peritonitis	Side_Effect::C0341505	MATCHED
SIDE_EFFECT:4988	Linear IgA disease	Side_Effect::C0406650	MATCHED
SIDE_EFFECT:4989	Red neck	Side_Effect::C0857246	MATCHED
SIDE_EFFECT:499	Skin necrosis	Side_Effect::C0151799	MATCHED
SIDE_EFFECT:4990	Haemochromatosis	Side_Effect::C0018995	MATCHED
SIDE_EFFECT:4991	Mitral valve disease	Side_Effect::C0026265	MATCHED
SIDE_EFFECT:4992	Osteosclerosis	Side_Effect::C0029464	MATCHED
SIDE_EFFECT:4993	Blood pressure diastolic increased	Side_Effect::C0277889	MATCHED
SIDE_EFFECT:4994	Developmental coordination disorder	Side_Effect::C0011757	MATCHED
SIDE_EFFECT:4995	Myoclonic epilepsy	Side_Effect::C0014550	MATCHED
SIDE_EFFECT:4996	Hamartoma	Side_Effect::C0018552	MATCHED
SIDE_EFFECT:4997	Congenital oral malformation	Side_Effect::C0026633	MATCHED
SIDE_EFFECT:4998	Dentofacial anomaly	Side_Effect::C0155947	MATCHED
SIDE_EFFECT:4999	Limb malformation	Side_Effect::C0206762	MATCHED
SIDE_EFFECT:5	Anaemia	Side_Effect::C0002871	MATCHED
SIDE_EFFECT:50	Pruritus	Side_Effect::C0033774	MATCHED
SIDE_EFFECT:500	Rash macular	Side_Effect::C0221201	MATCHED
SIDE_EFFECT:5000	Postictal state	Side_Effect::C0234543	MATCHED
SIDE_EFFECT:5001	Haemangioma congenital	Side_Effect::C0235753	MATCHED
SIDE_EFFECT:5002	Low set ears	Side_Effect::C0239234	MATCHED
SIDE_EFFECT:5003	Supernumerary nipple	Side_Effect::C0266011	MATCHED
SIDE_EFFECT:5004	Congenital hydronephrosis	Side_Effect::C0266316	MATCHED
SIDE_EFFECT:5005	Congenital vesicoureteric reflux	Side_Effect::C0521554	MATCHED
SIDE_EFFECT:5006	Retinal atrophy	Side_Effect::C0521694	MATCHED
SIDE_EFFECT:5007	Croup infectious	Side_Effect::C0853811	MATCHED
SIDE_EFFECT:5008	Hip dysplasia	Side_Effect::C1328407	MATCHED
SIDE_EFFECT:5009	Developmental hip dysplasia	Side_Effect::C0019555	MATCHED
SIDE_EFFECT:501	Surgical intervention	Side_Effect::C0549433	MATCHED
SIDE_EFFECT:5010	Dysmorphism	Side_Effect::C1737329	MATCHED
SIDE_EFFECT:5011	Foetal anticonvulsant syndrome	Side_Effect::C1739111	MATCHED
SIDE_EFFECT:5012	Cytotoxic oedema	Side_Effect::C1868998	MATCHED
SIDE_EFFECT:5013	Small cell lung cancer	Side_Effect::C0149925	MATCHED
SIDE_EFFECT:5014	Vein discolouration	Side_Effect::C0549444	MATCHED
SIDE_EFFECT:5015	Conjunctivitis bacterial	Side_Effect::C0009768	MATCHED
SIDE_EFFECT:5016	Acute stress disorder	Side_Effect::C0236816	MATCHED
SIDE_EFFECT:5017	Rectal mass	Side_Effect::C0240873	MATCHED
SIDE_EFFECT:5018	Intestinal mass	Side_Effect::C1142163	MATCHED
SIDE_EFFECT:5019	Scleral icterus	Side_Effect::C0240962	MATCHED
SIDE_EFFECT:502	Surgery	Side_Effect::C0543467	MATCHED
SIDE_EFFECT:5020	Ocular icterus	Side_Effect::C1141938	MATCHED
SIDE_EFFECT:5021	Rectal ulcer	Side_Effect::C0400839	MATCHED
SIDE_EFFECT:5022	Rib pain	Side_Effect::C0574068	MATCHED
SIDE_EFFECT:5023	Genital lesion	Side_Effect::C0744369	MATCHED
SIDE_EFFECT:5024	Heart racing	Side_Effect::C1868917	MATCHED
SIDE_EFFECT:5027	Genitourinary tract neoplasm	Side_Effect::C0042065	MATCHED
SIDE_EFFECT:5028	Chest heaviness	Side_Effect::C0742339	MATCHED
SIDE_EFFECT:5029	Acute migraine	Side_Effect::C1740836	MATCHED
SIDE_EFFECT:503	Phlebitis superficial	Side_Effect::C0750876	MATCHED
SIDE_EFFECT:5030	Insomnia exacerbated	Side_Effect::C0852928	MATCHED
SIDE_EFFECT:5031	Exposure to poisonous plant	Side_Effect::C0853402	MATCHED
SIDE_EFFECT:5032	Exposure to toxic agent	Side_Effect::C0522757	MATCHED
SIDE_EFFECT:5033	Fraction of inspired oxygen	Side_Effect::C0428167	MATCHED
SIDE_EFFECT:5036	Jaundice neonatal	Side_Effect::C0022353	MATCHED
SIDE_EFFECT:5039	Apgar score low	Side_Effect::C0549400	MATCHED
SIDE_EFFECT:504	Perioral tingling	Side_Effect::C1168149	MATCHED
SIDE_EFFECT:5041	Atonic urinary bladder	Side_Effect::C0403645	MATCHED
SIDE_EFFECT:5042	Complete hearing loss	Side_Effect::C0581883	MATCHED
SIDE_EFFECT:5043	Urine sodium increased	Side_Effect::C0854101	MATCHED
SIDE_EFFECT:5044	Urate nephropathy	Side_Effect::C2955673	MATCHED
SIDE_EFFECT:5045	Brain infarction	Side_Effect::C0751955	MATCHED
SIDE_EFFECT:5046	Decreased vibratory sense	Side_Effect::C1295585	MATCHED
SIDE_EFFECT:5047	Obsessional neurosis	Side_Effect::C0302832	MATCHED
SIDE_EFFECT:5048	Balance difficulty	Side_Effect::C1744587	MATCHED
SIDE_EFFECT:5049	Zinc deficiency	Side_Effect::C0235950	MATCHED
SIDE_EFFECT:505	Paraesthesia oral	Side_Effect::C0521591	MATCHED
SIDE_EFFECT:5050	Blood zinc decreased	Side_Effect::C0855675	MATCHED
SIDE_EFFECT:5051	Bone lesion	Side_Effect::C0238792	MATCHED
SIDE_EFFECT:5052	Intravascular large B-cell lymphoma	Side_Effect::C0334660	MATCHED
SIDE_EFFECT:5053	Compression fracture	Side_Effect::C0521169	MATCHED
SIDE_EFFECT:5054	Genu valgum	Side_Effect::C0576093	MATCHED
SIDE_EFFECT:5055	Knee deformity	Side_Effect::C0576091	MATCHED
SIDE_EFFECT:506	Pyoderma	Side_Effect::C0034212	MATCHED
SIDE_EFFECT:5062	Keratitis sicca	Side_Effect::C2930821	MATCHED
SIDE_EFFECT:5063	Airway edema	Side_Effect::C2939065	MATCHED
SIDE_EFFECT:507	Dermatitis infected	Side_Effect::C1323189	MATCHED
SIDE_EFFECT:5074	Urticaria recurrent	Side_Effect::C1276118	MATCHED
SIDE_EFFECT:5075	Convulsive disorder	Side_Effect::C0234972	MATCHED
SIDE_EFFECT:5078	Nontoxic goiter	Side_Effect::C0221777	MATCHED
SIDE_EFFECT:508	Dandruff	Side_Effect::C0221244	MATCHED
SIDE_EFFECT:5081	Gasping	Side_Effect::C0425449	MATCHED
SIDE_EFFECT:5083	Toxic symptom	Side_Effect::C0858786	MATCHED
SIDE_EFFECT:5084	Female orgasmic disorder	Side_Effect::C0033948	MATCHED
SIDE_EFFECT:5085	Frozen shoulder	Side_Effect::C0311223	MATCHED
SIDE_EFFECT:5086	Chronic peptic ulcer	Side_Effect::C0700509	MATCHED
SIDE_EFFECT:5087	Serum ferritin increased	Side_Effect::C0241013	MATCHED
SIDE_EFFECT:5088	Infusion site swelling	Side_Effect::C1096049	MATCHED
SIDE_EFFECT:509	Application site anaesthesia	Side_Effect::C0234943	MATCHED
SIDE_EFFECT:5091	Gas pain	Side_Effect::C0476289	MATCHED
SIDE_EFFECT:5092	Basilar artery syndrome	Side_Effect::C0004812	MATCHED
SIDE_EFFECT:5093	Vertebrobasilar insufficiency	Side_Effect::C0042568	MATCHED
SIDE_EFFECT:5094	Mycobacterium avium complex infection	Side_Effect::C0026916	MATCHED
SIDE_EFFECT:5095	Mycobacterium test	Side_Effect::C1328428	MATCHED
SIDE_EFFECT:5096	Intermittent fever	Side_Effect::C0277799	MATCHED
SIDE_EFFECT:5097	Blood chloride decreased	Side_Effect::C0595902	MATCHED
SIDE_EFFECT:5098	Blood bicarbonate increased	Side_Effect::C0853737	MATCHED
SIDE_EFFECT:5099	Peridiverticular abscess	Side_Effect::C0854524	MATCHED
SIDE_EFFECT:51	Renal failure	Side_Effect::C0035078	MATCHED
SIDE_EFFECT:510	Eye irritation	Side_Effect::C0235266	MATCHED
SIDE_EFFECT:5100	Colonic abscess	Side_Effect::C0742545	MATCHED
SIDE_EFFECT:5101	Bronchopulmonary aspergillosis	Side_Effect::C2350530	MATCHED
SIDE_EFFECT:5102	Intestinal haemorrhage	Side_Effect::C0267373	MATCHED
SIDE_EFFECT:5103	Ulcerative enterocolitis	Side_Effect::C0151624	MATCHED
SIDE_EFFECT:5106	Arcus senilis	Side_Effect::C0003742	MATCHED
SIDE_EFFECT:5107	Arcus lipoides	Side_Effect::C1142068	MATCHED
SIDE_EFFECT:5108	Graft complication	Side_Effect::C0274312	MATCHED
SIDE_EFFECT:5109	Arteriovenous fistula thrombosis	Side_Effect::C0340909	MATCHED
SIDE_EFFECT:511	Application site rash	Side_Effect::C0521495	MATCHED
SIDE_EFFECT:5110	Injection site extravasation	Side_Effect::C0521500	MATCHED
SIDE_EFFECT:5111	Lymphadenopathy inguinal	Side_Effect::C0578736	MATCHED
SIDE_EFFECT:5112	Spinal cord compression	Side_Effect::C0037926	MATCHED
SIDE_EFFECT:5113	Abortion infected	Side_Effect::C0000817	MATCHED
SIDE_EFFECT:5114	Venipuncture site bruise	Side_Effect::C0877092	MATCHED
SIDE_EFFECT:5115	Vessel puncture site bruise	Side_Effect::C1535879	MATCHED
SIDE_EFFECT:5116	Nephrogenic systemic fibrosis	Side_Effect::C1619692	MATCHED
SIDE_EFFECT:512	Thermal burn	Side_Effect::C0701836	MATCHED
SIDE_EFFECT:5120	Congenital hypothyroidism	Side_Effect::C0010308	MATCHED
SIDE_EFFECT:5121	Hyperparathyroidism secondary	Side_Effect::C0020503	MATCHED
SIDE_EFFECT:5122	Pharyngitis ulcerative	Side_Effect::C0264286	MATCHED
SIDE_EFFECT:5123	Bladder diverticulum	Side_Effect::C0156273	MATCHED
SIDE_EFFECT:5124	Aspartate aminotransferase normal	Side_Effect::C0855624	MATCHED
SIDE_EFFECT:5125	Rash both legs	Side_Effect::C0857236	MATCHED
SIDE_EFFECT:5126	Antidiuresis	Side_Effect::C0232826	MATCHED
SIDE_EFFECT:5127	Brugada syndrome	Side_Effect::C1142166	MATCHED
SIDE_EFFECT:5128	Venous thrombosis limb	Side_Effect::C0853347	MATCHED
SIDE_EFFECT:5129	Infusion site burning	Side_Effect::C0877606	MATCHED
SIDE_EFFECT:513	Application site dryness	Side_Effect::C0877098	MATCHED
SIDE_EFFECT:5131	Dermatitis eyelid	Side_Effect::C0457798	MATCHED
SIDE_EFFECT:5132	Kearns-Sayre syndrome	Side_Effect::C0022541	MATCHED
SIDE_EFFECT:5133	Persistent cough	Side_Effect::C0562483	MATCHED
SIDE_EFFECT:5134	Numbness facial	Side_Effect::C0239511	MATCHED
SIDE_EFFECT:5137	Urinary tract pain	Side_Effect::C0423701	MATCHED
SIDE_EFFECT:5138	Secondary hypogonadism	Side_Effect::C0271623	MATCHED
SIDE_EFFECT:5139	Ovarian hyperstimulation	Side_Effect::C0549383	MATCHED
SIDE_EFFECT:514	Application site excoriation	Side_Effect::C1142498	MATCHED
SIDE_EFFECT:5140	Ovarian neoplasm	Side_Effect::C0919267	MATCHED
SIDE_EFFECT:5141	Puerperal pyrexia	Side_Effect::C1331543	MATCHED
SIDE_EFFECT:5142	Hemolytic reaction	Side_Effect::C0235575	MATCHED
SIDE_EFFECT:5144	Delayed recovery from anaesthesia	Side_Effect::C0520757	MATCHED
SIDE_EFFECT:5145	Neuromuscular block prolonged	Side_Effect::C0520758	MATCHED
SIDE_EFFECT:5146	Depersonalization syndrome	Side_Effect::C0683416	MATCHED
SIDE_EFFECT:5147	Cervical smear test positive	Side_Effect::C0920070	MATCHED
SIDE_EFFECT:5148	Implant site pain	Side_Effect::C1504452	MATCHED
SIDE_EFFECT:5149	Chalazion	Side_Effect::C0007933	MATCHED
SIDE_EFFECT:515	Application site erosion	Side_Effect::C1696574	MATCHED
SIDE_EFFECT:5150	Senile ankylosing vertebral hyperostosis	Side_Effect::C0020498	MATCHED
SIDE_EFFECT:5151	Olecranon bursitis	Side_Effect::C0263962	MATCHED
SIDE_EFFECT:5152	Ceruminosis	Side_Effect::C0271420	MATCHED
SIDE_EFFECT:5153	Adenocarcinoma pancreas	Side_Effect::C0281361	MATCHED
SIDE_EFFECT:5154	Monocyte count decreased	Side_Effect::C0549536	MATCHED
SIDE_EFFECT:5155	Eyebrow loss of	Side_Effect::C0578682	MATCHED
SIDE_EFFECT:5156	Hepatitis F	Side_Effect::C0854495	MATCHED
SIDE_EFFECT:5157	Pneumoperitoneum	Side_Effect::C0032320	MATCHED
SIDE_EFFECT:5158	Volvulus	Side_Effect::C0042961	MATCHED
SIDE_EFFECT:5159	Pneumatosis	Side_Effect::C0333139	MATCHED
SIDE_EFFECT:516	Glossitis	Side_Effect::C0017675	MATCHED
SIDE_EFFECT:5160	Shunt thrombosis	Side_Effect::C1142175	MATCHED
SIDE_EFFECT:5161	Ammonia increased	Side_Effect::C0541772	MATCHED
SIDE_EFFECT:5162	Coagulation test abnormal	Side_Effect::C1504379	MATCHED
SIDE_EFFECT:5168	Retained placenta	Side_Effect::C0242669	MATCHED
SIDE_EFFECT:5169	Retained placenta or membranes	Side_Effect::C0405106	MATCHED
SIDE_EFFECT:517	Homocystinuria	Side_Effect::C0019880	MATCHED
SIDE_EFFECT:5170	Cardiac enzymes increased	Side_Effect::C0741921	MATCHED
SIDE_EFFECT:5171	Abortion incomplete	Side_Effect::C0812470	MATCHED
SIDE_EFFECT:5172	Uterine cramps	Side_Effect::C0948782	MATCHED
SIDE_EFFECT:5176	Blood pressure abnormal	Side_Effect::C0005826	MATCHED
SIDE_EFFECT:5177	Degeneration of uterine fibroid	Side_Effect::C0151995	MATCHED
SIDE_EFFECT:5178	Bone cancer metastatic	Side_Effect::C0153690	MATCHED
SIDE_EFFECT:5179	Lower urinary tract symptoms	Side_Effect::C0574785	MATCHED
SIDE_EFFECT:518	Personality disorder	Side_Effect::C0031212	MATCHED
SIDE_EFFECT:5180	Loeffler's syndrome	Side_Effect::C0242459	MATCHED
SIDE_EFFECT:5181	Anaesthetic complication neurological	Side_Effect::C0854693	MATCHED
SIDE_EFFECT:5182	Agitation postoperative	Side_Effect::C0919572	MATCHED
SIDE_EFFECT:5183	Confusion postoperative	Side_Effect::C1319200	MATCHED
SIDE_EFFECT:5184	Abdominal distension gaseous	Side_Effect::C0235698	MATCHED
SIDE_EFFECT:5185	Heaviness in limbs	Side_Effect::C0235721	MATCHED
SIDE_EFFECT:5186	Nerve conduction studies abnormal	Side_Effect::C0853150	MATCHED
SIDE_EFFECT:5187	Monoclonal gammopathy	Side_Effect::C1136085	MATCHED
SIDE_EFFECT:5189	Thyrotropin low	Side_Effect::C0241513	MATCHED
SIDE_EFFECT:519	Sleep disturbance	Side_Effect::C0037317	MATCHED
SIDE_EFFECT:5190	Blood thyroid stimulating hormone decreased	Side_Effect::C0853018	MATCHED
SIDE_EFFECT:5191	Thyroxine free decreased	Side_Effect::C0948240	MATCHED
SIDE_EFFECT:5192	Otorrhoea	Side_Effect::C0155540	MATCHED
SIDE_EFFECT:5193	Gallbladder polyp	Side_Effect::C0262493	MATCHED
SIDE_EFFECT:5194	Growth hormone overproduction	Side_Effect::C0271547	MATCHED
SIDE_EFFECT:5195	Blood growth hormone increased	Side_Effect::C0853015	MATCHED
SIDE_EFFECT:5196	Increased activity	Side_Effect::C0474395	MATCHED
SIDE_EFFECT:5197	Tired and heavy	Side_Effect::C0542239	MATCHED
SIDE_EFFECT:5198	Penile infection	Side_Effect::C0581395	MATCHED
SIDE_EFFECT:5199	Erythrasma	Side_Effect::C0014752	MATCHED
SIDE_EFFECT:52	Rhinitis	Side_Effect::C0035455	MATCHED
SIDE_EFFECT:520	Sleep disorder	Side_Effect::C0851578	MATCHED
SIDE_EFFECT:5200	Community acquired pneumonia	Side_Effect::C0694549	MATCHED
SIDE_EFFECT:5201	Swollen arm	Side_Effect::C0577598	MATCHED
SIDE_EFFECT:5202	Pseudomonas infection	Side_Effect::C0033817	MATCHED
SIDE_EFFECT:5203	Pseudomonal sepsis	Side_Effect::C0152972	MATCHED
SIDE_EFFECT:5204	Infusion site infection	Side_Effect::C1096714	MATCHED
SIDE_EFFECT:5205	Genital pain male	Side_Effect::C0458104	MATCHED
SIDE_EFFECT:5206	Teething pain	Side_Effect::C0423628	MATCHED
SIDE_EFFECT:5207	Teething	Side_Effect::C0039437	MATCHED
SIDE_EFFECT:5208	Injection site paraesthesia	Side_Effect::C0521506	MATCHED
SIDE_EFFECT:5209	Scrotal pain	Side_Effect::C0236078	MATCHED
SIDE_EFFECT:521	Tooth disorder	Side_Effect::C0040435	MATCHED
SIDE_EFFECT:5218	Febrile convulsion	Side_Effect::C0009952	MATCHED
SIDE_EFFECT:5219	Uterovaginal prolapse	Side_Effect::C0156353	MATCHED
SIDE_EFFECT:522	Urinary incontinence	Side_Effect::C0042024	MATCHED
SIDE_EFFECT:5220	Hypertrophic scar	Side_Effect::C0162810	MATCHED
SIDE_EFFECT:5221	Exencephaly	Side_Effect::C0266453	MATCHED
SIDE_EFFECT:5222	Procedural site reaction	Side_Effect::C0549430	MATCHED
SIDE_EFFECT:5223	Application site discharge	Side_Effect::C0948299	MATCHED
SIDE_EFFECT:5224	Application site scab	Side_Effect::C0948300	MATCHED
SIDE_EFFECT:5225	Application site skin breakdown	Side_Effect::C0948301	MATCHED
SIDE_EFFECT:5226	Hepatic lymphoma	Side_Effect::C1112746	MATCHED
SIDE_EFFECT:5227	Application site scar	Side_Effect::C1142459	MATCHED
SIDE_EFFECT:5228	Tinea cruris	Side_Effect::C1384589	MATCHED
SIDE_EFFECT:5229	Application site cellulitis	Side_Effect::C1696942	MATCHED
SIDE_EFFECT:523	Urinary tract disorder	Side_Effect::C0042075	MATCHED
SIDE_EFFECT:5230	Scar	Side_Effect::C2004491	MATCHED
SIDE_EFFECT:5231	Serum ferritin decreased	Side_Effect::C0241012	MATCHED
SIDE_EFFECT:5232	Community acquired infection	Side_Effect::C0206171	MATCHED
SIDE_EFFECT:5233	Inferior myocardial infarction	Side_Effect::C0340305	MATCHED
SIDE_EFFECT:5234	Dizzy spells	Side_Effect::C0857087	MATCHED
SIDE_EFFECT:5235	Skin swelling	Side_Effect::C0281982	MATCHED
SIDE_EFFECT:5236	Perceptual distortions	Side_Effect::C0030976	MATCHED
SIDE_EFFECT:5237	Psychosexual disorder	Side_Effect::C0033953	MATCHED
SIDE_EFFECT:5238	Tinea infection	Side_Effect::C0040247	MATCHED
SIDE_EFFECT:5239	Infarction mesenteric	Side_Effect::C0267406	MATCHED
SIDE_EFFECT:524	Malnutrition	Side_Effect::C0162429	MATCHED
SIDE_EFFECT:5240	Swelling of legs	Side_Effect::C0581394	MATCHED
SIDE_EFFECT:5241	Raised serum uric acid	Side_Effect::C0857189	MATCHED
SIDE_EFFECT:5242	Prothrombin time ratio	Side_Effect::C0483455	MATCHED
SIDE_EFFECT:5243	Osteochondrosis	Side_Effect::C0029429	MATCHED
SIDE_EFFECT:5244	Diastolic hypertension	Side_Effect::C0235222	MATCHED
SIDE_EFFECT:5245	Prothrombin time abnormal	Side_Effect::C0580412	MATCHED
SIDE_EFFECT:5246	Staring	Side_Effect::C0423086	MATCHED
SIDE_EFFECT:5247	Eyelid bleeding	Side_Effect::C0155216	MATCHED
SIDE_EFFECT:5248	Nasal sinus drainage	Side_Effect::C0240449	MATCHED
SIDE_EFFECT:5249	Sinus operation	Side_Effect::C0748725	MATCHED
SIDE_EFFECT:525	Upset stomach	Side_Effect::C0235309	MATCHED
SIDE_EFFECT:5250	Corneal scar	Side_Effect::C0349702	MATCHED
SIDE_EFFECT:5251	Corneal epithelium disorder	Side_Effect::C0854717	MATCHED
SIDE_EFFECT:5252	Scleromalacia	Side_Effect::C1142151	MATCHED
SIDE_EFFECT:5255	Monomorphic ventricular tachycardia	Side_Effect::C0344431	MATCHED
SIDE_EFFECT:5256	Atopic rhinitis	Side_Effect::C0002103	MATCHED
SIDE_EFFECT:5257	Factor XI deficiency	Side_Effect::C0015523	MATCHED
SIDE_EFFECT:5258	Salivary gland disorder	Side_Effect::C0036093	MATCHED
SIDE_EFFECT:5259	Wasting generalized	Side_Effect::C0043046	MATCHED
SIDE_EFFECT:526	Hypermethioninaemia	Side_Effect::C0268621	MATCHED
SIDE_EFFECT:5260	Papillomatosis	Side_Effect::C0205875	MATCHED
SIDE_EFFECT:5261	Congenital generalised lipodystrophy	Side_Effect::C0221032	MATCHED
SIDE_EFFECT:5262	Acquired lipoatrophic diabetes	Side_Effect::C3665770	MATCHED
SIDE_EFFECT:5263	Psychic disturbance	Side_Effect::C0277577	MATCHED
SIDE_EFFECT:5264	Feces bloodstained	Side_Effect::C0543392	MATCHED
SIDE_EFFECT:5265	Other bacterial diseases	Side_Effect::C2939130	MATCHED
SIDE_EFFECT:5266	Coccydynia	Side_Effect::C0009193	MATCHED
SIDE_EFFECT:5267	Joint contracture	Side_Effect::C0009918	MATCHED
SIDE_EFFECT:5268	Jaw disorder	Side_Effect::C0022362	MATCHED
SIDE_EFFECT:5269	Kyphosis	Side_Effect::C0022821	MATCHED
SIDE_EFFECT:527	Bad taste	Side_Effect::C0541799	MATCHED
SIDE_EFFECT:5270	Tuberculin test positive	Side_Effect::C0032739	MATCHED
SIDE_EFFECT:5271	Schizoaffective disorder	Side_Effect::C0036337	MATCHED
SIDE_EFFECT:5272	Self mutilation	Side_Effect::C0036601	MATCHED
SIDE_EFFECT:5273	Somatoform disorder	Side_Effect::C0037650	MATCHED
SIDE_EFFECT:5274	Body tinea	Side_Effect::C0040252	MATCHED
SIDE_EFFECT:5275	Tooth fracture	Side_Effect::C0040441	MATCHED
SIDE_EFFECT:5276	Mendelson's syndrome	Side_Effect::C0085740	MATCHED
SIDE_EFFECT:5277	Urosepsis	Side_Effect::C0149801	MATCHED
SIDE_EFFECT:5278	Urethral discharge	Side_Effect::C0152447	MATCHED
SIDE_EFFECT:5279	Clavicle fracture	Side_Effect::C0159658	MATCHED
SIDE_EFFECT:528	Distress gastrointestinal	Side_Effect::C0548823	MATCHED
SIDE_EFFECT:5280	Suspiciousness	Side_Effect::C0233519	MATCHED
SIDE_EFFECT:5281	Bradypsychic response	Side_Effect::C0233633	MATCHED
SIDE_EFFECT:5282	Rash scaly	Side_Effect::C0234922	MATCHED
SIDE_EFFECT:5283	Dizziness exertional	Side_Effect::C0234988	MATCHED
SIDE_EFFECT:5284	Tremor limb	Side_Effect::C0235081	MATCHED
SIDE_EFFECT:5285	Glycosylated haemoglobin increased	Side_Effect::C0239940	MATCHED
SIDE_EFFECT:5286	Tonsillar hypertrophy	Side_Effect::C0272386	MATCHED
SIDE_EFFECT:5287	Early menarche	Side_Effect::C0342548	MATCHED
SIDE_EFFECT:5288	Akinaesthesia	Side_Effect::C0426959	MATCHED
SIDE_EFFECT:5289	Electrocardiogram T wave amplitude decreased	Side_Effect::C0429059	MATCHED
SIDE_EFFECT:529	Aspiration	Side_Effect::C0700198	MATCHED
SIDE_EFFECT:5290	Pharyngeal erythema	Side_Effect::C0455899	MATCHED
SIDE_EFFECT:5291	Periorbital haematoma	Side_Effect::C0520723	MATCHED
SIDE_EFFECT:5292	Heaviness of head	Side_Effect::C0850001	MATCHED
SIDE_EFFECT:5293	Blood prolactin decreased	Side_Effect::C0853710	MATCHED
SIDE_EFFECT:5294	Blood creatine phosphokinase abnormal	Side_Effect::C0853782	MATCHED
SIDE_EFFECT:5295	Blood creatine phosphokinase MB increased	Side_Effect::C0853958	MATCHED
SIDE_EFFECT:5296	Blood triglycerides decreased	Side_Effect::C0854111	MATCHED
SIDE_EFFECT:5297	Temperature regulation disorder	Side_Effect::C0854171	MATCHED
SIDE_EFFECT:5298	Eyelid function disorder	Side_Effect::C0854286	MATCHED
SIDE_EFFECT:5299	Mastication disorder	Side_Effect::C0854372	MATCHED
SIDE_EFFECT:53	Convulsion	Side_Effect::C0036572	MATCHED
SIDE_EFFECT:530	Calcinosis	Side_Effect::C0006663	MATCHED
SIDE_EFFECT:5300	Diet refusal	Side_Effect::C0856050	MATCHED
SIDE_EFFECT:5301	Serum prolactin decreased	Side_Effect::C0857979	MATCHED
SIDE_EFFECT:5302	Urine ketone body present	Side_Effect::C0860805	MATCHED
SIDE_EFFECT:5303	Decreased immune responsiveness	Side_Effect::C0863087	MATCHED
SIDE_EFFECT:5304	Tightness in jaw	Side_Effect::C0863100	MATCHED
SIDE_EFFECT:5305	Injury asphyxiation	Side_Effect::C0948352	MATCHED
SIDE_EFFECT:5306	Markedly reduced dietary intake	Side_Effect::C0948353	MATCHED
SIDE_EFFECT:5307	Hypophagia	Side_Effect::C1504561	MATCHED
SIDE_EFFECT:5308	Bacteria urine identified	Side_Effect::C0948579	MATCHED
SIDE_EFFECT:5309	Bacterial test positive	Side_Effect::C1167760	MATCHED
SIDE_EFFECT:531	Delirium	Side_Effect::C0011206	MATCHED
SIDE_EFFECT:5310	Gaze palsy	Side_Effect::C1112261	MATCHED
SIDE_EFFECT:5311	Head lag abnormal	Side_Effect::C1141884	MATCHED
SIDE_EFFECT:5312	ECG signs of myocardial ischaemia	Side_Effect::C1141959	MATCHED
SIDE_EFFECT:5313	Scratch	Side_Effect::C1384489	MATCHED
SIDE_EFFECT:5314	Unresponsive to verbal stimuli	Side_Effect::C1504376	MATCHED
SIDE_EFFECT:5315	Blood cholesterol decreased	Side_Effect::C1536916	MATCHED
SIDE_EFFECT:5316	Waist circumference increased	Side_Effect::C1611167	MATCHED
SIDE_EFFECT:5317	Postoperative hypertension	Side_Effect::C0919726	MATCHED
SIDE_EFFECT:5318	Electrolyte disturbance	Side_Effect::C1704431	MATCHED
SIDE_EFFECT:5319	Accident	Side_Effect::C0000924	MATCHED
SIDE_EFFECT:532	Venospasm	Side_Effect::C0085618	MATCHED
SIDE_EFFECT:5320	Pharyngo-oral irritation	Side_Effect::C0863112	MATCHED
SIDE_EFFECT:5321	Secondary hypertension	Side_Effect::C0155616	MATCHED
SIDE_EFFECT:5322	Pressure of speech	Side_Effect::C0233718	MATCHED
SIDE_EFFECT:5323	Oesophageal stenosis acquired	Side_Effect::C0858357	MATCHED
SIDE_EFFECT:5324	Fasting blood glucose increased	Side_Effect::C0920108	MATCHED
SIDE_EFFECT:5325	Genital hypoaesthesia	Side_Effect::C2609096	MATCHED
SIDE_EFFECT:5326	Labile hypertension	Side_Effect::C3665418	MATCHED
SIDE_EFFECT:5327	Mesothelioma	Side_Effect::C0025500	MATCHED
SIDE_EFFECT:5328	Radiation oesophagitis	Side_Effect::C0238113	MATCHED
SIDE_EFFECT:5329	Extremity necrosis	Side_Effect::C1167745	MATCHED
SIDE_EFFECT:533	Vasospasm	Side_Effect::C0085616	MATCHED
SIDE_EFFECT:5330	Ocular surface disease	Side_Effect::C1557335	MATCHED
SIDE_EFFECT:5331	Other scleritis	Side_Effect::C0029734	MATCHED
SIDE_EFFECT:5332	Atypical femur fracture	Side_Effect::C3160754	MATCHED
SIDE_EFFECT:5333	Eosinophil count abnormal	Side_Effect::C0853644	MATCHED
SIDE_EFFECT:5334	Orofacial oedema	Side_Effect::C0856623	MATCHED
SIDE_EFFECT:5335	Corneal calcification	Side_Effect::C0853954	MATCHED
SIDE_EFFECT:5336	Hepatitis B e antigen positive	Side_Effect::C0392390	MATCHED
SIDE_EFFECT:5337	Syphilis	Side_Effect::C0039128	MATCHED
SIDE_EFFECT:5338	Secondary syphilis	Side_Effect::C0149985	MATCHED
SIDE_EFFECT:5339	Burning mouth syndrome	Side_Effect::C0006430	MATCHED
SIDE_EFFECT:534	Stupor	Side_Effect::C0085628	MATCHED
SIDE_EFFECT:5340	Intertrigo	Side_Effect::C0021807	MATCHED
SIDE_EFFECT:5341	Ulcer foot	Side_Effect::C0085119	MATCHED
SIDE_EFFECT:5342	Calcaneal spur	Side_Effect::C0158322	MATCHED
SIDE_EFFECT:5343	Chest mass NOS	Side_Effect::C0347941	MATCHED
SIDE_EFFECT:5344	Toxic dilatation of intestine	Side_Effect::C0520563	MATCHED
SIDE_EFFECT:5345	Radiation recall syndrome	Side_Effect::C0520802	MATCHED
SIDE_EFFECT:5346	Ear feels clogged	Side_Effect::C0522348	MATCHED
SIDE_EFFECT:5347	Loss of confidence	Side_Effect::C0549257	MATCHED
SIDE_EFFECT:5348	Pre-menstrual tension syndrome	Side_Effect::C0857183	MATCHED
SIDE_EFFECT:5349	Food intolerance	Side_Effect::C3665356	MATCHED
SIDE_EFFECT:535	Depressed level of consciousness	Side_Effect::C0549249	MATCHED
SIDE_EFFECT:5350	Oesophageal obstruction	Side_Effect::C0239296	MATCHED
SIDE_EFFECT:5351	Genital herpes	Side_Effect::C0019342	MATCHED
SIDE_EFFECT:5357	Trisomy 18	Side_Effect::C0152096	MATCHED
SIDE_EFFECT:536	Sense of oppression	Side_Effect::C0522171	MATCHED
SIDE_EFFECT:5364	Bacterial prostatitis	Side_Effect::C0748023	MATCHED
SIDE_EFFECT:5365	Cytomegalovirus syndrome	Side_Effect::C1112469	MATCHED
SIDE_EFFECT:5367	Leukostasis	Side_Effect::C0282548	MATCHED
SIDE_EFFECT:5368	Periorbital swelling	Side_Effect::C0424810	MATCHED
SIDE_EFFECT:5369	Tumour cell mobilisation	Side_Effect::C3160759	MATCHED
SIDE_EFFECT:537	Peripheral vasodilatation	Side_Effect::C1328540	MATCHED
SIDE_EFFECT:5375	Atypical pneumonia	Side_Effect::C1412002	MATCHED
SIDE_EFFECT:5377	Left ventricular hypertrophy	Side_Effect::C0149721	MATCHED
SIDE_EFFECT:5378	Dilatation ventricular	Side_Effect::C0264733	MATCHED
SIDE_EFFECT:5379	Incomplete bladder emptying	Side_Effect::C0344365	MATCHED
SIDE_EFFECT:538	Vasodilatation	Side_Effect::C0595862	MATCHED
SIDE_EFFECT:5380	Uterine atony	Side_Effect::C0042135	MATCHED
SIDE_EFFECT:5381	Uterine hypotonus	Side_Effect::C0152159	MATCHED
SIDE_EFFECT:5382	Neoplasm malignant aggravated	Side_Effect::C0236022	MATCHED
SIDE_EFFECT:5383	Malignant neoplasm progression	Side_Effect::C0948048	MATCHED
SIDE_EFFECT:5384	Bone mass decreased	Side_Effect::C1306580	MATCHED
SIDE_EFFECT:5385	Foreign body in eye	Side_Effect::C0015401	MATCHED
SIDE_EFFECT:5386	Pterygium	Side_Effect::C0033999	MATCHED
SIDE_EFFECT:5387	Subconjunctival cyst	Side_Effect::C0520729	MATCHED
SIDE_EFFECT:5388	Deposit eye	Side_Effect::C0541865	MATCHED
SIDE_EFFECT:5389	Meibomianitis	Side_Effect::C0549398	MATCHED
SIDE_EFFECT:539	Chalky taste	Side_Effect::C3267206	MATCHED
SIDE_EFFECT:5390	Blood chloride increased	Side_Effect::C0595900	MATCHED
SIDE_EFFECT:5391	Scleral pigmentation	Side_Effect::C0748538	MATCHED
SIDE_EFFECT:5392	Optic nerve cupping	Side_Effect::C0852952	MATCHED
SIDE_EFFECT:5393	Cardio-respiratory distress	Side_Effect::C0877339	MATCHED
SIDE_EFFECT:5394	Alcohol craving	Side_Effect::C0556385	MATCHED
SIDE_EFFECT:5395	Hypoglycaemia neonatal	Side_Effect::C0158986	MATCHED
SIDE_EFFECT:5396	Fever neonatal	Side_Effect::C0235839	MATCHED
SIDE_EFFECT:5397	Vomiting neonatal	Side_Effect::C0270274	MATCHED
SIDE_EFFECT:5398	Bradycardia foetal	Side_Effect::C0410919	MATCHED
SIDE_EFFECT:5399	Sepsis neonatal	Side_Effect::C0456103	MATCHED
SIDE_EFFECT:54	Sinusitis	Side_Effect::C0037199	MATCHED
SIDE_EFFECT:540	Airway obstruction NOS	Side_Effect::C0001883	MATCHED
SIDE_EFFECT:5400	Blood urea decreased	Side_Effect::C0549395	MATCHED
SIDE_EFFECT:5401	Neonatal infection	Side_Effect::C0854706	MATCHED
SIDE_EFFECT:5402	Neonatal tachypnoea	Side_Effect::C1112613	MATCHED
SIDE_EFFECT:5403	Respiratory disorder neonatal	Side_Effect::C1285373	MATCHED
SIDE_EFFECT:5404	Postinfarction	Side_Effect::C0857175	MATCHED
SIDE_EFFECT:5405	Polydipsia psychogenic	Side_Effect::C0395005	MATCHED
SIDE_EFFECT:5409	Graft versus host reaction	Side_Effect::C0018134	MATCHED
SIDE_EFFECT:541	Obstructive airways disorder	Side_Effect::C0600260	MATCHED
SIDE_EFFECT:5410	Paracoccidioides infection	Side_Effect::C0030409	MATCHED
SIDE_EFFECT:5411	Microcytic	Side_Effect::C0302870	MATCHED
SIDE_EFFECT:5412	Microcytosis	Side_Effect::C0221265	MATCHED
SIDE_EFFECT:5413	Electrocardiogram QT corrected interval	Side_Effect::C0855331	MATCHED
SIDE_EFFECT:5414	Electrocardiogram QT interval	Side_Effect::C0429028	MATCHED
SIDE_EFFECT:5415	Granuloma annulare	Side_Effect::C0085074	MATCHED
SIDE_EFFECT:5416	Constipation chronic	Side_Effect::C0401149	MATCHED
SIDE_EFFECT:5417	Choluria	Side_Effect::C0159076	MATCHED
SIDE_EFFECT:5418	Nasal passage irritation	Side_Effect::C0853254	MATCHED
SIDE_EFFECT:5419	Acute chest pain	Side_Effect::C0522051	MATCHED
SIDE_EFFECT:542	Obliterative bronchiolitis	Side_Effect::C0006272	MATCHED
SIDE_EFFECT:5420	Chest X-ray normal	Side_Effect::C0239026	MATCHED
SIDE_EFFECT:5421	Skin thickening	Side_Effect::C0241165	MATCHED
SIDE_EFFECT:5422	Infectious pneumonitis	Side_Effect::C2721563	MATCHED
SIDE_EFFECT:5423	Moniliasis genital female	Side_Effect::C0497471	MATCHED
SIDE_EFFECT:5425	Anion gap increased	Side_Effect::C0342592	MATCHED
SIDE_EFFECT:5426	Keratoacanthoma	Side_Effect::C0022572	MATCHED
SIDE_EFFECT:5427	Cholangiocarcinoma	Side_Effect::C0206698	MATCHED
SIDE_EFFECT:543	Intestinal obstruction	Side_Effect::C0021843	MATCHED
SIDE_EFFECT:5432	Vascular occlusion	Side_Effect::C1096458	MATCHED
SIDE_EFFECT:5433	Keratic precipitates	Side_Effect::C0423285	MATCHED
SIDE_EFFECT:5434	Subcutaneous haematoma	Side_Effect::C0520532	MATCHED
SIDE_EFFECT:5435	Bronchial disorder	Side_Effect::C0006261	MATCHED
SIDE_EFFECT:5436	Chronic fatigue syndrome	Side_Effect::C0015674	MATCHED
SIDE_EFFECT:5437	Ophthalmic herpes zoster	Side_Effect::C0019364	MATCHED
SIDE_EFFECT:5438	Meningoencephalitis herpetic	Side_Effect::C0019385	MATCHED
SIDE_EFFECT:5439	Plasma cell leukaemia	Side_Effect::C0023484	MATCHED
SIDE_EFFECT:544	Gastrointestinal obstruction	Side_Effect::C0236124	MATCHED
SIDE_EFFECT:5440	Listeriosis	Side_Effect::C0023860	MATCHED
SIDE_EFFECT:5441	Mastoiditis	Side_Effect::C0024904	MATCHED
SIDE_EFFECT:5442	Radiculitis	Side_Effect::C0034544	MATCHED
SIDE_EFFECT:5443	Vulval ulceration	Side_Effect::C0156339	MATCHED
SIDE_EFFECT:5444	Hyperviscosity syndrome	Side_Effect::C0221030	MATCHED
SIDE_EFFECT:5445	Hepatic haemorrhage	Side_Effect::C0235912	MATCHED
SIDE_EFFECT:5446	Epididymal tenderness	Side_Effect::C0239279	MATCHED
SIDE_EFFECT:5447	Cardiac amyloidosis	Side_Effect::C0268407	MATCHED
SIDE_EFFECT:5448	Cytomegalovirus hepatitis	Side_Effect::C0276252	MATCHED
SIDE_EFFECT:5449	Mantle cell lymphoma	Side_Effect::C0334634	MATCHED
SIDE_EFFECT:545	Agranulocytosis	Side_Effect::C0001824	MATCHED
SIDE_EFFECT:5450	Large intestinal obstruction	Side_Effect::C0460048	MATCHED
SIDE_EFFECT:5451	Blood gases abnormal	Side_Effect::C0476337	MATCHED
SIDE_EFFECT:5452	Bilateral hydronephrosis	Side_Effect::C0521622	MATCHED
SIDE_EFFECT:5453	Fibrillation atrial aggravated	Side_Effect::C0549284	MATCHED
SIDE_EFFECT:5454	Eyelid infection	Side_Effect::C0549322	MATCHED
SIDE_EFFECT:5455	Jessner's lymphocytic infiltration	Side_Effect::C0580181	MATCHED
SIDE_EFFECT:5456	Breast disorder female	Side_Effect::C0677658	MATCHED
SIDE_EFFECT:5457	Vestibular neuronitis	Side_Effect::C0751908	MATCHED
SIDE_EFFECT:5458	Dacryoadenitis acquired	Side_Effect::C0852970	MATCHED
SIDE_EFFECT:5459	Peripheral neuropathy aggravated	Side_Effect::C0853330	MATCHED
SIDE_EFFECT:546	Aplastic anaemia	Side_Effect::C0002874	MATCHED
SIDE_EFFECT:5460	Blood test abnormal	Side_Effect::C0854146	MATCHED
SIDE_EFFECT:5461	Budd-Chiari syndrome	Side_Effect::C0856761	MATCHED
SIDE_EFFECT:5462	Hepatic vein occlusion	Side_Effect::C1142158	MATCHED
SIDE_EFFECT:5463	Anal sphincter atony	Side_Effect::C0877325	MATCHED
SIDE_EFFECT:5464	Catheter related complication	Side_Effect::C0948806	MATCHED
SIDE_EFFECT:5465	Erythrosis	Side_Effect::C1112192	MATCHED
SIDE_EFFECT:5466	Troponin I increased	Side_Effect::C1141949	MATCHED
SIDE_EFFECT:5467	Lymphocytic infiltration	Side_Effect::C1262091	MATCHED
SIDE_EFFECT:5468	Brain stem syndrome	Side_Effect::C1328447	MATCHED
SIDE_EFFECT:5469	Uric acid abnormal	Side_Effect::C1868911	MATCHED
SIDE_EFFECT:547	Enterocolitis	Side_Effect::C0014356	MATCHED
SIDE_EFFECT:5470	Blood uric acid abnormal	Side_Effect::C0855642	MATCHED
SIDE_EFFECT:5471	Oropharyngeal blistering	Side_Effect::C2242576	MATCHED
SIDE_EFFECT:5472	Platelet aggregation increased	Side_Effect::C2745924	MATCHED
SIDE_EFFECT:5473	Deafness bilateral	Side_Effect::C3665473	MATCHED
SIDE_EFFECT:5474	Pneumonia fungal	Side_Effect::C0339961	MATCHED
SIDE_EFFECT:5475	Colorectal cancer metastatic	Side_Effect::C0948380	MATCHED
SIDE_EFFECT:5476	Acute disseminated encephalomyelitis	Side_Effect::C0014059	MATCHED
SIDE_EFFECT:5477	Hemophagocytic lymphohistiocytosis	Side_Effect::C0024291	MATCHED
SIDE_EFFECT:5478	Histiocytosis haematophagic	Side_Effect::C0876991	MATCHED
SIDE_EFFECT:5479	Herpes simplex encephalitis	Side_Effect::C0276226	MATCHED
SIDE_EFFECT:548	Blood disorder	Side_Effect::C0018939	MATCHED
SIDE_EFFECT:5480	Sudden deafness	Side_Effect::C1148477	MATCHED
SIDE_EFFECT:5481	Ejaculation inhibited	Side_Effect::C0235214	MATCHED
SIDE_EFFECT:5482	Insulin C-peptide increased	Side_Effect::C0861021	MATCHED
SIDE_EFFECT:5483	Oromandibular dystonia	Side_Effect::C2242577	MATCHED
SIDE_EFFECT:5484	Liver nodule	Side_Effect::C0745761	MATCHED
SIDE_EFFECT:5485	Pneumonia mycoplasmal	Side_Effect::C0032302	MATCHED
SIDE_EFFECT:5486	Respiratory syncytial virus infection	Side_Effect::C0035235	MATCHED
SIDE_EFFECT:5487	Parainfluenzae virus infection	Side_Effect::C0302507	MATCHED
SIDE_EFFECT:5488	Gastroenteritis adenovirus	Side_Effect::C0343361	MATCHED
SIDE_EFFECT:5489	Fungal sepsis	Side_Effect::C0744235	MATCHED
SIDE_EFFECT:549	Leukaemia	Side_Effect::C0023418	MATCHED
SIDE_EFFECT:5490	Escherichia sepsis	Side_Effect::C0854453	MATCHED
SIDE_EFFECT:5491	Enterococcal bacteraemia	Side_Effect::C0854504	MATCHED
SIDE_EFFECT:5492	Escherichia bacteraemia	Side_Effect::C1096262	MATCHED
SIDE_EFFECT:5493	Clostridium colitis	Side_Effect::C1142300	MATCHED
SIDE_EFFECT:5494	Carotid artery stenosis	Side_Effect::C0007282	MATCHED
SIDE_EFFECT:5495	Hypertensive encephalopathy	Side_Effect::C0151620	MATCHED
SIDE_EFFECT:5496	Malignant ovarian cyst	Side_Effect::C0235770	MATCHED
SIDE_EFFECT:5497	Carcinoma stomach	Side_Effect::C0699791	MATCHED
SIDE_EFFECT:5498	Gastric cancer	Side_Effect::C0024623	MATCHED
SIDE_EFFECT:5499	Hemangioma acquired	Side_Effect::C0856897	MATCHED
SIDE_EFFECT:55	Tachycardia	Side_Effect::C0039231	MATCHED
SIDE_EFFECT:550	Paroxysmal nocturnal haemoglobinuria	Side_Effect::C0024790	MATCHED
SIDE_EFFECT:5500	N-acetylglutamate synthase deficiency	Side_Effect::C0268543	MATCHED
SIDE_EFFECT:5501	Intestinal stenosis	Side_Effect::C0267465	MATCHED
SIDE_EFFECT:5502	Hydroureter	Side_Effect::C0521620	MATCHED
SIDE_EFFECT:5504	Choroidal nevus	Side_Effect::C0346392	MATCHED
SIDE_EFFECT:5505	Eye naevus	Side_Effect::C0919866	MATCHED
SIDE_EFFECT:5506	Sunken eyes	Side_Effect::C0423224	MATCHED
SIDE_EFFECT:5507	Lid sulcus deepened	Side_Effect::C3495827	MATCHED
SIDE_EFFECT:5508	Growth of eyelashes	Side_Effect::C0423847	MATCHED
SIDE_EFFECT:5509	Anterior chamber pigmentation	Side_Effect::C1112371	MATCHED
SIDE_EFFECT:551	Neuritis	Side_Effect::C0027813	MATCHED
SIDE_EFFECT:5510	Eyelash discolouration	Side_Effect::C1142111	MATCHED
SIDE_EFFECT:5511	Eyelash thickening	Side_Effect::C1142112	MATCHED
SIDE_EFFECT:5512	Pigment dispersion syndrome	Side_Effect::C1271398	MATCHED
SIDE_EFFECT:5513	Dark circles under eyes	Side_Effect::C1608399	MATCHED
SIDE_EFFECT:5514	Heparin-induced thrombocytopenia	Side_Effect::C0272285	MATCHED
SIDE_EFFECT:5515	Surgical site reaction	Side_Effect::C0549429	MATCHED
SIDE_EFFECT:5516	Catheter thrombosis	Side_Effect::C1868809	MATCHED
SIDE_EFFECT:5517	Thrombosis in device	Side_Effect::C1262281	MATCHED
SIDE_EFFECT:5518	Pain in fingers	Side_Effect::C0239589	MATCHED
SIDE_EFFECT:5519	Knee sprain	Side_Effect::C0272891	MATCHED
SIDE_EFFECT:552	Typhoid fever	Side_Effect::C0041466	MATCHED
SIDE_EFFECT:5520	Lacunar infarction	Side_Effect::C0333559	MATCHED
SIDE_EFFECT:5521	Lumbar radiculopathy	Side_Effect::C1263855	MATCHED
SIDE_EFFECT:5522	Bicarbonate decreased serum	Side_Effect::C0541802	MATCHED
SIDE_EFFECT:5523	Serum phosphate increased	Side_Effect::C0553706	MATCHED
SIDE_EFFECT:5524	Direct bilirubin increased	Side_Effect::C0740434	MATCHED
SIDE_EFFECT:5525	pH urine increased	Side_Effect::C0854058	MATCHED
SIDE_EFFECT:5526	Infusion site erythema	Side_Effect::C0877365	MATCHED
SIDE_EFFECT:5527	Immunosuppressant drug level increased	Side_Effect::C0948257	MATCHED
SIDE_EFFECT:5528	Infusion site induration	Side_Effect::C1096034	MATCHED
SIDE_EFFECT:5529	Infusion site pruritus	Side_Effect::C1096091	MATCHED
SIDE_EFFECT:553	Bone marrow depression	Side_Effect::C0151773	MATCHED
SIDE_EFFECT:5530	Infusion site irritation	Side_Effect::C1695897	MATCHED
SIDE_EFFECT:5531	Infusion site urticaria	Side_Effect::C1698976	MATCHED
SIDE_EFFECT:5532	Feeling sick	Side_Effect::C0857027	MATCHED
SIDE_EFFECT:5533	Uterine fibroids aggravated	Side_Effect::C0856137	MATCHED
SIDE_EFFECT:5534	Idiopathic torsion dystonia	Side_Effect::C0013423	MATCHED
SIDE_EFFECT:5535	Temporal disorientation	Side_Effect::C0233408	MATCHED
SIDE_EFFECT:5536	Bronchiectasis	Side_Effect::C0006267	MATCHED
SIDE_EFFECT:5537	Carotid artery thrombosis	Side_Effect::C0007274	MATCHED
SIDE_EFFECT:5538	Cervix neoplasm	Side_Effect::C0007873	MATCHED
SIDE_EFFECT:5539	Splenic rupture	Side_Effect::C0038000	MATCHED
SIDE_EFFECT:554	Ocular hyperaemia	Side_Effect::C0155169	MATCHED
SIDE_EFFECT:5540	Congenital musculoskeletal anomaly	Side_Effect::C0151491	MATCHED
SIDE_EFFECT:5541	Nasal septum disorder	Side_Effect::C0151790	MATCHED
SIDE_EFFECT:5542	Electrocardiogram QT shortened	Side_Effect::C0151879	MATCHED
SIDE_EFFECT:5543	Disorder calcium (NOS)	Side_Effect::C0302590	MATCHED
SIDE_EFFECT:5544	Calcium metabolism disorder	Side_Effect::C0006705	MATCHED
SIDE_EFFECT:5545	Thyroid carcinoma	Side_Effect::C0549473	MATCHED
SIDE_EFFECT:5546	Thyroid cancer	Side_Effect::C0007115	MATCHED
SIDE_EFFECT:5547	Chronic leukaemia	Side_Effect::C1279296	MATCHED
SIDE_EFFECT:5548	Arthritis bacterial	Side_Effect::C1692886	MATCHED
SIDE_EFFECT:5549	Enophthalmos	Side_Effect::C0014306	MATCHED
SIDE_EFFECT:555	Endophthalmitis	Side_Effect::C0014236	MATCHED
SIDE_EFFECT:5550	Trichorrhexis	Side_Effect::C0702163	MATCHED
SIDE_EFFECT:5551	Blepharal pigmentation	Side_Effect::C0854438	MATCHED
SIDE_EFFECT:5552	Conjunctival bleb	Side_Effect::C0948282	MATCHED
SIDE_EFFECT:5553	Eyelash darkening	Side_Effect::C1536146	MATCHED
SIDE_EFFECT:5554	Eyelash hyperpigmentation	Side_Effect::C1536145	MATCHED
SIDE_EFFECT:5556	Other forms of epilepsy	Side_Effect::C0477371	MATCHED
SIDE_EFFECT:5557	Bilirubin value increased	Side_Effect::C0859061	MATCHED
SIDE_EFFECT:556	Hypoplastic anaemia	Side_Effect::C0178416	MATCHED
SIDE_EFFECT:5562	Gonadotropins NOS low	Side_Effect::C0151673	MATCHED
SIDE_EFFECT:5563	Blood gonadotrophin decreased	Side_Effect::C0853974	MATCHED
SIDE_EFFECT:5564	Abdominal pain aggravated	Side_Effect::C0549273	MATCHED
SIDE_EFFECT:5565	Nausea aggravated	Side_Effect::C0549280	MATCHED
SIDE_EFFECT:5566	Neutropenia aggravated	Side_Effect::C0549294	MATCHED
SIDE_EFFECT:5567	Glucocorticoids decreased	Side_Effect::C0852696	MATCHED
SIDE_EFFECT:5568	Drug level changed	Side_Effect::C0854095	MATCHED
SIDE_EFFECT:5569	Infection pseudomonas aeruginosa	Side_Effect::C0854135	MATCHED
SIDE_EFFECT:557	Rash vesicular	Side_Effect::C0221203	MATCHED
SIDE_EFFECT:5570	Dermatitis flare-up	Side_Effect::C0854697	MATCHED
SIDE_EFFECT:5571	Vomiting aggravated	Side_Effect::C0856095	MATCHED
SIDE_EFFECT:5572	Hepatitis aggravated	Side_Effect::C0856105	MATCHED
SIDE_EFFECT:5573	Hypercholesterolemia aggravated	Side_Effect::C0856108	MATCHED
SIDE_EFFECT:5574	Diverticulitis aggravated	Side_Effect::C0856115	MATCHED
SIDE_EFFECT:5575	Blood neutrophil count decreased	Side_Effect::C0860749	MATCHED
SIDE_EFFECT:5576	Rash mouth	Side_Effect::C0877468	MATCHED
SIDE_EFFECT:5577	Severe acute respiratory syndrome	Side_Effect::C1175175	MATCHED
SIDE_EFFECT:5578	Aortic valve sclerosis	Side_Effect::C1455780	MATCHED
SIDE_EFFECT:5579	Renal insufficiency aggravated	Side_Effect::C1536070	MATCHED
SIDE_EFFECT:558	Vasomotor collapse	Side_Effect::C0221477	MATCHED
SIDE_EFFECT:5580	Thromboembolic stroke	Side_Effect::C1112433	MATCHED
SIDE_EFFECT:5581	Embolic stroke	Side_Effect::C0262469	MATCHED
SIDE_EFFECT:5582	Anal candidiasis	Side_Effect::C0343869	MATCHED
SIDE_EFFECT:5583	Dermatophytosis	Side_Effect::C0011636	MATCHED
SIDE_EFFECT:5584	Staphylococcal scalded skin syndrome	Side_Effect::C0038165	MATCHED
SIDE_EFFECT:5585	Acholia	Side_Effect::C0948198	MATCHED
SIDE_EFFECT:5586	Deficiency of bile secretion	Side_Effect::C3203690	MATCHED
SIDE_EFFECT:5587	Intestinal hypomotility	Side_Effect::C0948389	MATCHED
SIDE_EFFECT:5588	Epidermal growth factor receptor decreased	Side_Effect::C1697943	MATCHED
SIDE_EFFECT:5589	Panniculitis	Side_Effect::C0030326	MATCHED
SIDE_EFFECT:559	Jarisch-Herxheimer reaction	Side_Effect::C0259756	MATCHED
SIDE_EFFECT:5590	Homozygous familial hypercholesterolaemia	Side_Effect::C0342881	MATCHED
SIDE_EFFECT:5591	Type IIa hyperlipidaemia	Side_Effect::C0745103	MATCHED
SIDE_EFFECT:5592	Heterozygous familial hypercholesterolemia	Side_Effect::C0342882	MATCHED
SIDE_EFFECT:5593	Clostridial infection	Side_Effect::C0009062	MATCHED
SIDE_EFFECT:5594	Pelvic abscess	Side_Effect::C0030785	MATCHED
SIDE_EFFECT:5595	Scleral disorder	Side_Effect::C0036412	MATCHED
SIDE_EFFECT:5596	Pain in elbow	Side_Effect::C0239266	MATCHED
SIDE_EFFECT:5597	Abdominal abscess	Side_Effect::C0243001	MATCHED
SIDE_EFFECT:5598	Seroma	Side_Effect::C0262627	MATCHED
SIDE_EFFECT:5599	Viral pharyngitis	Side_Effect::C0276143	MATCHED
SIDE_EFFECT:56	Urinary tract infection	Side_Effect::C0042029	MATCHED
SIDE_EFFECT:560	Grey syndrome neonatal	Side_Effect::C0270276	MATCHED
SIDE_EFFECT:5600	Pelvic peritonitis	Side_Effect::C0281940	MATCHED
SIDE_EFFECT:5601	Fungal rash	Side_Effect::C0848648	MATCHED
SIDE_EFFECT:5602	Anastomotic leak	Side_Effect::C0919691	MATCHED
SIDE_EFFECT:5603	Incision site haemorrhage	Side_Effect::C0919882	MATCHED
SIDE_EFFECT:5604	Infusion site oedema	Side_Effect::C0919986	MATCHED
SIDE_EFFECT:5605	Infusion site warmth	Side_Effect::C1096036	MATCHED
SIDE_EFFECT:5606	Intestinal stoma complication	Side_Effect::C1142178	MATCHED
SIDE_EFFECT:5607	Gastrointestinal stoma complication	Side_Effect::C1696157	MATCHED
SIDE_EFFECT:5608	Epithelial cells urine	Side_Effect::C1318314	MATCHED
SIDE_EFFECT:5609	Urinary sediment present	Side_Effect::C0877324	MATCHED
SIDE_EFFECT:561	Eye swelling	Side_Effect::C0270996	MATCHED
SIDE_EFFECT:5610	Cutis laxa	Side_Effect::C0010495	MATCHED
SIDE_EFFECT:5611	Choroidal effusion	Side_Effect::C0339434	MATCHED
SIDE_EFFECT:5612	Dermatochalasis	Side_Effect::C0423124	MATCHED
SIDE_EFFECT:5613	Non-small cell lung cancer	Side_Effect::C0007131	MATCHED
SIDE_EFFECT:5614	Infusion site thrombophlebitis	Side_Effect::C1699201	MATCHED
SIDE_EFFECT:5615	Infusion site thrombosis	Side_Effect::C1697542	MATCHED
SIDE_EFFECT:5616	Cannula site reaction	Side_Effect::C1096213	MATCHED
SIDE_EFFECT:5617	Catheter site related reaction	Side_Effect::C0863070	MATCHED
SIDE_EFFECT:5618	Post procedural diarrhoea	Side_Effect::C1112773	MATCHED
SIDE_EFFECT:5619	Osmotic demyelination syndrome	Side_Effect::C2721559	MATCHED
SIDE_EFFECT:562	Respiration irregularity	Side_Effect::C0425492	MATCHED
SIDE_EFFECT:5620	Nipple swelling	Side_Effect::C0240520	MATCHED
SIDE_EFFECT:5621	Semen volume decreased	Side_Effect::C0855521	MATCHED
SIDE_EFFECT:5622	Product taste abnormal	Side_Effect::C2609199	MATCHED
SIDE_EFFECT:5623	Colon obstruction	Side_Effect::C0235328	MATCHED
SIDE_EFFECT:5624	Hyperparathyroidism primary	Side_Effect::C0221002	MATCHED
SIDE_EFFECT:5628	Intestinal functional disorder	Side_Effect::C0016807	MATCHED
SIDE_EFFECT:5629	Chronic idiopathic constipation	Side_Effect::C0267509	MATCHED
SIDE_EFFECT:563	Respiratory disorder	Side_Effect::C0035204	MATCHED
SIDE_EFFECT:5630	Spinal disorder	Side_Effect::C0037933	MATCHED
SIDE_EFFECT:5631	Spondyloarthropathy	Side_Effect::C0949691	MATCHED
SIDE_EFFECT:5632	Microalbuminuria	Side_Effect::C0730345	MATCHED
SIDE_EFFECT:5633	Pseudohyperkalaemia	Side_Effect::C0948309	MATCHED
SIDE_EFFECT:5635	Facial wasting	Side_Effect::C1112303	MATCHED
SIDE_EFFECT:5636	Systemic candida	Side_Effect::C0153252	MATCHED
SIDE_EFFECT:5637	Frustration	Side_Effect::C0016770	MATCHED
SIDE_EFFECT:5638	Acquired night blindness	Side_Effect::C0152202	MATCHED
SIDE_EFFECT:5639	Urethral syndrome	Side_Effect::C0156279	MATCHED
SIDE_EFFECT:564	Reaction gastrointestinal	Side_Effect::C0542184	MATCHED
SIDE_EFFECT:5640	Ocular vascular disorder	Side_Effect::C0948522	MATCHED
SIDE_EFFECT:5641	Papulopustular rash	Side_Effect::C2609319	MATCHED
SIDE_EFFECT:5645	Injection site vesicles	Side_Effect::C0854431	MATCHED
SIDE_EFFECT:5646	Vascular graft occlusion	Side_Effect::C0018128	MATCHED
SIDE_EFFECT:5647	Haematology test abnormal	Side_Effect::C1112712	MATCHED
SIDE_EFFECT:5648	Foreign body	Side_Effect::C0016542	MATCHED
SIDE_EFFECT:5649	Medical device discomfort	Side_Effect::C1096701	MATCHED
SIDE_EFFECT:565	Drug interaction	Side_Effect::C0687133	MATCHED
SIDE_EFFECT:5650	Vaginal contraceptive device expelled	Side_Effect::C1328395	MATCHED
SIDE_EFFECT:5651	Contraceptive device complication	Side_Effect::C1393815	MATCHED
SIDE_EFFECT:5652	Coital bleeding	Side_Effect::C1610622	MATCHED
SIDE_EFFECT:5653	Bloody discharge	Side_Effect::C0333271	MATCHED
SIDE_EFFECT:5654	Hemorrhage symptom	Side_Effect::C0858540	MATCHED
SIDE_EFFECT:5655	Post procedural discharge	Side_Effect::C0948693	MATCHED
SIDE_EFFECT:5656	Post procedural haematoma	Side_Effect::C1328411	MATCHED
SIDE_EFFECT:5657	Haemorrhagic erosive gastritis	Side_Effect::C2242494	MATCHED
SIDE_EFFECT:5658	Intraspinal bleeding	Side_Effect::C3665900	MATCHED
SIDE_EFFECT:5659	Spinal cord haemorrhage	Side_Effect::C0018949	MATCHED
SIDE_EFFECT:566	Reaction to drug excipients	Side_Effect::C0853040	MATCHED
SIDE_EFFECT:5660	Encephalitis cytomegalovirus	Side_Effect::C0238097	MATCHED
SIDE_EFFECT:5661	Pharyngeal lesion	Side_Effect::C0749389	MATCHED
SIDE_EFFECT:5662	Ischaemic cerebral infarction	Side_Effect::C1262005	MATCHED
SIDE_EFFECT:5663	Dementia with Lewy bodies	Side_Effect::C0752347	MATCHED
SIDE_EFFECT:5665	Arthritis infective	Side_Effect::C0003869	MATCHED
SIDE_EFFECT:5666	Abdominal hernia	Side_Effect::C0178282	MATCHED
SIDE_EFFECT:5667	Vaginal prolapse	Side_Effect::C0205990	MATCHED
SIDE_EFFECT:5668	Gouty tophus	Side_Effect::C0221248	MATCHED
SIDE_EFFECT:5669	Sputum purulent	Side_Effect::C0241235	MATCHED
SIDE_EFFECT:567	Bone marrow aplastic	Side_Effect::C1368107	MATCHED
SIDE_EFFECT:5670	Nail hypertrophy	Side_Effect::C0263536	MATCHED
SIDE_EFFECT:5671	Dilatation atrial	Side_Effect::C0264734	MATCHED
SIDE_EFFECT:5672	Post thrombotic syndrome	Side_Effect::C0277919	MATCHED
SIDE_EFFECT:5673	Anal skin tags	Side_Effect::C0345903	MATCHED
SIDE_EFFECT:5674	Venous pressure jugular increased	Side_Effect::C0520861	MATCHED
SIDE_EFFECT:5675	Gastroenteritis bacterial	Side_Effect::C0558348	MATCHED
SIDE_EFFECT:5676	Gastrointestinal fungal infection	Side_Effect::C0729549	MATCHED
SIDE_EFFECT:5677	Abdominal strangulated hernia	Side_Effect::C0948610	MATCHED
SIDE_EFFECT:5678	Vessel puncture site inflammation	Side_Effect::C1096708	MATCHED
SIDE_EFFECT:5679	Connective tissue inflammation	Side_Effect::C1112341	MATCHED
SIDE_EFFECT:568	Conjunctival hyperaemia	Side_Effect::C1761613	MATCHED
SIDE_EFFECT:5680	Peripheral artery aneurysm	Side_Effect::C1112413	MATCHED
SIDE_EFFECT:5681	Intracardiac thrombus	Side_Effect::C0876998	MATCHED
SIDE_EFFECT:5682	Metastatic renal cell carcinoma	Side_Effect::C0278678	MATCHED
SIDE_EFFECT:5683	Squamous cell carcinoma of skin	Side_Effect::C0553723	MATCHED
SIDE_EFFECT:5684	Oesophageal discomfort	Side_Effect::C1096082	MATCHED
SIDE_EFFECT:5685	Aortic disorder	Side_Effect::C0003493	MATCHED
SIDE_EFFECT:5686	Bronchioloalveolar carcinoma	Side_Effect::C0007120	MATCHED
SIDE_EFFECT:5687	Pelvic fracture	Side_Effect::C0149531	MATCHED
SIDE_EFFECT:5688	Cervical vertebral fracture	Side_Effect::C0262414	MATCHED
SIDE_EFFECT:5689	Renal mass	Side_Effect::C0262613	MATCHED
SIDE_EFFECT:569	Reflux esophagitis	Side_Effect::C0014869	MATCHED
SIDE_EFFECT:5690	Warm type haemolytic anaemia	Side_Effect::C0272118	MATCHED
SIDE_EFFECT:5691	Iron overload	Side_Effect::C0282193	MATCHED
SIDE_EFFECT:5692	Intracranial venous sinus thrombosis	Side_Effect::C0338573	MATCHED
SIDE_EFFECT:5693	Cataract unilateral	Side_Effect::C0521706	MATCHED
SIDE_EFFECT:5694	Chondrocalcinosis	Side_Effect::C0553730	MATCHED
SIDE_EFFECT:5695	Primary hypothyroidism	Side_Effect::C0700502	MATCHED
SIDE_EFFECT:5696	Enterobacter sepsis	Side_Effect::C0743525	MATCHED
SIDE_EFFECT:5697	Prostate cancer metastatic	Side_Effect::C0936223	MATCHED
SIDE_EFFECT:5698	Pancreatitis due to biliary obstruction	Side_Effect::C1112559	MATCHED
SIDE_EFFECT:5699	Neutrophilic dermatosis	Side_Effect::C1142272	MATCHED
SIDE_EFFECT:57	Angiopathy	Side_Effect::C0042373	MATCHED
SIDE_EFFECT:570	Gastrooesophageal reflux disease	Side_Effect::C0017168	MATCHED
SIDE_EFFECT:5700	Lymphoma cutis	Side_Effect::C1276146	MATCHED
SIDE_EFFECT:5701	AML progression	Side_Effect::C1740832	MATCHED
SIDE_EFFECT:571	Jaundice	Side_Effect::C0022346	MATCHED
SIDE_EFFECT:572	Skin lesion	Side_Effect::C0037284	MATCHED
SIDE_EFFECT:573	Transaminases increased	Side_Effect::C0438717	MATCHED
SIDE_EFFECT:574	Serum transaminase increased	Side_Effect::C0859350	MATCHED
SIDE_EFFECT:5747	Wandering pacemaker	Side_Effect::C1321523	MATCHED
SIDE_EFFECT:5748	Dropped beats	Side_Effect::C0425591	MATCHED
SIDE_EFFECT:5749	TIBC	Side_Effect::C0036835	MATCHED
SIDE_EFFECT:575	Hypocalcaemia	Side_Effect::C0020598	MATCHED
SIDE_EFFECT:5750	Iron binding capacity total	Side_Effect::C1283048	MATCHED
SIDE_EFFECT:5751	Urine electrolytes abnormal	Side_Effect::C0438254	MATCHED
SIDE_EFFECT:5752	End stage AIDS	Side_Effect::C0740832	MATCHED
SIDE_EFFECT:5753	Blood calcium abnormal	Side_Effect::C0853772	MATCHED
SIDE_EFFECT:5754	Renal failure aggravated	Side_Effect::C0235630	MATCHED
SIDE_EFFECT:5755	Bowen's disease	Side_Effect::C0006079	MATCHED
SIDE_EFFECT:5756	Laryngopharyngitis	Side_Effect::C0023070	MATCHED
SIDE_EFFECT:5757	Meningitis viral	Side_Effect::C0025297	MATCHED
SIDE_EFFECT:5758	Sweat gland tumour	Side_Effect::C0038987	MATCHED
SIDE_EFFECT:5759	Tongue neoplasm	Side_Effect::C0040411	MATCHED
SIDE_EFFECT:576	Apathy	Side_Effect::C0085632	MATCHED
SIDE_EFFECT:5760	Proctitis herpes	Side_Effect::C0149976	MATCHED
SIDE_EFFECT:5761	Infective myositis	Side_Effect::C0158353	MATCHED
SIDE_EFFECT:5762	Anaplastic large-cell lymphoma	Side_Effect::C0206180	MATCHED
SIDE_EFFECT:5763	Bronchitis bacterial	Side_Effect::C0264344	MATCHED
SIDE_EFFECT:5764	Anal cancer	Side_Effect::C0279637	MATCHED
SIDE_EFFECT:5765	Metastases to peritoneum	Side_Effect::C0346989	MATCHED
SIDE_EFFECT:5766	Bile duct cancer	Side_Effect::C0740277	MATCHED
SIDE_EFFECT:5767	Neisseria infection	Side_Effect::C0851883	MATCHED
SIDE_EFFECT:5768	Sinobronchitis	Side_Effect::C0877107	MATCHED
SIDE_EFFECT:5769	Aortic arteriosclerosis	Side_Effect::C1388177	MATCHED
SIDE_EFFECT:577	Flat affect	Side_Effect::C0233471	MATCHED
SIDE_EFFECT:5770	Nasopharyngeal carcinoma	Side_Effect::C2931822	MATCHED
SIDE_EFFECT:5771	Nasopharyngeal cancer	Side_Effect::C0153392	MATCHED
SIDE_EFFECT:5772	Sensitivity of teeth	Side_Effect::C0011432	MATCHED
SIDE_EFFECT:5773	Paraproteinaemia	Side_Effect::C0030489	MATCHED
SIDE_EFFECT:5774	Shock haemorrhagic	Side_Effect::C0036982	MATCHED
SIDE_EFFECT:5775	Globulins decreased	Side_Effect::C0151665	MATCHED
SIDE_EFFECT:5776	Anal abscess	Side_Effect::C0281778	MATCHED
SIDE_EFFECT:5777	Sebaceous hyperplasia	Side_Effect::C0406484	MATCHED
SIDE_EFFECT:5778	Diastolic dysfunction	Side_Effect::C0520863	MATCHED
SIDE_EFFECT:5779	Blood insulin decreased	Side_Effect::C0854380	MATCHED
SIDE_EFFECT:578	Slurred speech	Side_Effect::C0234518	MATCHED
SIDE_EFFECT:5780	Insulin C-peptide decreased	Side_Effect::C0861020	MATCHED
SIDE_EFFECT:5781	Arterial stenosis limb	Side_Effect::C0877334	MATCHED
SIDE_EFFECT:5782	Peripheral artery stenosis	Side_Effect::C3495797	MATCHED
SIDE_EFFECT:5783	Troponin increased	Side_Effect::C1141948	MATCHED
SIDE_EFFECT:5784	Oral papilloma	Side_Effect::C1262299	MATCHED
SIDE_EFFECT:5785	Glomerulonephritis rapidly progressive	Side_Effect::C0221239	MATCHED
SIDE_EFFECT:5786	Antineutrophil cytoplasmic antibody positive	Side_Effect::C0238874	MATCHED
SIDE_EFFECT:5787	Insulin autoimmune syndrome	Side_Effect::C0854359	MATCHED
SIDE_EFFECT:5788	Malignant histiocytosis	Side_Effect::C0019623	MATCHED
SIDE_EFFECT:5789	Extranodal NK/T-cell lymphoma, nasal type	Side_Effect::C0392788	MATCHED
SIDE_EFFECT:579	Dysarthria	Side_Effect::C0013362	MATCHED
SIDE_EFFECT:5790	Urticaria vesiculosa	Side_Effect::C0234934	MATCHED
SIDE_EFFECT:5791	Protein-losing gastroenteropathy	Side_Effect::C0302858	MATCHED
SIDE_EFFECT:5792	Milia	Side_Effect::C0345996	MATCHED
SIDE_EFFECT:5793	Intra-abdominal haematoma	Side_Effect::C0473120	MATCHED
SIDE_EFFECT:5794	Systemic lupus erythematosus rash	Side_Effect::C0521471	MATCHED
SIDE_EFFECT:5795	Platelet aggregation abnormal	Side_Effect::C0541767	MATCHED
SIDE_EFFECT:5796	Enterocolitis infectious	Side_Effect::C1142115	MATCHED
SIDE_EFFECT:5797	Chylothorax	Side_Effect::C0008733	MATCHED
SIDE_EFFECT:5798	Small intestinal perforation	Side_Effect::C0151739	MATCHED
SIDE_EFFECT:5799	Mg++ increased	Side_Effect::C0240292	MATCHED
SIDE_EFFECT:58	Vertigo	Side_Effect::C0042571	MATCHED
SIDE_EFFECT:580	Stomach cramps	Side_Effect::C0344375	MATCHED
SIDE_EFFECT:5800	Blood magnesium increased	Side_Effect::C0853749	MATCHED
SIDE_EFFECT:5801	Abdominal wall abscess	Side_Effect::C0263105	MATCHED
SIDE_EFFECT:5802	Vena cava thrombosis	Side_Effect::C0265050	MATCHED
SIDE_EFFECT:5803	Infected bites	Side_Effect::C0850638	MATCHED
SIDE_EFFECT:5804	Alanine aminotransferase normal	Side_Effect::C0855620	MATCHED
SIDE_EFFECT:5805	Stent occlusion	Side_Effect::C0919560	MATCHED
SIDE_EFFECT:5806	Venomous bite	Side_Effect::C1275515	MATCHED
SIDE_EFFECT:5807	Glucose decreased	Side_Effect::C1704381	MATCHED
SIDE_EFFECT:581	Electrocardiogram ST segment	Side_Effect::C0429029	MATCHED
SIDE_EFFECT:5813	Rectal abscess	Side_Effect::C0149770	MATCHED
SIDE_EFFECT:5814	Gingival abscess	Side_Effect::C0149892	MATCHED
SIDE_EFFECT:5815	Apoptosis	Side_Effect::C0162638	MATCHED
SIDE_EFFECT:5816	Pancreatic abscess	Side_Effect::C0238334	MATCHED
SIDE_EFFECT:5817	Perineal abscess	Side_Effect::C0263111	MATCHED
SIDE_EFFECT:5818	Splinter haemorrhages	Side_Effect::C0333286	MATCHED
SIDE_EFFECT:5819	Abdominal sepsis	Side_Effect::C1141926	MATCHED
SIDE_EFFECT:582	QRS complex	Side_Effect::C0429097	MATCHED
SIDE_EFFECT:5820	Destructive thyroiditis	Side_Effect::C2747905	MATCHED
SIDE_EFFECT:5821	Myocardial disorder	Side_Effect::C3241958	MATCHED
SIDE_EFFECT:5822	Helicobacter gastritis	Side_Effect::C0343378	MATCHED
SIDE_EFFECT:5823	Gastric ulcer helicobacter	Side_Effect::C0948036	MATCHED
SIDE_EFFECT:5825	Electrocardiogram repolarisation abnormality	Side_Effect::C0948857	MATCHED
SIDE_EFFECT:5826	Mental deficiency	Side_Effect::C0917816	MATCHED
SIDE_EFFECT:583	Electrocardiogram QRS complex	Side_Effect::C0429098	MATCHED
SIDE_EFFECT:5836	Gram-negative bacterial infection NOS	Side_Effect::C0085423	MATCHED
SIDE_EFFECT:5837	Fuzzy head	Side_Effect::C0541974	MATCHED
SIDE_EFFECT:5838	Gastrointestinal neoplasm malignant	Side_Effect::C0685938	MATCHED
SIDE_EFFECT:5839	Black spot	Side_Effect::C0859290	MATCHED
SIDE_EFFECT:584	Intoxication	Side_Effect::C0728899	MATCHED
SIDE_EFFECT:5840	Retinal pigment epithelial tear	Side_Effect::C1328519	MATCHED
SIDE_EFFECT:5841	Infusion related pain	Side_Effect::C1697883	MATCHED
SIDE_EFFECT:5843	Spasm of sphincter of Oddi	Side_Effect::C0152168	MATCHED
SIDE_EFFECT:5844	Sphincter of Oddi dysfunction	Side_Effect::C0878588	MATCHED
SIDE_EFFECT:5847	Acute enterocolitis	Side_Effect::C3203466	MATCHED
SIDE_EFFECT:5848	Lymph node tenderness	Side_Effect::C0240273	MATCHED
SIDE_EFFECT:5849	Lymph node pain	Side_Effect::C0578050	MATCHED
SIDE_EFFECT:585	Poisoning	Side_Effect::C0032343	MATCHED
SIDE_EFFECT:5850	Dysstasia	Side_Effect::C0241237	MATCHED
SIDE_EFFECT:5851	Lymphadenopathy axillary	Side_Effect::C0578735	MATCHED
SIDE_EFFECT:5852	Glioblastoma	Side_Effect::C0017636	MATCHED
SIDE_EFFECT:5853	Histiocytosis	Side_Effect::C0019618	MATCHED
SIDE_EFFECT:5854	Cirrhosis alcoholic	Side_Effect::C0023891	MATCHED
SIDE_EFFECT:5855	Spondylitis	Side_Effect::C0038012	MATCHED
SIDE_EFFECT:5856	Gonadotropic luteinizing hormone increased	Side_Effect::C0151680	MATCHED
SIDE_EFFECT:5857	Blood luteinising hormone increased	Side_Effect::C0853123	MATCHED
SIDE_EFFECT:5858	Hypogonadism male	Side_Effect::C0151721	MATCHED
SIDE_EFFECT:5859	Renal vein thrombosis	Side_Effect::C0238457	MATCHED
SIDE_EFFECT:586	Calcium low	Side_Effect::C0860967	MATCHED
SIDE_EFFECT:5860	Glomerulonephropathy	Side_Effect::C0268731	MATCHED
SIDE_EFFECT:5861	Metastatic melanoma	Side_Effect::C0278883	MATCHED
SIDE_EFFECT:5862	Metastatic malignant melanoma	Side_Effect::C0860594	MATCHED
SIDE_EFFECT:5863	Lymphorrhoea	Side_Effect::C0333258	MATCHED
SIDE_EFFECT:5864	Renal artery thrombosis	Side_Effect::C0340608	MATCHED
SIDE_EFFECT:5865	Renal haemorrhage	Side_Effect::C0392175	MATCHED
SIDE_EFFECT:5866	Perirenal haematoma	Side_Effect::C0473124	MATCHED
SIDE_EFFECT:5867	End stage liver disease	Side_Effect::C0745744	MATCHED
SIDE_EFFECT:5868	Chronic hepatic failure	Side_Effect::C0400930	MATCHED
SIDE_EFFECT:5869	Lymphangioleiomyomatosis	Side_Effect::C0751674	MATCHED
SIDE_EFFECT:587	Blood calcium decreased	Side_Effect::C3665624	MATCHED
SIDE_EFFECT:5870	Blood follicle stimulating hormone increased	Side_Effect::C0853124	MATCHED
SIDE_EFFECT:5871	Phosphate low	Side_Effect::C0860987	MATCHED
SIDE_EFFECT:5872	Graft thrombosis	Side_Effect::C0919939	MATCHED
SIDE_EFFECT:5873	Incision site pain	Side_Effect::C1142257	MATCHED
SIDE_EFFECT:5874	Hepatitis B reactivation	Side_Effect::C1142420	MATCHED
SIDE_EFFECT:5875	Perinephric collection	Side_Effect::C1167868	MATCHED
SIDE_EFFECT:5876	Localised intraabdominal fluid collection	Side_Effect::C1868693	MATCHED
SIDE_EFFECT:5877	Fasting hyperglycaemia	Side_Effect::C2609269	MATCHED
SIDE_EFFECT:5878	Infection reactivation	Side_Effect::C3160756	MATCHED
SIDE_EFFECT:5879	Pallanesthesia	Side_Effect::C0234199	MATCHED
SIDE_EFFECT:588	Citrate toxicity	Side_Effect::C0948342	MATCHED
SIDE_EFFECT:5880	Multifocal motor neuropathy	Side_Effect::C0393847	MATCHED
SIDE_EFFECT:5881	Painful response to normal stimuli	Side_Effect::C0854080	MATCHED
SIDE_EFFECT:5882	Allodynia	Side_Effect::C0458247	MATCHED
SIDE_EFFECT:5883	Sensorimotor disorder	Side_Effect::C0877401	MATCHED
SIDE_EFFECT:5884	Neuromuscular toxicity	Side_Effect::C1262106	MATCHED
SIDE_EFFECT:589	Hepatic impairment	Side_Effect::C0948807	MATCHED
SIDE_EFFECT:5893	Vessel puncture site haematoma	Side_Effect::C1696110	MATCHED
SIDE_EFFECT:5899	Application site infection	Side_Effect::C0521496	MATCHED
SIDE_EFFECT:59	Vomiting	Side_Effect::C0042963	MATCHED
SIDE_EFFECT:590	Liver disorder	Side_Effect::C0023895	MATCHED
SIDE_EFFECT:5900	Application site pustules	Side_Effect::C0877128	MATCHED
SIDE_EFFECT:591	Tingling of extremity	Side_Effect::C1504494	MATCHED
SIDE_EFFECT:5911	Disseminated tuberculosis	Side_Effect::C0152915	MATCHED
SIDE_EFFECT:5912	HDL cholesterol increased	Side_Effect::C2938903	MATCHED
SIDE_EFFECT:5913	Aerophagia	Side_Effect::C0001707	MATCHED
SIDE_EFFECT:5914	Pulmonary function test abnormal	Side_Effect::C0476405	MATCHED
SIDE_EFFECT:5915	Carotene decreased	Side_Effect::C0855977	MATCHED
SIDE_EFFECT:5916	Neutrophil percentage increased	Side_Effect::C0948333	MATCHED
SIDE_EFFECT:5917	Vitamin E decreased	Side_Effect::C1142086	MATCHED
SIDE_EFFECT:5918	Vitamin K decreased	Side_Effect::C1142530	MATCHED
SIDE_EFFECT:5919	Inappropriate affect	Side_Effect::C0233467	MATCHED
SIDE_EFFECT:592	Loose stools	Side_Effect::C2129214	MATCHED
SIDE_EFFECT:5920	Dyspnoea at rest	Side_Effect::C2712054	MATCHED
SIDE_EFFECT:5921	Recurrent infection	Side_Effect::C0239998	MATCHED
SIDE_EFFECT:5922	Balanitis candida	Side_Effect::C0276684	MATCHED
SIDE_EFFECT:5923	Genital infection male	Side_Effect::C0564768	MATCHED
SIDE_EFFECT:5924	Genital infection fungal	Side_Effect::C0740330	MATCHED
SIDE_EFFECT:5928	Plantar erythema	Side_Effect::C0240773	MATCHED
SIDE_EFFECT:5929	Enterocutaneous fistula	Side_Effect::C0341318	MATCHED
SIDE_EFFECT:593	Gastrointestinal tract irritation	Side_Effect::C2697368	MATCHED
SIDE_EFFECT:5930	Ileal perforation	Side_Effect::C0559938	MATCHED
SIDE_EFFECT:5931	Hyperalbuminaemia	Side_Effect::C1142113	MATCHED
SIDE_EFFECT:5932	Infectious peritonitis	Side_Effect::C1264610	MATCHED
SIDE_EFFECT:5933	Bronchial haemorrhage	Side_Effect::C1321133	MATCHED
SIDE_EFFECT:5934	Acne pustular	Side_Effect::C0263443	MATCHED
SIDE_EFFECT:5935	Oral mucosa erosion	Side_Effect::C0399461	MATCHED
SIDE_EFFECT:5936	Nail bed infection	Side_Effect::C0521476	MATCHED
SIDE_EFFECT:5937	Mucosal erosion	Side_Effect::C0546343	MATCHED
SIDE_EFFECT:5938	Pharyngeal haemorrhage	Side_Effect::C0576995	MATCHED
SIDE_EFFECT:5939	Alanine aminotransferase abnormal	Side_Effect::C0855619	MATCHED
SIDE_EFFECT:594	Gastrointestinal haemorrhage	Side_Effect::C0017181	MATCHED
SIDE_EFFECT:5940	Incision site haematoma	Side_Effect::C1168175	MATCHED
SIDE_EFFECT:5941	Laryngeal haemorrhage	Side_Effect::C1697747	MATCHED
SIDE_EFFECT:5942	Epiglottitis	Side_Effect::C0014541	MATCHED
SIDE_EFFECT:5943	Pancreatic insufficiency	Side_Effect::C0030293	MATCHED
SIDE_EFFECT:5944	Retinal ischaemia	Side_Effect::C0162291	MATCHED
SIDE_EFFECT:5945	Psychiatric decompensation	Side_Effect::C0748055	MATCHED
SIDE_EFFECT:5946	Aspermia	Side_Effect::C1704202	MATCHED
SIDE_EFFECT:5947	Lipase abnormal	Side_Effect::C1096303	MATCHED
SIDE_EFFECT:5948	Salmonella sepsis	Side_Effect::C0152486	MATCHED
SIDE_EFFECT:595	Hyponatraemia	Side_Effect::C0020625	MATCHED
SIDE_EFFECT:5950	Found dead	Side_Effect::C0476463	MATCHED
SIDE_EFFECT:5951	Congenital renal cyst	Side_Effect::C0268800	MATCHED
SIDE_EFFECT:5952	Dermatillomania	Side_Effect::C1696701	MATCHED
SIDE_EFFECT:5953	Phantom limb pain	Side_Effect::C0031315	MATCHED
SIDE_EFFECT:5954	Phantom pain	Side_Effect::C3495442	MATCHED
SIDE_EFFECT:5955	Genital burning sensation	Side_Effect::C1096300	MATCHED
SIDE_EFFECT:5956	Brain stem haemorrhage	Side_Effect::C0521540	MATCHED
SIDE_EFFECT:5957	Refractory hypertension	Side_Effect::C0860493	MATCHED
SIDE_EFFECT:596	Gastrointestinal ulcer haemorrhage	Side_Effect::C1112525	MATCHED
SIDE_EFFECT:597	Duodenal ulcer	Side_Effect::C0013295	MATCHED
SIDE_EFFECT:598	Erythema multiforme	Side_Effect::C0014742	MATCHED
SIDE_EFFECT:5980	Reperfusion injury	Side_Effect::C0035126	MATCHED
SIDE_EFFECT:5981	Retroperitoneal haematoma	Side_Effect::C0341512	MATCHED
SIDE_EFFECT:5982	Puncture site reaction	Side_Effect::C1096188	MATCHED
SIDE_EFFECT:5983	Coronary stent thrombosis	Side_Effect::C1536080	MATCHED
SIDE_EFFECT:5988	Acrochordon	Side_Effect::C0037293	MATCHED
SIDE_EFFECT:599	Oesophagitis	Side_Effect::C0014868	MATCHED
SIDE_EFFECT:6	Anorexia	Side_Effect::C0003123	MATCHED
SIDE_EFFECT:60	Weight increased	Side_Effect::C0043094	MATCHED
SIDE_EFFECT:600	Hallucination	Side_Effect::C0018524	MATCHED
SIDE_EFFECT:6002	Genital irritation	Side_Effect::C1868893	MATCHED
SIDE_EFFECT:6003	Genital discomfort	Side_Effect::C1868730	MATCHED
SIDE_EFFECT:6007	Tympanic membrane hyperaemia	Side_Effect::C0948298	MATCHED
SIDE_EFFECT:6008	Lymph node abscess	Side_Effect::C0272396	MATCHED
SIDE_EFFECT:6009	Submandibular mass	Side_Effect::C0749106	MATCHED
SIDE_EFFECT:601	Heartburn	Side_Effect::C0018834	MATCHED
SIDE_EFFECT:6010	Body fat disorder	Side_Effect::C1096393	MATCHED
SIDE_EFFECT:6011	Blood pancreatic amylase increased	Side_Effect::C1096509	MATCHED
SIDE_EFFECT:6012	Blood phosphate increased	Side_Effect::C0853753	MATCHED
SIDE_EFFECT:6013	Amylase decreased	Side_Effect::C0859978	MATCHED
SIDE_EFFECT:6014	Cardiac discomfort	Side_Effect::C1096252	MATCHED
SIDE_EFFECT:6015	Cerebral artery stenosis	Side_Effect::C1504438	MATCHED
SIDE_EFFECT:6018	Klinefelter's syndrome	Side_Effect::C0022735	MATCHED
SIDE_EFFECT:6019	Imperforate hymen	Side_Effect::C0152436	MATCHED
SIDE_EFFECT:602	Hepatitis	Side_Effect::C0019158	MATCHED
SIDE_EFFECT:6020	Pituitary microadenoma	Side_Effect::C0346306	MATCHED
SIDE_EFFECT:6029	HCV coinfection	Side_Effect::C1698259	MATCHED
SIDE_EFFECT:603	Gastric ulcer	Side_Effect::C0038358	MATCHED
SIDE_EFFECT:604	Epigastric pain	Side_Effect::C0232493	MATCHED
SIDE_EFFECT:6041	Haemobilia	Side_Effect::C0018994	MATCHED
SIDE_EFFECT:6042	Protein C deficiency	Side_Effect::C0398625	MATCHED
SIDE_EFFECT:6043	Chronic myelomonocytic leukaemia	Side_Effect::C0023480	MATCHED
SIDE_EFFECT:6044	Oropharyngeal squamous cell carcinoma	Side_Effect::C0280313	MATCHED
SIDE_EFFECT:605	Faecal occult blood positive	Side_Effect::C0266813	MATCHED
SIDE_EFFECT:606	Occult blood positive	Side_Effect::C0877047	MATCHED
SIDE_EFFECT:607	Localized exfoliation	Side_Effect::C0520893	MATCHED
SIDE_EFFECT:608	Warts	Side_Effect::C3665596	MATCHED
SIDE_EFFECT:609	Skin papilloma	Side_Effect::C0347390	MATCHED
SIDE_EFFECT:61	Weight decreased	Side_Effect::C0043096	MATCHED
SIDE_EFFECT:610	Aggression	Side_Effect::C0001807	MATCHED
SIDE_EFFECT:611	Drug hypersensitivity	Side_Effect::C0013182	MATCHED
SIDE_EFFECT:612	Osteoarthritis	Side_Effect::C0029408	MATCHED
SIDE_EFFECT:613	Paresis	Side_Effect::C0030552	MATCHED
SIDE_EFFECT:614	Psychotic disorder	Side_Effect::C0033975	MATCHED
SIDE_EFFECT:615	Hyperreflexia	Side_Effect::C0151889	MATCHED
SIDE_EFFECT:616	Disorientation	Side_Effect::C0233407	MATCHED
SIDE_EFFECT:617	Clonic convulsion	Side_Effect::C0234535	MATCHED
SIDE_EFFECT:618	Neurological symptom	Side_Effect::C0235031	MATCHED
SIDE_EFFECT:619	Amenorrhoea	Side_Effect::C0002453	MATCHED
SIDE_EFFECT:62	Body odor	Side_Effect::C0085595	MATCHED
SIDE_EFFECT:620	Amnesia	Side_Effect::C0002622	MATCHED
SIDE_EFFECT:621	Anger	Side_Effect::C0002957	MATCHED
SIDE_EFFECT:622	Ataxia	Side_Effect::C0004134	MATCHED
SIDE_EFFECT:623	Back injury	Side_Effect::C0004601	MATCHED
SIDE_EFFECT:624	Bipolar disorder	Side_Effect::C0005586	MATCHED
SIDE_EFFECT:625	Bipolar I disorder	Side_Effect::C0853193	MATCHED
SIDE_EFFECT:626	Concussion	Side_Effect::C0006107	MATCHED
SIDE_EFFECT:627	Breast cancer	Side_Effect::C0006142	MATCHED
SIDE_EFFECT:628	Breast disorder	Side_Effect::C0006145	MATCHED
SIDE_EFFECT:629	Bruxism	Side_Effect::C0006325	MATCHED
SIDE_EFFECT:63	Skin odour abnormal	Side_Effect::C0234930	MATCHED
SIDE_EFFECT:630	Bursitis	Side_Effect::C0006444	MATCHED
SIDE_EFFECT:631	Basal cell carcinoma	Side_Effect::C0007117	MATCHED
SIDE_EFFECT:632	Carpal tunnel syndrome	Side_Effect::C0007286	MATCHED
SIDE_EFFECT:633	Pleuritic pain	Side_Effect::C0008033	MATCHED
SIDE_EFFECT:634	Chest wall pain	Side_Effect::C0008035	MATCHED
SIDE_EFFECT:635	Musculoskeletal chest pain	Side_Effect::C0476280	MATCHED
SIDE_EFFECT:636	Colitis	Side_Effect::C0009319	MATCHED
SIDE_EFFECT:637	Conjunctivitis	Side_Effect::C0009763	MATCHED
SIDE_EFFECT:638	Contusion	Side_Effect::C0009938	MATCHED
SIDE_EFFECT:639	Cystitis	Side_Effect::C0010692	MATCHED
SIDE_EFFECT:64	Oedema peripheral	Side_Effect::C0085649	MATCHED
SIDE_EFFECT:640	Cystitis noninfective	Side_Effect::C0403632	MATCHED
SIDE_EFFECT:641	Bladder pain	Side_Effect::C0232849	MATCHED
SIDE_EFFECT:642	Cyst	Side_Effect::C0010709	MATCHED
SIDE_EFFECT:643	Libido decreased	Side_Effect::C0011124	MATCHED
SIDE_EFFECT:644	Disturbance in sexual arousal	Side_Effect::C0855242	MATCHED
SIDE_EFFECT:645	Dysphagia	Side_Effect::C0011168	MATCHED
SIDE_EFFECT:646	Delusion	Side_Effect::C0011253	MATCHED
SIDE_EFFECT:647	Dental caries	Side_Effect::C0011334	MATCHED
SIDE_EFFECT:648	Depersonalisation	Side_Effect::C0011551	MATCHED
SIDE_EFFECT:649	Dermatitis exfoliative	Side_Effect::C0011606	MATCHED
SIDE_EFFECT:65	Injection site reaction	Side_Effect::C0151735	MATCHED
SIDE_EFFECT:650	Dermatitis atopic	Side_Effect::C0011615	MATCHED
SIDE_EFFECT:651	Diplopia	Side_Effect::C0012569	MATCHED
SIDE_EFFECT:652	Drug abuse	Side_Effect::C0013146	MATCHED
SIDE_EFFECT:653	Dyskinesia	Side_Effect::C0013384	MATCHED
SIDE_EFFECT:654	Dysmenorrhoea	Side_Effect::C0013390	MATCHED
SIDE_EFFECT:655	Dysuria	Side_Effect::C0013428	MATCHED
SIDE_EFFECT:656	Ear pain	Side_Effect::C0013456	MATCHED
SIDE_EFFECT:657	Enuresis	Side_Effect::C0014394	MATCHED
SIDE_EFFECT:658	Epicondylitis	Side_Effect::C0014488	MATCHED
SIDE_EFFECT:659	Eructation	Side_Effect::C0014724	MATCHED
SIDE_EFFECT:66	Accidental injury	Side_Effect::C0151736	MATCHED
SIDE_EFFECT:660	Extrapyramidal disorder	Side_Effect::C0015371	MATCHED
SIDE_EFFECT:661	Flank pain	Side_Effect::C0016199	MATCHED
SIDE_EFFECT:662	Vitreous floaters	Side_Effect::C0016242	MATCHED
SIDE_EFFECT:663	Cardiac flutter	Side_Effect::C0016385	MATCHED
SIDE_EFFECT:664	Localised infection	Side_Effect::C0016397	MATCHED
SIDE_EFFECT:665	Folliculitis	Side_Effect::C0016436	MATCHED
SIDE_EFFECT:666	Food allergy	Side_Effect::C0016470	MATCHED
SIDE_EFFECT:667	Food poisoning	Side_Effect::C0016479	MATCHED
SIDE_EFFECT:668	Frigidity	Side_Effect::C0016722	MATCHED
SIDE_EFFECT:669	Female sexual arousal disorder	Side_Effect::C0015786	MATCHED
SIDE_EFFECT:67	Injury	Side_Effect::C3263723	MATCHED
SIDE_EFFECT:670	Gastroenteritis	Side_Effect::C0017160	MATCHED
SIDE_EFFECT:671	Gingival bleeding	Side_Effect::C0017565	MATCHED
SIDE_EFFECT:672	Gingivitis	Side_Effect::C0017574	MATCHED
SIDE_EFFECT:673	Angle closure glaucoma	Side_Effect::C0017605	MATCHED
SIDE_EFFECT:674	Glycosuria	Side_Effect::C0017979	MATCHED
SIDE_EFFECT:675	Gynaecomastia	Side_Effect::C0018418	MATCHED
SIDE_EFFECT:676	Breath odour	Side_Effect::C0018520	MATCHED
SIDE_EFFECT:677	Seasonal allergy	Side_Effect::C0018621	MATCHED
SIDE_EFFECT:678	Rhinitis seasonal	Side_Effect::C1322281	MATCHED
SIDE_EFFECT:679	Hepatitis C	Side_Effect::C0019196	MATCHED
SIDE_EFFECT:68	Gastric atony	Side_Effect::C0152020	MATCHED
SIDE_EFFECT:680	Herpes zoster	Side_Effect::C0019360	MATCHED
SIDE_EFFECT:681	Herpes virus infection	Side_Effect::C0019372	MATCHED
SIDE_EFFECT:682	Hirsutism	Side_Effect::C0019572	MATCHED
SIDE_EFFECT:683	Hordeolum	Side_Effect::C0019917	MATCHED
SIDE_EFFECT:684	Hostility	Side_Effect::C0020039	MATCHED
SIDE_EFFECT:685	Hunger	Side_Effect::C0020175	MATCHED
SIDE_EFFECT:686	Type IV hypersensitivity reaction	Side_Effect::C0020522	MATCHED
SIDE_EFFECT:687	Hypertrophy of breast	Side_Effect::C0020565	MATCHED
SIDE_EFFECT:688	Breast enlargement	Side_Effect::C2225524	MATCHED
SIDE_EFFECT:689	Hypotrichosis	Side_Effect::C0020678	MATCHED
SIDE_EFFECT:69	Impaired gastric emptying	Side_Effect::C0522063	MATCHED
SIDE_EFFECT:690	Inappropriate antidiuretic hormone secretion	Side_Effect::C0021141	MATCHED
SIDE_EFFECT:691	Libido increased	Side_Effect::C0021177	MATCHED
SIDE_EFFECT:692	Intestinal perforation	Side_Effect::C0021845	MATCHED
SIDE_EFFECT:693	Keratoconjunctivitis sicca	Side_Effect::C0022575	MATCHED
SIDE_EFFECT:694	Dry eye	Side_Effect::C0314719	MATCHED
SIDE_EFFECT:695	Menopause	Side_Effect::C0025320	MATCHED
SIDE_EFFECT:696	Menstrual disorder	Side_Effect::C0025345	MATCHED
SIDE_EFFECT:697	Metrorrhagia	Side_Effect::C0025874	MATCHED
SIDE_EFFECT:698	Motion sickness	Side_Effect::C0026603	MATCHED
SIDE_EFFECT:699	Hypotonia	Side_Effect::C0026827	MATCHED
SIDE_EFFECT:7	Decreased appetite	Side_Effect::C0232462	MATCHED
SIDE_EFFECT:70	Myalgia	Side_Effect::C0231528	MATCHED
SIDE_EFFECT:700	Muscle relaxant therapy	Side_Effect::C1142135	MATCHED
SIDE_EFFECT:701	Muscle rigidity	Side_Effect::C0026837	MATCHED
SIDE_EFFECT:702	Musculoskeletal disorder	Side_Effect::C0026857	MATCHED
SIDE_EFFECT:703	Myoclonus	Side_Effect::C0027066	MATCHED
SIDE_EFFECT:704	Nasopharyngitis	Side_Effect::C0027441	MATCHED
SIDE_EFFECT:705	Neuralgia	Side_Effect::C0027796	MATCHED
SIDE_EFFECT:706	Night sweats	Side_Effect::C0028081	MATCHED
SIDE_EFFECT:707	Nightmare	Side_Effect::C0028084	MATCHED
SIDE_EFFECT:708	Nocturia	Side_Effect::C0028734	MATCHED
SIDE_EFFECT:709	Orgasm abnormal	Side_Effect::C0029261	MATCHED
SIDE_EFFECT:71	Musculoskeletal discomfort	Side_Effect::C0948594	MATCHED
SIDE_EFFECT:710	Osteoporosis	Side_Effect::C0029456	MATCHED
SIDE_EFFECT:711	Ovarian cyst	Side_Effect::C0029927	MATCHED
SIDE_EFFECT:712	Ovarian disorder	Side_Effect::C0029928	MATCHED
SIDE_EFFECT:713	Pancreatitis	Side_Effect::C0030305	MATCHED
SIDE_EFFECT:714	Panic reaction	Side_Effect::C0030318	MATCHED
SIDE_EFFECT:715	Sinus disorder	Side_Effect::C0030469	MATCHED
SIDE_EFFECT:716	Pelvic infection	Side_Effect::C0030790	MATCHED
SIDE_EFFECT:717	Polyp	Side_Effect::C0032584	MATCHED
SIDE_EFFECT:718	Polyuria	Side_Effect::C0032617	MATCHED
SIDE_EFFECT:719	Urine output increased	Side_Effect::C1167965	MATCHED
SIDE_EFFECT:72	Gastrointestinal symptom NOS	Side_Effect::C0426576	MATCHED
SIDE_EFFECT:720	Premenstrual syndrome	Side_Effect::C0033046	MATCHED
SIDE_EFFECT:721	Prurigo	Side_Effect::C0033771	MATCHED
SIDE_EFFECT:722	Tension headache	Side_Effect::C0033893	MATCHED
SIDE_EFFECT:723	Hyperacusis	Side_Effect::C0034880	MATCHED
SIDE_EFFECT:724	Respiratory tract infection	Side_Effect::C0035243	MATCHED
SIDE_EFFECT:725	Rhabdomyolysis	Side_Effect::C0035410	MATCHED
SIDE_EFFECT:726	Salpingitis	Side_Effect::C0036130	MATCHED
SIDE_EFFECT:727	Sciatica	Side_Effect::C0036396	MATCHED
SIDE_EFFECT:728	Sebaceous gland disorder	Side_Effect::C0036502	MATCHED
SIDE_EFFECT:729	Pharyngitis streptococcal	Side_Effect::C0036689	MATCHED
SIDE_EFFECT:73	Electrocardiogram abnormal	Side_Effect::C0522055	MATCHED
SIDE_EFFECT:730	Serum sickness	Side_Effect::C0036830	MATCHED
SIDE_EFFECT:731	Sinus headache	Side_Effect::C0037195	MATCHED
SIDE_EFFECT:732	Sneezing	Side_Effect::C0037383	MATCHED
SIDE_EFFECT:733	Snoring	Side_Effect::C0037384	MATCHED
SIDE_EFFECT:734	Soft tissue injury	Side_Effect::C0037578	MATCHED
SIDE_EFFECT:735	Somnambulism	Side_Effect::C0037672	MATCHED
SIDE_EFFECT:736	Stevens-Johnson syndrome	Side_Effect::C0038325	MATCHED
SIDE_EFFECT:737	Suicide	Side_Effect::C0038661	MATCHED
SIDE_EFFECT:738	Completed suicide	Side_Effect::C0852733	MATCHED
SIDE_EFFECT:739	Suicide attempt	Side_Effect::C0038663	MATCHED
SIDE_EFFECT:74	Fluid overload	Side_Effect::C0546817	MATCHED
SIDE_EFFECT:740	Tendonitis	Side_Effect::C0039503	MATCHED
SIDE_EFFECT:741	Tinea pedis	Side_Effect::C0040259	MATCHED
SIDE_EFFECT:742	Tonsillitis	Side_Effect::C0040425	MATCHED
SIDE_EFFECT:743	Toothache	Side_Effect::C0040460	MATCHED
SIDE_EFFECT:744	Trichotillomania	Side_Effect::C0040953	MATCHED
SIDE_EFFECT:745	Micturition disorder	Side_Effect::C0042035	MATCHED
SIDE_EFFECT:746	Wound infection	Side_Effect::C0043241	MATCHED
SIDE_EFFECT:747	Yawning	Side_Effect::C0043387	MATCHED
SIDE_EFFECT:748	Muscle strain	Side_Effect::C0080194	MATCHED
SIDE_EFFECT:749	Vaginitis bacterial	Side_Effect::C0085166	MATCHED
SIDE_EFFECT:75	Insomnia	Side_Effect::C0917801	MATCHED
SIDE_EFFECT:750	Akinesia	Side_Effect::C0085623	MATCHED
SIDE_EFFECT:751	Photophobia	Side_Effect::C0085636	MATCHED
SIDE_EFFECT:752	Depressive symptom	Side_Effect::C0086132	MATCHED
SIDE_EFFECT:753	Hypokinesia	Side_Effect::C0086439	MATCHED
SIDE_EFFECT:754	Hepatic function abnormal	Side_Effect::C0086565	MATCHED
SIDE_EFFECT:755	Panic attack	Side_Effect::C0086769	MATCHED
SIDE_EFFECT:756	Withdrawal symptom	Side_Effect::C0087169	MATCHED
SIDE_EFFECT:757	Drug withdrawal syndrome	Side_Effect::C0152128	MATCHED
SIDE_EFFECT:758	Mouth ulceration	Side_Effect::C0149745	MATCHED
SIDE_EFFECT:759	Migraine	Side_Effect::C0149931	MATCHED
SIDE_EFFECT:76	Myasthenia	Side_Effect::C0947912	MATCHED
SIDE_EFFECT:760	Swelling face	Side_Effect::C0151602	MATCHED
SIDE_EFFECT:761	Tongue oedema	Side_Effect::C0151610	MATCHED
SIDE_EFFECT:762	Tongue disorder	Side_Effect::C0040409	MATCHED
SIDE_EFFECT:763	Electroencephalogram abnormal	Side_Effect::C0151611	MATCHED
SIDE_EFFECT:764	Impaired healing	Side_Effect::C0151692	MATCHED
SIDE_EFFECT:765	Hyperchlorhydria	Side_Effect::C0151713	MATCHED
SIDE_EFFECT:766	Gastric pH decreased	Side_Effect::C1168034	MATCHED
SIDE_EFFECT:767	Hepatocellular injury	Side_Effect::C0151763	MATCHED
SIDE_EFFECT:768	Liver injury	Side_Effect::C0160390	MATCHED
SIDE_EFFECT:769	Manic psychosis	Side_Effect::C0151772	MATCHED
SIDE_EFFECT:77	Muscular weakness	Side_Effect::C0151786	MATCHED
SIDE_EFFECT:770	Mania	Side_Effect::C0338831	MATCHED
SIDE_EFFECT:771	Urethral pain	Side_Effect::C0151830	MATCHED
SIDE_EFFECT:772	Paranoid reaction	Side_Effect::C0151836	MATCHED
SIDE_EFFECT:773	Paranoia	Side_Effect::C1456784	MATCHED
SIDE_EFFECT:774	Tendon disorder	Side_Effect::C0151936	MATCHED
SIDE_EFFECT:775	Duodenal ulcer haemorrhage	Side_Effect::C0151966	MATCHED
SIDE_EFFECT:776	Sensory disturbance	Side_Effect::C0152027	MATCHED
SIDE_EFFECT:777	Sinus congestion	Side_Effect::C0152029	MATCHED
SIDE_EFFECT:778	Skin irritation	Side_Effect::C0152030	MATCHED
SIDE_EFFECT:779	Joint swelling	Side_Effect::C0152031	MATCHED
SIDE_EFFECT:78	Drug dependence	Side_Effect::C1510472	MATCHED
SIDE_EFFECT:780	Viral diarrhoea	Side_Effect::C0152517	MATCHED
SIDE_EFFECT:781	Menstruation irregular	Side_Effect::C0156404	MATCHED
SIDE_EFFECT:782	Facial bones fracture	Side_Effect::C0159321	MATCHED
SIDE_EFFECT:783	Joint stiffness	Side_Effect::C0162298	MATCHED
SIDE_EFFECT:784	Oral pain	Side_Effect::C0221776	MATCHED
SIDE_EFFECT:785	Muscle twitching	Side_Effect::C0231530	MATCHED
SIDE_EFFECT:786	Nasal dryness	Side_Effect::C0231919	MATCHED
SIDE_EFFECT:787	Cold sweat	Side_Effect::C0232431	MATCHED
SIDE_EFFECT:788	Digestion impaired	Side_Effect::C0232459	MATCHED
SIDE_EFFECT:789	Increased appetite	Side_Effect::C0232461	MATCHED
SIDE_EFFECT:79	Anaphylactic shock	Side_Effect::C0002792	MATCHED
SIDE_EFFECT:790	Disturbance in attention	Side_Effect::C0233414	MATCHED
SIDE_EFFECT:791	Dysphoria	Side_Effect::C0233477	MATCHED
SIDE_EFFECT:792	Feeling of despair	Side_Effect::C0233488	MATCHED
SIDE_EFFECT:793	Bradykinesia	Side_Effect::C0233565	MATCHED
SIDE_EFFECT:794	Thinking abnormal	Side_Effect::C0233632	MATCHED
SIDE_EFFECT:795	Mental disability	Side_Effect::C1306341	MATCHED
SIDE_EFFECT:796	Perseveration	Side_Effect::C0233651	MATCHED
SIDE_EFFECT:797	Derealisation	Side_Effect::C0233754	MATCHED
SIDE_EFFECT:798	Hallucination, auditory	Side_Effect::C0233762	MATCHED
SIDE_EFFECT:799	Memory impairment	Side_Effect::C0233794	MATCHED
SIDE_EFFECT:8	Anxiety	Side_Effect::C0003467	MATCHED
SIDE_EFFECT:80	Angioedema	Side_Effect::C0002994	MATCHED
SIDE_EFFECT:800	Abnormal dreams	Side_Effect::C0234458	MATCHED
SIDE_EFFECT:801	Intraocular pressure increased	Side_Effect::C0234708	MATCHED
SIDE_EFFECT:802	Rash erythematous	Side_Effect::C0234913	MATCHED
SIDE_EFFECT:803	Muscle contractions involuntary	Side_Effect::C0235086	MATCHED
SIDE_EFFECT:804	Euphoric mood	Side_Effect::C0235146	MATCHED
SIDE_EFFECT:805	Difficulty sleeping	Side_Effect::C0235162	MATCHED
SIDE_EFFECT:806	Poor quality sleep	Side_Effect::C1262141	MATCHED
SIDE_EFFECT:807	Cerebration impaired	Side_Effect::C0235198	MATCHED
SIDE_EFFECT:808	Hepatotoxicity	Side_Effect::C0235378	MATCHED
SIDE_EFFECT:809	Lacrimation decreased	Side_Effect::C0235857	MATCHED
SIDE_EFFECT:81	Urticaria	Side_Effect::C0042109	MATCHED
SIDE_EFFECT:810	Hepatic enzyme increased	Side_Effect::C0235996	MATCHED
SIDE_EFFECT:811	Swollen tongue	Side_Effect::C0236068	MATCHED
SIDE_EFFECT:812	Heart rate irregular	Side_Effect::C0237314	MATCHED
SIDE_EFFECT:813	Impairment of attention	Side_Effect::C0238707	MATCHED
SIDE_EFFECT:814	Circumoral oedema	Side_Effect::C0239062	MATCHED
SIDE_EFFECT:815	Genital rash	Side_Effect::C0239729	MATCHED
SIDE_EFFECT:816	Gingival pain	Side_Effect::C0239739	MATCHED
SIDE_EFFECT:817	Frequent bowel movements	Side_Effect::C0239978	MATCHED
SIDE_EFFECT:818	Nipple pain	Side_Effect::C0240515	MATCHED
SIDE_EFFECT:819	Prostate infection	Side_Effect::C0240811	MATCHED
SIDE_EFFECT:82	Injection site tenderness	Side_Effect::C0863083	MATCHED
SIDE_EFFECT:820	Dermal cyst	Side_Effect::C0241060	MATCHED
SIDE_EFFECT:821	Hypomania	Side_Effect::C0241934	MATCHED
SIDE_EFFECT:822	Pulmonary congestion	Side_Effect::C0242073	MATCHED
SIDE_EFFECT:823	Respiratory tract congestion	Side_Effect::C0948349	MATCHED
SIDE_EFFECT:824	Erectile dysfunction	Side_Effect::C0242350	MATCHED
SIDE_EFFECT:825	Parkinsonism	Side_Effect::C0242422	MATCHED
SIDE_EFFECT:826	Auditory disorder NOS	Side_Effect::C0260662	MATCHED
SIDE_EFFECT:827	Vocal cord disorder	Side_Effect::C0264309	MATCHED
SIDE_EFFECT:828	Mouth injury	Side_Effect::C0272426	MATCHED
SIDE_EFFECT:829	Nerve compression	Side_Effect::C0273482	MATCHED
SIDE_EFFECT:83	Injection site pain	Side_Effect::C0151828	MATCHED
SIDE_EFFECT:830	Nerve injury	Side_Effect::C0161479	MATCHED
SIDE_EFFECT:831	Peripheral coldness	Side_Effect::C0277925	MATCHED
SIDE_EFFECT:832	Painful ejaculation	Side_Effect::C0278107	MATCHED
SIDE_EFFECT:833	Viral upper respiratory tract infection	Side_Effect::C0339916	MATCHED
SIDE_EFFECT:834	Depressed mood	Side_Effect::C0344315	MATCHED
SIDE_EFFECT:835	Akathisia	Side_Effect::C0392156	MATCHED
SIDE_EFFECT:836	Gastric irritation	Side_Effect::C0392176	MATCHED
SIDE_EFFECT:837	Epigastric discomfort	Side_Effect::C1291078	MATCHED
SIDE_EFFECT:838	Shakiness	Side_Effect::C0392703	MATCHED
SIDE_EFFECT:839	Initial insomnia	Side_Effect::C0393760	MATCHED
SIDE_EFFECT:84	Aphasia	Side_Effect::C0003537	MATCHED
SIDE_EFFECT:840	Middle insomnia	Side_Effect::C0393761	MATCHED
SIDE_EFFECT:841	Joint injury	Side_Effect::C0409497	MATCHED
SIDE_EFFECT:842	Increased tendency to bruise	Side_Effect::C0423798	MATCHED
SIDE_EFFECT:843	Suicidal ideation	Side_Effect::C0424000	MATCHED
SIDE_EFFECT:844	Respiratory sighs	Side_Effect::C0425481	MATCHED
SIDE_EFFECT:845	Respiration abnormal	Side_Effect::C1260922	MATCHED
SIDE_EFFECT:846	Defaecation urgency	Side_Effect::C0426636	MATCHED
SIDE_EFFECT:847	Joint sprain	Side_Effect::C0434437	MATCHED
SIDE_EFFECT:848	Ligament sprain	Side_Effect::C0435002	MATCHED
SIDE_EFFECT:849	Wrist fracture	Side_Effect::C0435630	MATCHED
SIDE_EFFECT:85	Mental disorder	Side_Effect::C0004936	MATCHED
SIDE_EFFECT:850	Energy increased	Side_Effect::C0455769	MATCHED
SIDE_EFFECT:851	Hair colour changes	Side_Effect::C0474378	MATCHED
SIDE_EFFECT:852	Pruritus generalised	Side_Effect::C0475858	MATCHED
SIDE_EFFECT:853	Dyslexia	Side_Effect::C0476254	MATCHED
SIDE_EFFECT:854	Lymphadenopathy	Side_Effect::C0497156	MATCHED
SIDE_EFFECT:855	Conjunctivitis infective	Side_Effect::C0497209	MATCHED
SIDE_EFFECT:856	Breast microcalcification	Side_Effect::C0520594	MATCHED
SIDE_EFFECT:857	Breast calcifications	Side_Effect::C0587094	MATCHED
SIDE_EFFECT:858	Coordination abnormal	Side_Effect::C0520966	MATCHED
SIDE_EFFECT:859	Hypoaesthesia oral	Side_Effect::C0521592	MATCHED
SIDE_EFFECT:86	Brain neoplasm	Side_Effect::C0006118	MATCHED
SIDE_EFFECT:860	Stress symptoms	Side_Effect::C0521991	MATCHED
SIDE_EFFECT:861	Stress	Side_Effect::C0038435	MATCHED
SIDE_EFFECT:862	Self-injurious ideation	Side_Effect::C0522178	MATCHED
SIDE_EFFECT:863	Sinus pain	Side_Effect::C0522251	MATCHED
SIDE_EFFECT:864	Terminal insomnia	Side_Effect::C0541798	MATCHED
SIDE_EFFECT:865	Pseudoparkinsonism	Side_Effect::C0542165	MATCHED
SIDE_EFFECT:866	Face oedema	Side_Effect::C0542571	MATCHED
SIDE_EFFECT:867	Visual disturbance	Side_Effect::C0547030	MATCHED
SIDE_EFFECT:868	Altered state of consciousness	Side_Effect::C0150450	MATCHED
SIDE_EFFECT:869	Vaginal mycosis	Side_Effect::C0549310	MATCHED
SIDE_EFFECT:87	Oedema	Side_Effect::C0013604	MATCHED
SIDE_EFFECT:870	Vulvovaginal mycotic infection	Side_Effect::C1609512	MATCHED
SIDE_EFFECT:871	Sexual dysfunction	Side_Effect::C0549622	MATCHED
SIDE_EFFECT:872	Lip dry	Side_Effect::C0555724	MATCHED
SIDE_EFFECT:873	Skin laceration	Side_Effect::C0558401	MATCHED
SIDE_EFFECT:874	Renal pain	Side_Effect::C0558489	MATCHED
SIDE_EFFECT:875	Gastritis viral	Side_Effect::C0563238	MATCHED
SIDE_EFFECT:876	Cough increased	Side_Effect::C0574067	MATCHED
SIDE_EFFECT:877	Latex allergy	Side_Effect::C0577628	MATCHED
SIDE_EFFECT:878	Rubber sensitivity	Side_Effect::C0856604	MATCHED
SIDE_EFFECT:879	Sore eye	Side_Effect::C0578687	MATCHED
SIDE_EFFECT:88	Excoriation	Side_Effect::C0015256	MATCHED
SIDE_EFFECT:880	Sensation of heaviness	Side_Effect::C0581912	MATCHED
SIDE_EFFECT:881	Tardive dyskinesia	Side_Effect::C0686347	MATCHED
SIDE_EFFECT:882	Ear infection	Side_Effect::C0699744	MATCHED
SIDE_EFFECT:883	Throat irritation	Side_Effect::C0700184	MATCHED
SIDE_EFFECT:884	Limb injury	Side_Effect::C0743668	MATCHED
SIDE_EFFECT:885	Animal scratch	Side_Effect::C0852919	MATCHED
SIDE_EFFECT:886	Arthropod bite	Side_Effect::C0853348	MATCHED
SIDE_EFFECT:887	Feelings of worthlessness	Side_Effect::C0855235	MATCHED
SIDE_EFFECT:888	Social avoidant behaviour	Side_Effect::C0855237	MATCHED
SIDE_EFFECT:889	Pharyngolaryngeal pain	Side_Effect::C0858635	MATCHED
SIDE_EFFECT:89	Glioma	Side_Effect::C0017638	MATCHED
SIDE_EFFECT:890	Laryngeal pain	Side_Effect::C0549373	MATCHED
SIDE_EFFECT:891	Tooth infection	Side_Effect::C0877046	MATCHED
SIDE_EFFECT:892	Injection site joint pain	Side_Effect::C0877179	MATCHED
SIDE_EFFECT:893	Post procedural pain	Side_Effect::C0877303	MATCHED
SIDE_EFFECT:894	Procedural pain	Side_Effect::C1619712	MATCHED
SIDE_EFFECT:895	Muscle tightness	Side_Effect::C0877322	MATCHED
SIDE_EFFECT:896	Irritation gum	Side_Effect::C0877508	MATCHED
SIDE_EFFECT:897	Hypertonic bladder	Side_Effect::C0878773	MATCHED
SIDE_EFFECT:898	Hypersomnia	Side_Effect::C0917799	MATCHED
SIDE_EFFECT:899	Neurological examination abnormal	Side_Effect::C1112537	MATCHED
SIDE_EFFECT:9	Arrhythmia	Side_Effect::C0003811	MATCHED
SIDE_EFFECT:90	Cardiac disorder	Side_Effect::C0018799	MATCHED
SIDE_EFFECT:900	Infrequent bowel movements	Side_Effect::C1167677	MATCHED
SIDE_EFFECT:901	Rhinorrhoea	Side_Effect::C1260880	MATCHED
SIDE_EFFECT:902	Increased upper airway secretion	Side_Effect::C1328308	MATCHED
SIDE_EFFECT:903	Dyspareunia	Side_Effect::C1384606	MATCHED
SIDE_EFFECT:904	Parosmia	Side_Effect::C1510410	MATCHED
SIDE_EFFECT:905	Lower limb fracture	Side_Effect::C1542178	MATCHED
SIDE_EFFECT:906	Sore mouth	Side_Effect::C1579838	MATCHED
SIDE_EFFECT:907	Appetite absent	Side_Effect::C1971624	MATCHED
SIDE_EFFECT:908	Testicular swelling	Side_Effect::C2584688	MATCHED
SIDE_EFFECT:909	Vaginal haemorrhage	Side_Effect::C2979982	MATCHED
SIDE_EFFECT:91	Hemianopia	Side_Effect::C0018979	MATCHED
SIDE_EFFECT:910	Congenital anomaly	Side_Effect::C0000768	MATCHED
SIDE_EFFECT:911	Developmental delay	Side_Effect::C0424605	MATCHED
SIDE_EFFECT:912	Bacterial infection	Side_Effect::C0004623	MATCHED
SIDE_EFFECT:913	Blepharitis	Side_Effect::C0005741	MATCHED
SIDE_EFFECT:914	Clotting	Side_Effect::C0005778	MATCHED
SIDE_EFFECT:915	Coagulopathy	Side_Effect::C0005779	MATCHED
SIDE_EFFECT:916	Bone disorder	Side_Effect::C0005940	MATCHED
SIDE_EFFECT:917	Breast swelling	Side_Effect::C0006152	MATCHED
SIDE_EFFECT:918	Neoplasm malignant	Side_Effect::C0006826	MATCHED
SIDE_EFFECT:919	Candida infection	Side_Effect::C0006840	MATCHED
SIDE_EFFECT:92	Hemiparesis	Side_Effect::C0018989	MATCHED
SIDE_EFFECT:920	Vaginal moniliasis	Side_Effect::C0006852	MATCHED
SIDE_EFFECT:921	Vulvovaginal candidiasis	Side_Effect::C0700345	MATCHED
SIDE_EFFECT:922	Transient ischaemic attack	Side_Effect::C0007787	MATCHED
SIDE_EFFECT:923	Cerebrovascular disorder	Side_Effect::C0007820	MATCHED
SIDE_EFFECT:924	Cervical polyp	Side_Effect::C0007855	MATCHED
SIDE_EFFECT:925	Uterine cervical erosion	Side_Effect::C0007869	MATCHED
SIDE_EFFECT:926	Cholecystitis	Side_Effect::C0008325	MATCHED
SIDE_EFFECT:927	Cholelithiasis	Side_Effect::C0008350	MATCHED
SIDE_EFFECT:928	Chorea	Side_Effect::C0008489	MATCHED
SIDE_EFFECT:929	Common cold	Side_Effect::C0009443	MATCHED
SIDE_EFFECT:93	Herpes simplex	Side_Effect::C0019348	MATCHED
SIDE_EFFECT:930	Coronary artery thrombosis	Side_Effect::C0010072	MATCHED
SIDE_EFFECT:931	Dermatitis contact	Side_Effect::C0011616	MATCHED
SIDE_EFFECT:932	Diverticulitis	Side_Effect::C0012813	MATCHED
SIDE_EFFECT:933	Ear disorder	Side_Effect::C0013447	MATCHED
SIDE_EFFECT:934	Emotional disturbance NOS	Side_Effect::C0013985	MATCHED
SIDE_EFFECT:935	Emotional disorder	Side_Effect::C0233459	MATCHED
SIDE_EFFECT:936	Endometrial hyperplasia	Side_Effect::C0014173	MATCHED
SIDE_EFFECT:937	Endometriosis	Side_Effect::C0014175	MATCHED
SIDE_EFFECT:938	Epilepsy	Side_Effect::C0014544	MATCHED
SIDE_EFFECT:939	Erythema nodosum	Side_Effect::C0014743	MATCHED
SIDE_EFFECT:94	Hyperpathia	Side_Effect::C0020429	MATCHED
SIDE_EFFECT:940	Eye infection	Side_Effect::C0015403	MATCHED
SIDE_EFFECT:941	Foetal disorder	Side_Effect::C0015929	MATCHED
SIDE_EFFECT:942	Fibrocystic breast disease	Side_Effect::C0016034	MATCHED
SIDE_EFFECT:943	Gallbladder disorder	Side_Effect::C0016977	MATCHED
SIDE_EFFECT:944	Goitre	Side_Effect::C0018021	MATCHED
SIDE_EFFECT:945	Haemangioma	Side_Effect::C0018916	MATCHED
SIDE_EFFECT:946	Haemoptysis	Side_Effect::C0019079	MATCHED
SIDE_EFFECT:947	Haemorrhoids	Side_Effect::C0019112	MATCHED
SIDE_EFFECT:948	Hereditary angioedema	Side_Effect::C0019243	MATCHED
SIDE_EFFECT:949	Incontinence	Side_Effect::C0021167	MATCHED
SIDE_EFFECT:95	Hyperaesthesia	Side_Effect::C0020453	MATCHED
SIDE_EFFECT:950	Jaundice cholestatic	Side_Effect::C0022354	MATCHED
SIDE_EFFECT:951	Arthropathy	Side_Effect::C0022408	MATCHED
SIDE_EFFECT:952	Leukorrhea	Side_Effect::C0023533	MATCHED
SIDE_EFFECT:953	Vaginal discharge	Side_Effect::C0227791	MATCHED
SIDE_EFFECT:954	Hepatic neoplasm	Side_Effect::C0023903	MATCHED
SIDE_EFFECT:955	Breast mass	Side_Effect::C0024103	MATCHED
SIDE_EFFECT:956	Breast pain	Side_Effect::C0024902	MATCHED
SIDE_EFFECT:957	Chloasma	Side_Effect::C0025218	MATCHED
SIDE_EFFECT:958	Meningioma	Side_Effect::C0025286	MATCHED
SIDE_EFFECT:959	Menorrhagia	Side_Effect::C0025323	MATCHED
SIDE_EFFECT:96	Hypoaesthesia	Side_Effect::C0020580	MATCHED
SIDE_EFFECT:960	Nail disorder	Side_Effect::C0027339	MATCHED
SIDE_EFFECT:961	Optic neuritis	Side_Effect::C0029134	MATCHED
SIDE_EFFECT:962	Otitis media	Side_Effect::C0029882	MATCHED
SIDE_EFFECT:963	Porphyrin metabolism disorder	Side_Effect::C0032708	MATCHED
SIDE_EFFECT:964	Anal pruritus	Side_Effect::C0033775	MATCHED
SIDE_EFFECT:965	Pruritus genital	Side_Effect::C0033777	MATCHED
SIDE_EFFECT:966	Anorectal discomfort	Side_Effect::C2242737	MATCHED
SIDE_EFFECT:967	Purpura	Side_Effect::C0034150	MATCHED
SIDE_EFFECT:968	Vascular purpura	Side_Effect::C1368065	MATCHED
SIDE_EFFECT:969	Retinal vein occlusion	Side_Effect::C0035328	MATCHED
SIDE_EFFECT:97	Leukocytosis	Side_Effect::C0023518	MATCHED
SIDE_EFFECT:970	Pigmentation skin	Side_Effect::C0037290	MATCHED
SIDE_EFFECT:971	Pigmentation disorder	Side_Effect::C0549567	MATCHED
SIDE_EFFECT:972	Thrombosis	Side_Effect::C0040053	MATCHED
SIDE_EFFECT:973	Uterine leiomyoma	Side_Effect::C0042133	MATCHED
SIDE_EFFECT:974	Uterine haemorrhage	Side_Effect::C0042134	MATCHED
SIDE_EFFECT:975	Vaginal disorder	Side_Effect::C0042251	MATCHED
SIDE_EFFECT:976	Vaginal itching	Side_Effect::C0042256	MATCHED
SIDE_EFFECT:977	Vulvovaginal pruritus	Side_Effect::C1112214	MATCHED
SIDE_EFFECT:978	Varicose vein	Side_Effect::C0042345	MATCHED
SIDE_EFFECT:979	Viral infection	Side_Effect::C0042769	MATCHED
SIDE_EFFECT:98	Neoplasm	Side_Effect::C0027651	MATCHED
SIDE_EFFECT:980	Disorder sight	Side_Effect::C0042790	MATCHED
SIDE_EFFECT:981	Vulval disorder	Side_Effect::C0042994	MATCHED
SIDE_EFFECT:982	Vulvovaginitis	Side_Effect::C0042998	MATCHED
SIDE_EFFECT:983	Breast engorgement	Side_Effect::C0085688	MATCHED
SIDE_EFFECT:984	Breast discharge	Side_Effect::C0149741	MATCHED
SIDE_EFFECT:985	Deep vein thrombosis	Side_Effect::C0149871	MATCHED
SIDE_EFFECT:986	Endometrial disorder	Side_Effect::C0151622	MATCHED
SIDE_EFFECT:987	Glucose tolerance decreased	Side_Effect::C0151671	MATCHED
SIDE_EFFECT:988	Liver function test abnormal	Side_Effect::C0151766	MATCHED
SIDE_EFFECT:989	Bone pain	Side_Effect::C0151825	MATCHED
SIDE_EFFECT:99	Nervous system disorder	Side_Effect::C0027765	MATCHED
SIDE_EFFECT:990	Phosphatase alkaline increased	Side_Effect::C0151849	MATCHED
SIDE_EFFECT:991	Blood alkaline phosphatase increased	Side_Effect::C0852911	MATCHED
SIDE_EFFECT:992	Uterine enlargement	Side_Effect::C0151994	MATCHED
SIDE_EFFECT:993	Withdrawal bleed	Side_Effect::C0152010	MATCHED
SIDE_EFFECT:994	Uterine cancer	Side_Effect::C0153567	MATCHED
SIDE_EFFECT:995	Benign vaginal neoplasm	Side_Effect::C0154002	MATCHED
SIDE_EFFECT:996	Porphyria cutanea tarda	Side_Effect::C0162566	MATCHED
SIDE_EFFECT:997	Porphyria non-acute	Side_Effect::C0853026	MATCHED
SIDE_EFFECT:998	Allergic contact dermatitis	Side_Effect::C0162820	MATCHED
SIDE_EFFECT:999	Reproductive tract disorder	Side_Effect::C0178829	MATCHED
